Loaded 5210 packets from Packets/EQemu6.pcapng.
Packet#	Optcode	Length	First 10 Bytes			Time
0	0x100	24	00 01 00 00 00 03 0e 65 d6 f8	1746084854.715194002
1	0x200	18	00 02 0e 65 d6 f8 ff ff ff ff	1746084854.738633232
2	0x900	20	00 09 00 00 01 00 02 00 00 00	1746084854.757300971
3	0x300	33	00 03 04 00 15 00 00 17 00 09	1746084854.803211859
4	0x300	50	00 03 04 00 15 00 00 28 00 09	1746084854.810387252
5	0x1500	18	00 15 00 01 ae f2 00 00 00 00	1746084854.836174039
6	0x900	98	00 09 00 01 18 00 03 00 00 00	1746084854.877629103
7	0x300	26	00 03 04 00 15 00 01 10 00 09	1746084854.886142719
8	0x900	98	00 09 00 01 18 00 03 00 00 00	1746084854.893578793
9	0x1500	6	00 15 00 01 ae f2	1746084854.899047316
10	0x1500	18	00 15 00 02 ff 48 00 00 00 00	1746084854.909997269
11	0x900	84	00 09 00 02 19 00 04 00 00 00	1746084854.925696683
12	0x1500	6	00 15 00 02 ff 48	1746084854.933300889
13	0x900	84	00 09 00 02 19 00 04 00 00 00	1746084854.941553068
14	0x1500	6	00 15 00 02 ff 48	1746084854.962002419
15	0x900	22	00 09 00 03 0d 00 05 00 00 00	1746084856.51588764
16	0x300	36	00 03 04 00 15 00 03 1a 00 09	1746084856.564117826
17	0x1500	6	00 15 00 03 cf de	1746084856.56638746
18	0x900	28	00 09 00 03 22 00 05 00 00 00	1746084856.580013575
19	0x300	26	00 03 04 00 15 00 03 10 00 09	1746084856.666904577
20	0x500	10	00 05 0e 65 d6 f8 00 06 28 0d	1746084856.667082308
21	0x1500	18	00 15 00 04 5a 7d 00 00 00 00	1746084856.687921815
22	0x500	18	00 05 0e 65 d6 f8 16 c0 00 00	1746084856.687922382
25	0x500	18	00 05 0e 65 d6 f8 16 c0 00 00	1746084856.691824345
27	0x100	24	00 01 00 00 00 03 12 31 08 65	1746084858.493386597
28	0x200	18	00 02 12 31 08 65 ff ff ff ff	1746084858.516627466
29	0x700	42	00 07 1d dc 00 00 00 00 00 00	1746084858.534503897
30	0x900	472	00 09 00 00 09 7a 38 31 00 32	1746084858.555207482
31	0x800	42	00 08 1d dc 00 00 00 01 00 00	1746084858.556380578
32	0x300	97	00 03 04 00 15 00 00 57 00 09	1746084858.579512127
33	0xd00	511	00 0d 00 01 00 00 02 32 eb 7c	1746084858.587656319
34	0xd00	67	00 0d 00 02 00 00 00 00 00 00	1746084858.587836608
35	0xd00	511	00 0d 00 03 00 00 02 22 99 74	1746084858.588273572
36	0x300	286	00 03 31 00 0d 00 04 00 00 00	1746084858.588349912
37	0xd00	511	00 0d 00 0a 00 00 04 66 7b 05	1746084858.588350077
38	0xd00	511	00 0d 00 0b 00 0d 00 00 00 01	1746084858.588352161
39	0xd00	126	00 0d 00 0c af 60 01 00 06 12	1746084858.588352294
40	0x900	293	00 09 00 0d d2 00 01 00 00 00	1746084858.588352482
41	0x1500	6	00 15 00 0d e2 d9	1746084858.661839349
42	0x900	280	00 09 00 01 99 74 00 00 00 00	1746084858.6621852
43	0x1500	18	00 15 00 01 ae f2 00 00 00 00	1746084858.703713903
44	0xd00	512	00 0d 00 02 00 00 08 0a 13 0f	1746084858.766236035
45	0xd00	512	00 0d 00 03 8d f3 15 00 38 e1	1746084858.766398792
46	0xd00	512	00 0d 00 04 20 00 31 d8 18 00	1746084858.766541326
47	0xd00	512	00 0d 00 05 9e 00 57 e8 8a 08	1746084858.766679538
48	0xd00	44	00 0d 00 06 14 88 01 c6 44 24	1746084858.786950428
49	0xd00	512	00 0d 00 07 00 00 08 0a 8d 4b	1746084858.787046097
50	0xd00	512	00 0d 00 08 0c 9d 00 00 ca d3	1746084858.787134121
51	0xd00	512	00 0d 00 09 01 00 98 a7 00 00	1746084858.787214939
52	0xd00	512	00 0d 00 0a 33 33 30 5e 5e 31	1746084858.787293289
53	0xd00	44	00 0d 00 0b 30 5e 37 5e 33 33	1746084858.787378074
54	0xd00	512	00 0d 00 0c 00 00 08 0a 8d 29	1746084858.787455938
55	0xd00	512	00 0d 00 0d 56 34 00 00 36 0c	1746084858.787547862
56	0xd00	512	00 0d 00 0e 00 00 9e 0b 00 00	1746084858.787629146
57	0xd00	512	00 0d 00 0f 34 34 30 5e 32 32	1746084858.787706313
58	0x300	19	00 03 04 00 11 00 03 04 00 11	1746084858.797424087
59	0x300	24	00 03 04 00 11 00 06 04 00 11	1746084858.813569286
60	0xd00	44	00 0d 00 10 35 5e 38 5e 39 5e	1746084858.828194987
61	0xd00	512	00 0d 00 02 00 00 08 0a 13 0f	1746084858.82828219
62	0x300	34	00 03 04 00 11 00 0a 04 00 11	1746084858.829681478
63	0x300	18	00 03 04 00 11 00 10 04 00 15	1746084858.861220588
64	0x300	74	00 03 04 00 15 00 03 04 00 15	1746084858.8776229
67	0x600	18	00 06 5a ca 00 00 00 00 00 00	1746084867.919535207
68	0x700	42	00 07 44 f1 00 00 00 28 00 00	1746084868.540031795
69	0x800	42	00 08 44 f1 00 00 00 01 00 00	1746084868.562186266
70	0x300	116	00 03 10 00 09 00 11 00 19 06	1746084869.168470769
71	0x300	18	00 03 04 00 15 00 11 04 00 15	1746084869.195293849
72	0x600	18	00 06 5a ca 00 00 00 00 00 00	1746084878.262131958
73	0x900	80	00 09 00 13 8f 57 48 61 72 6f	1746084880.072228245
74	0x1500	18	00 15 00 13 df ba 00 00 00 00	1746084880.108913878
75	0x300	307	00 03 39 00 09 00 0e 22 0c 57	1746084880.140279032
76	0x300	307	00 03 39 00 09 00 0e 22 0c 57	1746084880.156272275
77	0x100	24	00 01 00 00 00 03 27 e7 6d 4b	1746084880.178351153
78	0x200	18	00 02 27 e7 6d 4b 00 00 00 00	1746084880.223847167
79	0x300	16	00 03 04 00 15 00 11 06 00 09	1746084880.321707932
80	0x1500	18	00 15 00 14 4a 19 00 00 00 00	1746084880.349475498
81	0x500	18	00 05 12 31 08 65 7f e3 00 00	1746084880.349476223
82	0x100	24	00 01 00 00 00 03 28 22 ec a3	1746084880.413693304
83	0x200	18	00 02 28 22 ec a3 ff ff ff ff	1746084880.464447184
84	0x700	21	00 07 5a 78 9c 2b 9e c8 80 1b	1746084880.476107768
85	0x800	28	00 08 5a 58 09 2b 9e c8 c0 c0	1746084880.499940304
86	0x300	99	00 03 a5 0a 00 09 00 00 1d 47	1746084880.559709796
87	0x900	45	00 09 00 00 01 00 53 4f 45 2e	1746084880.560391861
88	0x1500	18	00 15 00 00 be f2 00 00 00 00	1746084880.590668035
89	0x300	18	00 03 a5 04 00 15 00 00 04 00	1746084880.594882181
90	0xd00	94	00 0d 5a 58 09 63 00 02 0f 05	1746084880.59966524
91	0xd00	103	00 0d 5a 58 09 63 60 64 18 48	1746084880.599665921
92	0xd00	79	00 0d 5a 58 09 63 60 62 60 60	1746084880.599666585
93	0xd00	20	00 0d 5a 58 09 63 60 66 18 05	1746084880.599948979
94	0xd00	20	00 0d 5a 58 09 63 60 61 18 05	1746084880.60011437
95	0xd00	20	00 0d 5a 58 09 63 60 65 18 05	1746084880.60011453
96	0xd00	20	00 0d 5a 58 09 63 60 63 18 05	1746084880.600114681
97	0xd00	20	00 0d 5a 58 09 63 60 67 18 05	1746084880.600114833
98	0xd00	20	00 0d 5a 58 09 63 e0 60 18 05	1746084880.600114985
99	0xd00	97	00 0d 5a 58 09 63 e0 64 a0 16	1746084880.600115135
100	0xd00	38	00 0d 5a 58 09 63 e0 62 60 60	1746084880.600115291
101	0xd00	20	00 0d 5a 58 09 63 e0 66 18 05	1746084880.600115443
102	0xd00	31	00 0d 5a 58 09 63 e0 61 18 05	1746084880.600154447
103	0xd00	28	00 0d 5a 58 09 63 e0 65 18 05	1746084880.600937123
104	0xd00	21	00 0d 5a 58 09 63 e0 fb 3f 0a	1746084880.601113117
105	0xd00	21	00 0d 5a 58 09 63 e0 ff 3f 0a	1746084880.601113289
106	0xd00	21	00 0d 5a 58 09 63 10 f8 3f 0a	1746084880.601113466
107	0xd00	21	00 0d 5a 58 09 63 10 fc 3f 0a	1746084880.601113617
108	0xd00	21	00 0d 5a 58 09 63 10 fa 3f 0a	1746084880.601113772
109	0xd00	50	00 0d 5a 58 09 63 10 fe 3f b4	1746084880.601113922
110	0xd00	39	00 0d 5a 58 09 63 10 61 20 1b	1746084880.601114081
111	0xd00	40	00 0d 5a 58 09 63 10 65 20 04	1746084880.601114231
112	0xd00	40	00 0d 5a 58 09 63 10 63 80 82	1746084880.601183707
113	0xd00	40	00 0d 5a 58 09 63 10 ff ff ff	1746084880.60118386
114	0xd00	40	00 0d 5a 58 09 63 90 60 20 0a	1746084880.601184014
115	0xd00	39	00 0d 5a 58 09 63 90 64 40 06	1746084880.601184164
116	0xd00	74	00 0d 5a 58 09 63 90 62 60 60	1746084880.601184318
117	0xd00	47	00 0d 5a 58 09 63 90 66 60 60	1746084880.601184475
118	0xd00	167	00 0d 5a 58 09 63 90 61 f8 ff	1746084880.601184623
119	0xd00	32	00 0d 5a 58 09 63 90 fd ff 9f	1746084880.601184805
120	0xd00	20	00 0d 5a 58 09 63 90 63 18 05	1746084880.601224956
121	0xd00	38	00 0d 5a 58 09 63 90 67 a0 3a	1746084880.601225191
122	0xd00	20	00 0d 5a 58 09 63 50 60 18 05	1746084880.601227198
123	0xd00	20	00 0d 5a 58 09 63 50 64 18 05	1746084880.60122735
124	0xd00	26	00 0d 5a 58 09 63 50 62 18 c1	1746084880.601391289
125	0xd00	20	00 0d 5a 58 09 63 50 66 18 05	1746084880.601391446
126	0xd00	20	00 0d 5a 58 09 63 50 61 18 05	1746084880.6013916
127	0x900	138	00 09 5a 58 09 63 50 ed 0c f0	1746084880.601391753
128	0x900	146	00 09 5a 58 09 63 50 eb 0c 50	1746084880.601391904
129	0x900	170	00 09 5a 58 09 63 50 ef 0c 50	1746084880.601392058
130	0x900	125	00 09 5a 58 09 63 d0 e8 0c 48	1746084880.601392207
131	0x900	142	00 09 5a 58 09 63 d0 ec 0c 48	1746084880.601392362
132	0x900	162	00 09 5a 58 09 63 d0 ea 0c 08	1746084880.601437109
133	0x900	157	00 09 5a 58 09 63 d0 ee 0c 70	1746084880.601437266
134	0x900	154	00 09 5a 58 09 63 d0 e9 0c 70	1746084880.601439341
135	0x900	164	00 09 5a 58 09 63 d0 ed 0c 08	1746084880.601439489
136	0x900	131	00 09 5a 58 09 63 d0 eb 0c 48	1746084880.601650942
137	0x900	143	00 09 5a 58 09 63 d0 ef 0c f0	1746084880.601651099
138	0x900	132	00 09 5a 58 09 63 30 e8 0c 48	1746084880.601651246
139	0x900	132	00 09 5a 58 09 63 30 ec 0c 48	1746084880.601651398
140	0x900	146	00 09 5a 58 09 63 30 ea 0c 48	1746084880.601651553
141	0x900	127	00 09 5a 58 09 63 30 ee 0c 48	1746084880.601651704
142	0x900	131	00 09 5a 58 09 63 30 e9 0c 48	1746084880.601651856
143	0x900	131	00 09 5a 58 09 63 30 ed 0c 48	1746084880.601652038
144	0x900	133	00 09 5a 58 09 63 30 eb 0c 48	1746084880.60171028
145	0x900	133	00 09 5a 58 09 63 30 ef 0c 48	1746084880.601710434
146	0x900	143	00 09 5a 58 09 63 b0 e8 0c 48	1746084880.601712358
147	0x900	152	00 09 5a 58 09 63 b0 ec 0c 48	1746084880.601712505
148	0x900	159	00 09 5a 58 09 63 b0 ea 0c 48	1746084880.601804557
149	0x900	159	00 09 5a 58 09 63 b0 ee 0c 48	1746084880.601804682
150	0x900	143	00 09 5a 58 09 63 b0 e9 0c 48	1746084880.601804831
151	0x900	143	00 09 5a 58 09 63 b0 ed 0c 48	1746084880.602370263
152	0x900	135	00 09 5a 58 09 63 b0 eb 0c 48	1746084880.602516763
153	0x900	155	00 09 5a 58 09 63 b0 ef 0c 48	1746084880.602516943
154	0x900	155	00 09 5a 58 09 63 70 e8 0c 48	1746084880.602517124
155	0x900	132	00 09 5a 58 09 63 70 ec 0c 48	1746084880.602517273
156	0x900	129	00 09 5a 58 09 63 70 ea 0c 48	1746084880.602532481
157	0x900	143	00 09 5a 58 09 63 70 ee 0c 48	1746084880.602532626
158	0x900	139	00 09 5a 58 09 63 70 e9 0c 48	1746084880.602532785
159	0x900	133	00 09 5a 58 09 63 70 ed 0c 48	1746084880.602532935
160	0x900	132	00 09 5a 58 09 63 70 eb 0c 48	1746084880.602579577
161	0x900	160	00 09 5a 58 09 63 70 ef 0c 70	1746084880.602579755
162	0x900	139	00 09 5a 58 09 63 f0 e8 0c 48	1746084880.602581727
163	0x900	138	00 09 5a 58 09 63 f0 ec 0c 48	1746084880.602768737
164	0x900	139	00 09 5a 58 09 63 f0 ea 0c 48	1746084880.602768925
165	0x900	134	00 09 5a 58 09 63 f0 ee 0c 50	1746084880.602769113
166	0x900	139	00 09 5a 58 09 63 f0 e9 0c 48	1746084880.602769267
167	0x900	139	00 09 5a 58 09 63 f0 ed 0c 48	1746084880.602769417
168	0x900	139	00 09 5a 58 09 63 f0 eb 0c 48	1746084880.602769571
169	0x900	139	00 09 5a 58 09 63 f0 ef 0c 48	1746084880.604054272
170	0x900	140	00 09 5a 58 09 63 08 e8 0c 50	1746084880.60420705
171	0x900	139	00 09 5a 58 09 63 08 ec 0c 48	1746084880.604207312
172	0x900	144	00 09 5a 58 09 63 08 ea 0c 48	1746084880.604207466
173	0x900	143	00 09 5a 58 09 63 08 ee 0c 48	1746084880.604207646
174	0x900	136	00 09 5a 58 09 63 08 e9 0c 48	1746084880.6042078
175	0x900	143	00 09 5a 58 09 63 08 ed 0c 48	1746084880.604207957
176	0x900	133	00 09 5a 58 09 63 08 eb 0c 50	1746084880.604208108
177	0x900	139	00 09 5a 58 09 63 08 ef 0c 48	1746084880.604208262
178	0x900	143	00 09 5a 58 09 63 88 e8 0c 48	1746084880.604449404
179	0x900	141	00 09 5a 58 09 63 88 ec 0c 48	1746084880.60444965
180	0x900	135	00 09 5a 58 09 63 88 ea 0c 48	1746084880.604449833
181	0x900	138	00 09 5a 58 09 63 88 ee 0c 48	1746084880.604449987
182	0x900	139	00 09 5a 58 09 63 88 e9 0c 48	1746084880.604450143
183	0x900	144	00 09 5a 58 09 63 88 ed 0c 48	1746084880.604450299
184	0x900	136	00 09 5a 58 09 63 88 eb 0c 48	1746084880.604450452
185	0x900	142	00 09 5a 58 09 63 88 ef 0c 48	1746084880.604450609
186	0x900	143	00 09 5a 58 09 63 48 e8 0c 48	1746084880.604486285
187	0x900	136	00 09 5a 58 09 63 48 ec 0c 48	1746084880.604573965
188	0x900	133	00 09 5a 58 09 63 48 ea 0c 48	1746084880.60457415
189	0x900	135	00 09 5a 58 09 63 48 ee 0c 48	1746084880.604574304
190	0x900	137	00 09 5a 58 09 63 48 e9 0c 48	1746084880.604574457
191	0x900	160	00 09 5a 58 09 63 48 ed 0c 48	1746084880.604574607
192	0x900	134	00 09 5a 58 09 63 48 eb 0c 48	1746084880.60482941
193	0x900	138	00 09 5a 58 09 63 48 ef 0c 48	1746084880.604829581
194	0x900	130	00 09 5a 58 09 63 c8 e8 0c 48	1746084880.604829732
195	0x900	137	00 09 5a 58 09 63 c8 ec 0c 48	1746084880.604829883
196	0x900	137	00 09 5a 58 09 63 c8 ea 0c 48	1746084880.604830038
197	0x900	134	00 09 5a 58 09 63 c8 ee 0c 48	1746084880.604830195
198	0x900	137	00 09 5a 58 09 63 c8 e9 0c 48	1746084880.604830345
199	0x900	137	00 09 5a 58 09 63 c8 ed 0c 48	1746084880.604830523
200	0x900	160	00 09 5a 58 09 63 c8 eb 0c 48	1746084880.604878136
201	0x900	129	00 09 5a 58 09 63 c8 ef 0c 48	1746084880.604878349
202	0x900	151	00 09 5a 58 09 63 28 e8 0c 48	1746084880.604878539
203	0x900	130	00 09 5a 58 09 63 28 ec 0c 48	1746084880.605415742
204	0x900	134	00 09 5a 58 09 63 28 ea 0c 48	1746084880.605416201
205	0x900	134	00 09 5a 58 09 63 28 ee 0c 48	1746084880.605416355
206	0x900	130	00 09 5a 58 09 63 28 e9 0c 48	1746084880.605416515
207	0x900	137	00 09 5a 58 09 63 28 ed 0c 48	1746084880.605416671
208	0x900	129	00 09 5a 58 09 63 28 eb 0c 48	1746084880.605416825
209	0x900	132	00 09 5a 58 09 63 28 ef 0c 48	1746084880.605416981
210	0x900	128	00 09 5a 58 09 63 a8 e8 0c 48	1746084880.60541714
211	0x900	135	00 09 5a 58 09 63 a8 ec 0c 48	1746084880.605479918
212	0x900	134	00 09 5a 58 09 63 a8 ea 0c 50	1746084880.605480098
213	0x900	133	00 09 5a 58 09 63 a8 ee 0c 48	1746084880.605482111
214	0x900	130	00 09 5a 58 09 63 a8 e9 0c 48	1746084880.605482264
215	0x900	139	00 09 5a 58 09 63 a8 ed 0c 48	1746084880.605482418
216	0x900	136	00 09 5a 58 09 63 a8 eb 0c 48	1746084880.605482569
217	0x900	131	00 09 5a 58 09 63 a8 ef 0c 48	1746084880.606494935
218	0x900	128	00 09 5a 58 09 63 68 e8 0c 48	1746084880.606660132
219	0x900	128	00 09 5a 58 09 63 68 ec 0c 48	1746084880.606660302
220	0x900	138	00 09 5a 58 09 63 68 ea 0c 48	1746084880.606660449
221	0x900	128	00 09 5a 58 09 63 68 ee 0c 48	1746084880.606660606
222	0x900	130	00 09 5a 58 09 63 68 e9 0c 48	1746084880.60666076
223	0x900	128	00 09 5a 58 09 63 68 ed 0c 48	1746084880.606660908
224	0x900	134	00 09 5a 58 09 63 68 eb 0c 48	1746084880.606661065
225	0x900	130	00 09 5a 58 09 63 68 ef 0c 48	1746084880.606661214
226	0x900	138	00 09 5a 58 09 63 e8 e8 0c 48	1746084880.606705981
227	0x900	135	00 09 5a 58 09 63 e8 ec 0c 48	1746084880.606706133
228	0x900	144	00 09 5a 58 09 63 e8 ea 0c 48	1746084880.606708182
229	0x900	133	00 09 5a 58 09 63 e8 ee 0c 48	1746084880.60690038
230	0x900	143	00 09 5a 58 09 63 e8 e9 0c 48	1746084880.606900542
231	0x900	128	00 09 5a 58 09 63 e8 ed 0c 48	1746084880.606900718
232	0x900	133	00 09 5a 58 09 63 e8 eb 0c 48	1746084880.606900875
233	0x900	136	00 09 5a 58 09 63 e8 ef 0c 48	1746084880.606901028
234	0x900	137	00 09 5a 58 09 63 98 d0 19 90	1746084880.606901176
235	0x900	138	00 09 5a 58 09 63 98 d8 19 90	1746084880.606901333
236	0x900	130	00 09 5a 58 09 63 98 d4 19 90	1746084880.606901511
237	0x900	140	00 09 5a 58 09 63 98 dc 19 90	1746084880.606936046
238	0x900	137	00 09 5a 58 09 63 98 d2 19 90	1746084880.607129767
239	0x900	136	00 09 5a 58 09 63 98 da 19 90	1746084880.607129912
240	0x900	138	00 09 5a 58 09 63 98 d6 19 90	1746084880.607130059
241	0x900	137	00 09 5a 58 09 63 98 de 19 90	1746084880.60713021
242	0x900	136	00 09 5a 58 09 63 98 d1 19 90	1746084880.607130362
243	0x900	136	00 09 5a 58 09 63 98 d9 19 90	1746084880.607130514
244	0x900	137	00 09 5a 58 09 63 98 d5 19 90	1746084880.607189455
245	0x900	137	00 09 5a 58 09 63 98 dd 19 90	1746084880.60718961
246	0x900	137	00 09 5a 58 09 63 98 d3 19 90	1746084880.607189759
247	0x900	137	00 09 5a 58 09 63 98 db 19 90	1746084880.607189916
248	0x900	135	00 09 5a 58 09 63 98 d7 19 90	1746084880.607190065
249	0x900	136	00 09 5a 58 09 63 98 df 19 90	1746084880.607190217
250	0x900	136	00 09 5a 58 09 63 58 d0 19 90	1746084880.607190374
251	0x900	143	00 09 5a 58 09 63 58 d8 19 10	1746084880.607190554
252	0x900	153	00 09 5a 58 09 63 58 d4 19 10	1746084880.60738479
253	0x900	135	00 09 5a 58 09 63 58 dc 19 10	1746084880.607384953
254	0x900	144	00 09 5a 58 09 63 58 d2 19 90	1746084880.607385104
255	0x900	143	00 09 5a 58 09 63 58 da 19 90	1746084880.607385256
256	0x900	158	00 09 5a 58 09 63 58 d6 19 90	1746084880.607385415
257	0x900	128	00 09 5a 58 09 63 58 de 19 90	1746084880.607812504
258	0x900	133	00 09 5a 58 09 63 58 d1 19 90	1746084880.607812666
259	0x900	148	00 09 5a 58 09 63 58 d9 19 90	1746084880.607812819
260	0x900	134	00 09 5a 58 09 63 58 d5 19 90	1746084880.607812971
261	0x300	59	00 03 5a 58 09 e3 63 e0 64 58	1746084880.607813128
262	0xd00	169	00 0d 5a 58 09 63 58 c7 c0 20	1746084880.607813279
263	0xd00	67	00 0d 5a 58 09 63 58 cf 80 0f	1746084880.607813436
264	0xd00	131	00 0d 5a 58 09 63 d8 c0 00 06	1746084880.607813586
265	0xd00	86	00 0d 5a 58 09 63 d8 c8 00 02	1746084880.608491191
266	0xd00	126	00 0d 5a 58 09 63 d8 94 93 cd	1746084880.60866813
267	0xd00	120	00 0d 5a 58 09 63 d8 cc 80 0f	1746084880.608668254
268	0xd00	91	00 0d 5a 58 09 63 d8 c2 80 04	1746084880.608668412
269	0xd00	122	00 0d 5a 58 09 63 d8 ca 80 0e	1746084880.608668559
270	0xd00	74	00 0d 5a 58 09 63 d8 c6 00 02	1746084880.608668716
271	0xd00	130	00 0d 5a 58 09 63 d8 ce 40 23	1746084880.60866887
272	0xd00	57	00 0d 5a 58 09 63 d8 c1 80 03	1746084880.608669023
273	0x300	56	00 03 5a 58 09 33 67 e0 65 d8	1746084880.608669175
274	0xd00	88	00 0d 5a 58 09 63 d8 c3 c0 c0	1746084880.608713669
275	0xd00	143	00 0d 5a 58 09 63 d8 eb cc c0	1746084880.60871385
276	0x300	131	00 03 5a 58 09 93 fa 53 3b 97	1746084880.60871587
277	0x900	40	00 09 00 00 01 01 01 00 00 00	1746084880.609244766
278	0xa5fc	29	fc a5 7d e4 00 00 00 00 00 fd	1746084880.617831462
279	0xa5fc	29	fc a5 7d e5 00 00 00 00 70 f3	1746084880.647277656
280	0xa5fc	29	fc a5 7d d2 02 00 00 00 90 f8	1746084880.736656584
281	0x300	101	00 03 5a 58 09 93 fa 53 bb 81	1746084880.746465323
282	0x300	31	00 03 a5 04 00 15 00 bd 14 00	1746084880.760215953
283	0xa5fc	29	fc a5 7d a5 00 00 00 00 d0 e3	1746084880.777892312
284	0x1500	18	00 15 a5 00 02 a6 f5 00 00 00	1746084880.793354533
285	0x300	51	00 03 5a 58 09 93 fa 53 7b 98	1746084880.809614346
286	0x300	28	00 03 04 00 15 00 00 12 00 09	1746084881.123027423
287	0x300	44	00 03 5a 58 09 93 fa 53 7b 80	1746084881.125139836
288	0x300	187	00 03 5a 58 09 73 64 e0 64 d8	1746084881.12522169
289	0x900	68	00 09 a5 00 be 24 10 00 00 00	1746084881.126043215
290	0x1500	18	00 15 00 01 8e 64 00 00 00 00	1746084881.151971131
291	0x300	44	00 03 5a 58 09 93 fa 53 7b 92	1746084881.17249433
292	0x900	22	00 09 00 01 0d 30 00 32 35 30	1746084881.1843686
293	0x900	22	00 09 00 01 0d 30 00 32 35 30	1746084881.200557076
294	0x300	76	00 03 5a 58 09 93 fa 53 7b 80	1746084881.204720893
295	0xa5fc	29	fc a5 7d b0 00 00 00 00 c0 42	1746084881.270124488
296	0x300	17	00 03 a5 04 00 15 00 be 06 00	1746084881.294022685
297	0x1500	18	00 15 a5 00 03 96 63 00 00 00	1746084881.317258231
298	0x300	43	00 03 5a 58 09 93 fa 53 bb 80	1746084881.334220306
299	0x300	51	00 03 5a 58 09 93 fa 53 7b 8a	1746084881.39853439
300	0x300	44	00 03 5a 58 09 93 fa 53 bb 89	1746084881.430721642
301	0x300	41	00 03 5a 58 09 93 fa 53 3b 9f	1746084881.463152297
302	0x300	41	00 03 5a 58 09 93 fa 53 7b 8a	1746084881.532111539
303	0x300	71	00 03 5a 58 09 93 fa 53 3b 8b	1746084881.532111746
304	0x300	96	00 03 5a 58 09 93 fa 53 3b 87	1746084881.560328804
305	0xa5fc	29	fc a5 7d 3c 01 00 00 00 80 1e	1746084881.592637775
306	0x300	41	00 03 5a 58 09 93 fa 53 bb 81	1746084881.624742374
307	0x300	54	00 03 5a 58 09 93 fa 53 3b 8b	1746084881.689059312
308	0xa5fc	29	fc a5 7d 3d 01 00 00 00 c0 41	1746084881.720409356
309	0x300	67	00 03 5a 58 09 93 fa 53 3b 8b	1746084881.75284684
310	0xa5fc	29	fc a5 7d d1 02 00 00 00 a0 da	1746084881.816966496
311	0x300	41	00 03 5a 58 09 93 fa 53 bb 94	1746084881.913622893
312	0x300	44	00 03 5a 58 09 93 fa 53 7b 80	1746084882.154422208
313	0x500	18	00 05 12 31 08 65 7f e3 00 00	1746084882.460677253
315	0x300	68	00 03 5a 58 09 93 fa 53 7b 91	1746084882.461876796
316	0x300	65	00 03 5a 58 09 93 fa 53 6b c3	1746084882.542099038
317	0xa5fc	29	fc a5 7d 9d 00 00 00 00 c0 2d	1746084882.638683911
318	0xa5fc	29	fc a5 7d 9d 00 00 00 00 c0 2d	1746084882.870429314
319	0x900	22	00 09 00 01 0d 30 00 32 35 30	1746084882.9485918
320	0x300	44	00 03 5a 58 09 93 fa 53 bb 81	1746084882.961150494
321	0xa5fc	29	fc a5 7d c2 00 00 00 00 80 25	1746084883.025725716
322	0xa5fc	29	fc a5 7d d1 02 00 00 00 70 d4	1746084883.58810593
323	0x300	44	00 03 5a 58 09 93 fa 53 7b 8a	1746084883.607648816
324	0x300	46	00 03 5a 58 09 93 fa 53 7b 91	1746084883.671802625
325	0xa5fc	29	fc a5 7d 3c 01 00 00 00 40 24	1746084883.73618881
326	0x300	35	00 03 a5 10 00 09 00 04 00 19	1746084883.739388209
327	0x300	42	00 03 a5 1a fc 7d ca 00 00 00	1746084883.770598912
328	0x300	110	00 03 5a 58 09 eb 62 e0 64 d8	1746084883.792458958
329	0x900	158	00 09 5a 58 09 63 38 b8 35 ed	1746084883.792459139
330	0x300	192	00 03 5a 58 09 5b c5 c0 c9 70	1746084883.793104941
331	0x300	158	00 03 5a 58 09 ab 62 e0 64 38	1746084883.793181158
332	0x300	245	00 03 5a 58 09 fb c5 c0 c9 70	1746084883.79318122
333	0x300	214	00 03 5a 58 09 ab 62 e0 64 38	1746084883.793181281
334	0x300	198	00 03 5a 58 09 eb 62 e0 64 38	1746084883.793181331
335	0x300	253	00 03 5a 58 09 ab 62 e0 64 b8	1746084883.793181382
336	0x300	180	00 03 5a 58 09 ab 62 e0 64 b8	1746084883.793181433
337	0x300	226	00 03 5a 58 09 5b c5 c0 c9 70	1746084883.793181484
338	0x300	226	00 03 5a 58 09 5b c5 c0 c9 70	1746084883.793181535
339	0x300	242	00 03 5a 58 09 eb 62 e0 64 b8	1746084883.793343088
340	0x300	198	00 03 5a 58 09 ab 62 e0 64 78	1746084883.793343159
341	0x300	159	00 03 5a 58 09 eb 62 e0 64 78	1746084883.793343221
342	0x300	206	00 03 5a 58 09 7b c5 c0 c9 f0	1746084883.793343272
343	0x900	94	00 09 5a 58 09 63 78 b1 35 2d	1746084883.793343323
344	0x900	157	00 09 5a 58 09 63 78 b9 35 ad	1746084883.793415107
345	0x300	227	00 03 5a 58 09 bb c5 c0 c9 f0	1746084883.793415175
346	0x300	213	00 03 5a 58 09 ab 62 e0 64 78	1746084883.793415246
347	0x300	204	00 03 5a 58 09 eb 62 e0 64 f8	1746084883.793415296
348	0x300	205	00 03 5a 58 09 eb 62 e0 64 f8	1746084883.793415348
349	0x300	156	00 03 5a 58 09 ab 62 e0 64 f8	1746084883.793665531
350	0x300	149	00 03 5a 58 09 ab 62 e0 64 f8	1746084883.79366558
351	0x900	179	00 09 5a 58 09 63 f8 bb 35 2d	1746084883.793665632
352	0x300	144	00 03 5a 58 09 eb 62 e0 64 f8	1746084883.793665683
353	0x300	161	00 03 5a 58 09 fb c5 c0 c9 c8	1746084883.793665735
354	0x900	178	00 09 5a 58 09 63 64 da 9a 16	1746084883.793665785
355	0x300	144	00 03 5a 58 09 eb 62 e0 64 64	1746084883.793665837
356	0x300	185	00 03 5a 58 09 fb c5 c0 c9 c8	1746084883.793665886
357	0x300	228	00 03 5a 58 09 3b c5 c0 c9 c8	1746084883.793678987
358	0x300	176	00 03 5a 58 09 eb 62 e0 64 e4	1746084883.793679038
359	0x300	134	00 03 5a 58 09 eb 62 e0 64 e4	1746084883.793679089
360	0x300	156	00 03 5a 58 09 eb 62 e0 64 14	1746084883.793880707
361	0x300	192	00 03 5a 58 09 7b c5 c0 c9 28	1746084883.794895237
362	0x300	212	00 03 5a 58 09 eb 62 e0 64 14	1746084883.794968786
363	0x300	192	00 03 5a 58 09 ab 62 e0 64 14	1746084883.794968837
364	0x300	140	00 03 5a 58 09 eb 62 e0 64 94	1746084883.794968888
365	0x300	166	00 03 5a 58 09 eb 62 e0 64 94	1746084883.794968939
366	0x300	195	00 03 5a 58 09 eb 62 e0 64 54	1746084883.794968989
367	0x300	208	00 03 5a 58 09 ab 62 e0 64 54	1746084883.79496904
368	0x300	230	00 03 5a 58 09 ab 62 e0 64 54	1746084883.794969091
369	0x300	196	00 03 5a 58 09 eb 62 e0 64 d4	1746084883.794969149
370	0x300	231	00 03 5a 58 09 eb 62 e0 64 d4	1746084883.795124144
371	0x300	193	00 03 5a 58 09 eb 62 e0 64 d4	1746084883.795124205
372	0x300	206	00 03 5a 58 09 eb 62 e0 64 34	1746084883.795124256
373	0x300	152	00 03 5a 58 09 eb 62 e0 64 34	1746084883.795310222
374	0x300	192	00 03 5a 58 09 7b c5 c0 c9 68	1746084883.795310272
375	0x300	205	00 03 5a 58 09 eb 62 e0 64 b4	1746084883.795310325
376	0x300	185	00 03 5a 58 09 ab 62 e0 64 b4	1746084883.795310374
377	0x300	206	00 03 5a 58 09 eb 62 e0 64 b4	1746084883.795310425
378	0x300	205	00 03 5a 58 09 ab 62 e0 64 74	1746084883.795310477
379	0x300	197	00 03 5a 58 09 eb 62 e0 64 74	1746084883.795310527
380	0x300	216	00 03 5a 58 09 eb 62 e0 64 f4	1746084883.795310588
381	0x300	217	00 03 5a 58 09 eb 62 e0 64 f4	1746084883.795322141
382	0x300	161	00 03 5a 58 09 eb 62 e0 64 f4	1746084883.795322192
383	0x300	192	00 03 5a 58 09 ab 62 e0 64 0c	1746084883.795476604
384	0x300	234	00 03 5a 58 09 9b c5 c0 c9 18	1746084883.795476655
385	0x300	197	00 03 5a 58 09 eb 62 e0 64 0c	1746084883.795476711
386	0x300	233	00 03 5a 58 09 eb 62 e0 64 8c	1746084883.795476763
387	0x300	198	00 03 5a 58 09 eb 62 e0 64 8c	1746084883.795476815
388	0x300	219	00 03 5a 58 09 5b c5 c0 c9 98	1746084883.795617052
389	0x300	206	00 03 5a 58 09 ab 62 e0 64 4c	1746084883.795617104
390	0x300	193	00 03 5a 58 09 eb 62 e0 64 4c	1746084883.795617156
391	0x300	191	00 03 5a 58 09 eb 62 e0 64 cc	1746084883.795617207
392	0x300	213	00 03 5a 58 09 eb 62 e0 64 cc	1746084883.795617257
393	0x300	167	00 03 5a 58 09 ab 62 e0 64 cc	1746084883.795617315
394	0x300	138	00 03 5a 58 09 ab 62 e0 64 2c	1746084883.795749931
395	0x900	190	00 09 5a 58 09 63 2c df 9a e6	1746084883.795749992
396	0x300	240	00 03 5a 58 09 ab 62 e0 64 ac	1746084883.795750043
397	0x300	199	00 03 5a 58 09 eb 62 e0 64 ac	1746084883.7957501
398	0x300	209	00 03 5a 58 09 ab 62 e0 64 ac	1746084883.796222605
399	0x300	197	00 03 5a 58 09 eb 62 e0 64 6c	1746084883.796222655
400	0x300	178	00 03 5a 58 09 9b c5 c0 c9 d8	1746084883.796222708
401	0x300	197	00 03 5a 58 09 ab 62 e0 64 ec	1746084883.796222758
402	0x300	170	00 03 5a 58 09 eb 62 e0 64 ec	1746084883.796222809
403	0x300	228	00 03 5a 58 09 ab 62 e0 64 ec	1746084883.796222859
404	0x300	179	00 03 5a 58 09 bb c5 c0 c9 38	1746084883.79622291
405	0x300	205	00 03 5a 58 09 eb 62 e0 64 9c	1746084883.796222962
406	0x300	223	00 03 5a 58 09 eb 62 e0 64 9c	1746084883.796235379
407	0x300	222	00 03 5a 58 09 9b c4 c0 c9 38	1746084883.796235433
408	0x300	209	00 03 5a 58 09 ab 62 e0 64 9c	1746084883.796235482
409	0xd00	75	00 0d 5a 58 09 63 9c cf c0 c0	1746084883.796696174
410	0xd00	21	00 0d 5a 58 09 63 5c c0 30 0a	1746084883.796758204
411	0xd00	21	00 0d 5a 58 09 63 5c c8 30 0a	1746084883.796758264
412	0xd00	21	00 0d 5a 58 09 63 5c c4 30 0a	1746084883.796758315
413	0xd00	21	00 0d 5a 58 09 63 5c cc 30 0a	1746084883.796758367
414	0xd00	21	00 0d 5a 58 09 63 5c c2 30 0a	1746084883.796758417
415	0xd00	21	00 0d 5a 58 09 63 5c ca 30 0a	1746084883.796758469
416	0x300	96	00 03 5a 58 09 4b 66 e0 65 5c	1746084883.800348769
417	0x300	110	00 03 5a 58 09 eb 62 e0 64 d8	1746084883.800944308
418	0x900	158	00 09 5a 58 09 63 38 b8 35 ed	1746084883.800944371
419	0x300	192	00 03 5a 58 09 5b c5 c0 c9 70	1746084883.801389501
420	0x300	158	00 03 5a 58 09 ab 62 e0 64 38	1746084883.801459784
421	0x300	245	00 03 5a 58 09 fb c5 c0 c9 70	1746084883.80145986
422	0x300	214	00 03 5a 58 09 ab 62 e0 64 38	1746084883.801459922
423	0x300	198	00 03 5a 58 09 eb 62 e0 64 38	1746084883.801459973
424	0x300	253	00 03 5a 58 09 ab 62 e0 64 b8	1746084883.801460025
425	0x300	180	00 03 5a 58 09 ab 62 e0 64 b8	1746084883.801460077
426	0x300	226	00 03 5a 58 09 5b c5 c0 c9 70	1746084883.802373301
427	0x300	226	00 03 5a 58 09 5b c5 c0 c9 70	1746084883.802373385
428	0x300	242	00 03 5a 58 09 eb 62 e0 64 b8	1746084883.802373437
429	0x300	198	00 03 5a 58 09 ab 62 e0 64 78	1746084883.802373487
430	0x300	159	00 03 5a 58 09 eb 62 e0 64 78	1746084883.802373538
431	0x300	206	00 03 5a 58 09 7b c5 c0 c9 f0	1746084883.802373589
432	0x900	94	00 09 5a 58 09 63 78 b1 35 2d	1746084883.802373641
433	0x900	157	00 09 5a 58 09 63 78 b9 35 ad	1746084883.80237369
434	0x300	227	00 03 5a 58 09 bb c5 c0 c9 f0	1746084883.802605451
435	0x300	213	00 03 5a 58 09 ab 62 e0 64 78	1746084883.802605515
436	0x300	204	00 03 5a 58 09 eb 62 e0 64 f8	1746084883.802605567
437	0x300	205	00 03 5a 58 09 eb 62 e0 64 f8	1746084883.802605619
438	0x300	156	00 03 5a 58 09 ab 62 e0 64 f8	1746084883.802605669
439	0x300	149	00 03 5a 58 09 ab 62 e0 64 f8	1746084883.802605719
440	0x900	179	00 09 5a 58 09 63 f8 bb 35 2d	1746084883.802605771
441	0x300	144	00 03 5a 58 09 eb 62 e0 64 f8	1746084883.802855154
442	0x300	161	00 03 5a 58 09 fb c5 c0 c9 c8	1746084883.802855209
443	0x900	178	00 09 5a 58 09 63 64 da 9a 16	1746084883.80285526
444	0x300	144	00 03 5a 58 09 eb 62 e0 64 64	1746084883.802855311
445	0x300	185	00 03 5a 58 09 fb c5 c0 c9 c8	1746084883.80285536
446	0x300	228	00 03 5a 58 09 3b c5 c0 c9 c8	1746084883.802855411
447	0x300	176	00 03 5a 58 09 eb 62 e0 64 e4	1746084883.802855463
448	0x300	134	00 03 5a 58 09 eb 62 e0 64 e4	1746084883.802855522
449	0x300	156	00 03 5a 58 09 eb 62 e0 64 14	1746084883.803097444
450	0x300	192	00 03 5a 58 09 7b c5 c0 c9 28	1746084883.803097526
451	0x300	212	00 03 5a 58 09 eb 62 e0 64 14	1746084883.803097574
452	0x300	192	00 03 5a 58 09 ab 62 e0 64 14	1746084883.803097626
453	0x300	140	00 03 5a 58 09 eb 62 e0 64 94	1746084883.803097675
454	0x300	166	00 03 5a 58 09 eb 62 e0 64 94	1746084883.803165016
455	0x300	195	00 03 5a 58 09 eb 62 e0 64 54	1746084883.803165076
456	0x300	208	00 03 5a 58 09 ab 62 e0 64 54	1746084883.80316513
457	0x300	230	00 03 5a 58 09 ab 62 e0 64 54	1746084883.803165179
458	0x300	196	00 03 5a 58 09 eb 62 e0 64 d4	1746084883.80316523
459	0x300	231	00 03 5a 58 09 eb 62 e0 64 d4	1746084883.803165289
460	0x300	193	00 03 5a 58 09 eb 62 e0 64 d4	1746084883.803723355
461	0x300	206	00 03 5a 58 09 eb 62 e0 64 34	1746084883.803723442
462	0x300	152	00 03 5a 58 09 eb 62 e0 64 34	1746084883.803723494
463	0x300	192	00 03 5a 58 09 7b c5 c0 c9 68	1746084883.803723544
464	0x300	205	00 03 5a 58 09 eb 62 e0 64 b4	1746084883.803723596
465	0x300	185	00 03 5a 58 09 ab 62 e0 64 b4	1746084883.803723645
466	0x300	206	00 03 5a 58 09 eb 62 e0 64 b4	1746084883.803723697
467	0x300	205	00 03 5a 58 09 ab 62 e0 64 74	1746084883.803723756
468	0x300	197	00 03 5a 58 09 eb 62 e0 64 74	1746084883.803744403
469	0x300	216	00 03 5a 58 09 eb 62 e0 64 f4	1746084883.803744454
470	0x300	217	00 03 5a 58 09 eb 62 e0 64 f4	1746084883.803746384
471	0x300	161	00 03 5a 58 09 eb 62 e0 64 f4	1746084883.803746436
472	0x300	192	00 03 5a 58 09 ab 62 e0 64 0c	1746084883.803746487
473	0x300	234	00 03 5a 58 09 9b c5 c0 c9 18	1746084883.803746537
474	0x300	197	00 03 5a 58 09 eb 62 e0 64 0c	1746084883.804226961
475	0x300	233	00 03 5a 58 09 eb 62 e0 64 8c	1746084883.80430035
476	0x300	198	00 03 5a 58 09 eb 62 e0 64 8c	1746084883.804300411
477	0x300	219	00 03 5a 58 09 5b c5 c0 c9 98	1746084883.804300461
478	0x300	206	00 03 5a 58 09 ab 62 e0 64 4c	1746084883.804300513
479	0x300	193	00 03 5a 58 09 eb 62 e0 64 4c	1746084883.804300564
480	0x300	191	00 03 5a 58 09 eb 62 e0 64 cc	1746084883.804300615
481	0x300	213	00 03 5a 58 09 eb 62 e0 64 cc	1746084883.804300665
482	0x300	167	00 03 5a 58 09 ab 62 e0 64 cc	1746084883.804531738
483	0x300	138	00 03 5a 58 09 ab 62 e0 64 2c	1746084883.804531821
484	0x900	190	00 09 5a 58 09 63 2c df 9a e6	1746084883.804531872
485	0x300	240	00 03 5a 58 09 ab 62 e0 64 ac	1746084883.804531924
486	0x300	199	00 03 5a 58 09 eb 62 e0 64 ac	1746084883.804531974
487	0x300	209	00 03 5a 58 09 ab 62 e0 64 ac	1746084883.804532026
488	0x300	197	00 03 5a 58 09 eb 62 e0 64 6c	1746084883.804532078
489	0x300	178	00 03 5a 58 09 9b c5 c0 c9 d8	1746084883.804532137
490	0x300	197	00 03 5a 58 09 ab 62 e0 64 ec	1746084883.804545086
491	0x300	170	00 03 5a 58 09 eb 62 e0 64 ec	1746084883.804545139
492	0x300	228	00 03 5a 58 09 ab 62 e0 64 ec	1746084883.806048872
493	0x300	179	00 03 5a 58 09 bb c5 c0 c9 38	1746084883.806124867
494	0x300	205	00 03 5a 58 09 eb 62 e0 64 9c	1746084883.806124949
495	0x300	223	00 03 5a 58 09 eb 62 e0 64 9c	1746084883.806125001
496	0x300	222	00 03 5a 58 09 9b c4 c0 c9 38	1746084883.806125051
497	0x300	209	00 03 5a 58 09 ab 62 e0 64 9c	1746084883.806125102
498	0xd00	75	00 0d 5a 58 09 63 9c cf c0 c0	1746084883.806125154
499	0xd00	21	00 0d 5a 58 09 63 5c c0 30 0a	1746084883.806125203
500	0xd00	21	00 0d 5a 58 09 63 5c c8 30 0a	1746084883.806125263
501	0xd00	21	00 0d 5a 58 09 63 5c c4 30 0a	1746084883.806137732
502	0xd00	21	00 0d 5a 58 09 63 5c cc 30 0a	1746084883.806137782
503	0xd00	21	00 0d 5a 58 09 63 5c c2 30 0a	1746084883.806300147
504	0xd00	21	00 0d 5a 58 09 63 5c ca 30 0a	1746084883.806300209
505	0xd00	18	00 0d 5a 58 09 63 5c c6 40 5b	1746084883.816123208
506	0x1500	7	00 15 a5 01 a6 f0 45	1746084883.957493078
507	0x300	46	00 03 5a 58 09 93 fa 53 6b cb	1746084883.959615383
508	0x300	43	00 03 5a 58 09 93 fa 53 7b 88	1746084883.992493915
509	0xa5fc	29	fc a5 7d 9d 00 00 00 00 c0 26	1746084884.508549814
510	0x900	22	00 09 00 01 0d 30 00 32 35 30	1746084884.718175012
511	0xa5fc	29	fc a5 7d d1 02 00 00 00 f0 ce	1746084884.718175311
512	0x300	46	00 03 5a 58 09 93 fa 53 7b 91	1746084884.816939712
513	0xa5fc	29	fc a5 7d 9f 00 00 00 00 d0 31	1746084884.881024698
514	0xa5fc	29	fc a5 7d 9a 00 00 00 00 00 5f	1746084885.124046492
515	0x300	41	00 03 5a 58 09 93 fa 53 3b 8b	1746084885.203273073
516	0xa5fc	29	fc a5 7d 3d 01 00 00 00 d0 42	1746084885.234419515
517	0xa5fc	29	fc a5 7d 3d 01 00 00 00 d0 42	1746084885.331665106
518	0x300	41	00 03 5a 58 09 93 fa 53 3b 97	1746084885.635626653
519	0xa5fc	29	fc a5 7d 9a 00 00 00 00 30 5d	1746084885.719256935
520	0xa5fc	29	fc a5 7d ba 00 00 00 00 70 0d	1746084885.752892569
521	0x300	45	00 03 5a 58 09 93 fa 53 7b 98	1746084885.815831467
522	0xa5fc	29	fc a5 7d 9f 00 00 00 00 a0 34	1746084885.880787717
523	0x300	44	00 03 5a 58 09 93 fa 53 3b 8b	1746084885.977714779
524	0x900	13	00 09 a5 00 06 5d 07 00 00 00	1746084886.041737374
525	0x1500	18	00 15 a5 00 06 62 ec 00 00 00	1746084886.074521617
526	0x300	59	00 03 a5 1a fc 7d d1 02 00 00	1746084886.106239169
527	0xa5fc	29	fc a5 7d 9a 00 00 00 00 80 5c	1746084886.138309222
528	0x900	22	00 09 00 01 0d 30 00 32 35 30	1746084886.206355321
529	0x900	22	00 09 00 01 0d 30 00 32 35 30	1746084886.221382915
530	0x300	43	00 03 5a 58 09 93 fa 53 7b 91	1746084886.235218751
531	0x900	22	00 09 00 01 0d 30 00 32 35 30	1746084886.23722073
532	0x900	22	00 09 00 01 0d 30 00 32 35 30	1746084886.253333239
533	0xa5fc	29	fc a5 7d c2 00 00 00 00 80 19	1746084886.267533922
534	0x900	22	00 09 00 01 0d 30 00 32 35 30	1746084886.26945635
535	0x900	37	00 09 5a 78 9c 63 60 67 90 f4	1746084886.284114974
536	0x900	22	00 09 00 01 0d 30 00 32 35 30	1746084886.28674883
537	0x900	22	00 09 00 01 0d 30 00 32 35 30	1746084886.301843578
538	0x1500	18	00 15 a5 00 07 52 7a 00 00 00	1746084886.335026516
539	0x900	22	00 09 00 01 0d 30 00 32 35 30	1746084886.335027028
540	0x300	57	00 03 5a 58 09 93 fa 53 bb 80	1746084886.336060667
541	0x900	22	00 09 00 01 0d 30 00 32 35 30	1746084886.336060739
542	0x900	22	00 09 00 01 0d 30 00 32 35 30	1746084886.349099254
543	0x300	46	00 03 5a 58 09 93 fa 53 6b cb	1746084886.366564344
544	0x900	22	00 09 00 01 0d 30 00 32 35 30	1746084886.366564441
545	0x900	22	00 09 00 01 0d 30 00 32 35 30	1746084886.381304967
546	0x900	22	00 09 00 01 0d 30 00 32 35 30	1746084886.397423416
547	0x900	22	00 09 00 01 0d 30 00 32 35 30	1746084886.413929437
548	0xa5fc	29	fc a5 7d b2 00 00 00 00 10 5e	1746084886.42955184
549	0x900	22	00 09 00 01 0d 30 00 32 35 30	1746084886.429821788
550	0x900	22	00 09 00 01 0d 30 00 32 35 30	1746084886.454251207
551	0x900	22	00 09 00 01 0d 30 00 32 35 30	1746084886.462103137
552	0x900	22	00 09 00 01 0d 30 00 32 35 30	1746084886.478357789
553	0xa5fc	29	fc a5 7d 9a 00 00 00 00 80 5c	1746084886.49409302
554	0x900	22	00 09 00 01 0d 30 00 32 35 30	1746084886.494562086
555	0x900	22	00 09 00 01 0d 30 00 32 35 30	1746084886.510555081
556	0x300	57	00 03 5a 58 09 93 fa 53 bb 8a	1746084886.526703526
557	0x900	22	00 09 00 01 0d 30 00 32 35 30	1746084886.526703646
558	0x900	22	00 09 00 01 0d 30 00 32 35 30	1746084886.543297493
559	0x300	56	00 03 5a 58 09 93 fa 53 3b 87	1746084886.559169221
560	0x900	22	00 09 00 01 0d 30 00 32 35 30	1746084886.559169477
561	0x900	22	00 09 00 01 0d 30 00 32 35 30	1746084886.574452239
562	0x900	22	00 09 00 01 0d 30 00 32 35 30	1746084886.590503042
563	0x900	22	00 09 00 01 0d 30 00 32 35 30	1746084886.606348154
564	0x900	22	00 09 00 01 0d 30 00 32 35 30	1746084886.622441162
565	0xa5fc	29	fc a5 7d c9 00 00 00 00 70 6c	1746084886.623034133
566	0x900	22	00 09 00 01 0d 30 00 32 35 30	1746084886.640837153
567	0x900	22	00 09 00 01 0d 30 00 32 35 30	1746084886.654840247
568	0x900	22	00 09 00 01 0d 30 00 32 35 30	1746084886.671131191
569	0x900	22	00 09 00 01 0d 30 00 32 35 30	1746084886.687257019
570	0xa5fc	29	fc a5 7d 9d 00 00 00 00 c0 2b	1746084886.688043351
571	0x900	22	00 09 00 01 0d 30 00 32 35 30	1746084886.703702712
572	0x900	22	00 09 00 01 0d 30 00 32 35 30	1746084886.720879152
573	0x900	22	00 09 00 01 0d 30 00 32 35 30	1746084886.735782426
574	0x900	22	00 09 00 01 0d 30 00 32 35 30	1746084886.751675154
575	0x300	60	00 03 5a 58 09 93 fa 53 3b 97	1746084886.752838814
576	0x900	22	00 09 00 01 0d 30 00 32 35 30	1746084886.767921966
577	0x900	22	00 09 00 01 0d 30 00 32 35 30	1746084886.784209855
578	0xa5fc	29	fc a5 7d c9 00 00 00 00 50 6d	1746084886.784826685
579	0x900	22	00 09 00 01 0d 30 00 32 35 30	1746084886.801385642
580	0x900	22	00 09 00 01 0d 30 00 32 35 30	1746084886.816317642
581	0x900	22	00 09 00 01 0d 30 00 32 35 30	1746084886.83253544
582	0x900	22	00 09 00 01 0d 30 00 32 35 30	1746084886.848911699
583	0x900	22	00 09 00 01 0d 30 00 32 35 30	1746084886.864664319
584	0xa5fc	29	fc a5 7d 3d 01 00 00 00 40 43	1746084886.880828841
585	0x900	22	00 09 00 01 0d 30 00 32 35 30	1746084886.880828959
586	0x900	22	00 09 00 01 0d 30 00 32 35 30	1746084886.897165036
587	0x900	22	00 09 00 01 0d 30 00 32 35 30	1746084886.913136862
588	0xa5fc	29	fc a5 7d a5 00 00 00 00 b0 cb	1746084886.913137007
589	0x900	22	00 09 00 01 0d 30 00 32 35 30	1746084886.929121369
590	0x900	22	00 09 00 01 0d 30 00 32 35 30	1746084886.94524192
591	0x900	22	00 09 00 01 0d 30 00 32 35 30	1746084886.961356994
592	0x900	22	00 09 00 01 0d 30 00 32 35 30	1746084886.977574114
593	0x900	22	00 09 00 01 0d 30 00 32 35 30	1746084886.993771317
594	0x900	22	00 09 00 01 0d 30 00 32 35 30	1746084887.009878778
595	0x900	22	00 09 00 01 0d 30 00 32 35 30	1746084887.042898096
596	0x900	22	00 09 00 01 0d 30 00 32 35 30	1746084887.042898461
597	0x900	22	00 09 00 01 0d 30 00 32 35 30	1746084887.05744023
598	0x900	22	00 09 00 01 0d 30 00 32 35 30	1746084887.073285868
599	0xa5fc	29	fc a5 7d c0 00 00 00 00 80 2e	1746084887.073799837
600	0x900	22	00 09 00 01 0d 30 00 32 35 30	1746084887.089551445
601	0x900	22	00 09 00 01 0d 30 00 32 35 30	1746084887.105600492
602	0x900	22	00 09 00 01 0d 30 00 32 35 30	1746084887.12183097
603	0x900	22	00 09 00 01 0d 30 00 32 35 30	1746084887.137977142
604	0xa5fc	29	fc a5 7d ca 00 00 00 00 00 01	1746084887.13855266
605	0x900	22	00 09 00 01 0d 30 00 32 35 30	1746084887.153236883
606	0x900	22	00 09 00 01 0d 30 00 32 35 30	1746084887.171144819
607	0xa5fc	29	fc a5 7d c2 00 00 00 00 80 19	1746084887.17114494
608	0x900	22	00 09 00 01 0d 30 00 32 35 30	1746084887.185380458
609	0x900	22	00 09 00 01 0d 30 00 32 35 30	1746084887.202615655
610	0x900	22	00 09 00 01 0d 30 00 32 35 30	1746084887.217529276
611	0x900	22	00 09 00 01 0d 30 00 32 35 30	1746084887.233679382
612	0x900	22	00 09 00 01 0d 30 00 32 35 30	1746084887.249773153
613	0x900	22	00 09 00 01 0d 30 00 32 35 30	1746084887.265916149
614	0x300	56	00 03 5a 58 09 93 fa 53 bb 8b	1746084887.268700132
615	0x900	22	00 09 00 01 0d 30 00 32 35 30	1746084887.281256081
616	0x900	22	00 09 00 01 0d 30 00 32 35 30	1746084887.297152835
617	0x900	22	00 09 00 01 0d 30 00 32 35 30	1746084887.313735806
618	0x900	22	00 09 00 01 0d 30 00 32 35 30	1746084887.32922182
619	0x300	76	00 03 5a 58 09 93 fa 53 3b 87	1746084887.332646415
620	0x900	22	00 09 00 01 0d 30 00 32 35 30	1746084887.34537602
621	0x900	22	00 09 00 01 0d 30 00 32 35 30	1746084887.361562454
622	0x900	22	00 09 00 01 0d 30 00 32 35 30	1746084887.377673654
623	0x900	22	00 09 00 01 0d 30 00 32 35 30	1746084887.393738802
624	0x300	41	00 03 5a 58 09 93 fa 53 bb 81	1746084887.397105411
625	0x900	22	00 09 00 01 0d 30 00 32 35 30	1746084887.413237449
626	0x900	22	00 09 00 01 0d 30 00 32 35 30	1746084887.425821596
627	0xa5fc	29	fc a5 7d ca 00 00 00 00 b0 00	1746084887.429263895
628	0x900	22	00 09 00 01 0d 30 00 32 35 30	1746084887.442099482
629	0x900	22	00 09 00 01 0d 30 00 32 35 30	1746084887.458470619
630	0x900	22	00 09 00 01 0d 30 00 32 35 30	1746084887.474616489
631	0x900	22	00 09 00 01 0d 30 00 32 35 30	1746084887.490349109
632	0x900	22	00 09 00 01 0d 30 00 32 35 30	1746084887.506452503
633	0x900	22	00 09 00 01 0d 30 00 32 35 30	1746084887.522685789
634	0x900	22	00 09 00 01 0d 30 00 32 35 30	1746084887.538684074
635	0x900	22	00 09 00 01 0d 30 00 32 35 30	1746084887.555008738
636	0xa5fc	29	fc a5 7d b0 00 00 00 00 10 46	1746084887.560218824
637	0x900	22	00 09 00 01 0d 30 00 32 35 30	1746084887.57028508
638	0x900	22	00 09 00 01 0d 30 00 32 35 30	1746084887.586364464
639	0xa5fc	29	fc a5 7d 9d 00 00 00 00 60 2f	1746084887.590218732
640	0x900	22	00 09 00 01 0d 30 00 32 35 30	1746084887.602210473
641	0x900	22	00 09 00 01 0d 30 00 32 35 30	1746084887.622700612
642	0x900	22	00 09 00 01 0d 30 00 32 35 30	1746084887.634617019
643	0x900	22	00 09 00 01 0d 30 00 32 35 30	1746084887.651699002
644	0x300	44	00 03 5a 58 09 93 fa 53 3b 97	1746084887.655101957
645	0x900	22	00 09 00 01 0d 30 00 32 35 30	1746084887.667252404
646	0x900	22	00 09 00 01 0d 30 00 32 35 30	1746084887.687315886
647	0x300	64	00 03 5a 58 09 93 fa 53 3b 87	1746084887.687870702
648	0x900	22	00 09 00 01 0d 30 00 32 35 30	1746084887.699457786
649	0x900	22	00 09 00 01 0d 30 00 32 35 30	1746084887.715202207
650	0x900	22	00 09 00 01 0d 30 00 32 35 30	1746084887.731502117
651	0x900	22	00 09 00 01 0d 30 00 32 35 30	1746084887.74763501
652	0x900	22	00 09 00 01 0d 30 00 32 35 30	1746084887.763861159
653	0x900	22	00 09 00 01 0d 30 00 32 35 30	1746084887.779877913
654	0x300	60	00 03 5a 58 09 93 fa 53 7b 81	1746084887.785468586
655	0x900	22	00 09 00 01 0d 30 00 32 35 30	1746084887.795134202
656	0x900	22	00 09 00 01 0d 30 00 32 35 30	1746084887.811141139
657	0x300	41	00 03 5a 58 09 93 fa 53 bb 8b	1746084887.816732973
658	0x900	22	00 09 00 01 0d 30 00 32 35 30	1746084887.827826115
659	0x900	22	00 09 00 01 0d 30 00 32 35 30	1746084887.843325567
660	0xa5fc	29	fc a5 7d aa 00 00 00 00 30 e7	1746084887.849158214
661	0x900	22	00 09 00 01 0d 30 00 32 35 30	1746084887.860533
662	0x900	22	00 09 00 01 0d 30 00 32 35 30	1746084887.875568489
663	0x900	22	00 09 00 01 0d 30 00 32 35 30	1746084887.891955088
664	0x900	22	00 09 00 01 0d 30 00 32 35 30	1746084887.907941294
665	0x900	22	00 09 00 01 0d 30 00 32 35 30	1746084887.924193926
666	0x900	22	00 09 00 01 0d 30 00 32 35 30	1746084887.940248657
667	0x300	43	00 03 5a 58 09 93 fa 53 6b cb	1746084887.944887417
668	0x900	22	00 09 00 01 0d 30 00 32 35 30	1746084887.958498771
669	0x900	22	00 09 00 01 0d 30 00 32 35 30	1746084887.972436271
670	0x300	60	00 03 5a 58 09 93 fa 53 bb 98	1746084887.977240124
671	0x900	22	00 09 00 01 0d 30 00 32 35 30	1746084887.992014895
672	0x900	22	00 09 00 01 0d 30 00 32 35 30	1746084888.004824406
673	0x900	22	00 09 00 01 0d 30 00 32 35 30	1746084888.023178002
674	0x900	22	00 09 00 01 0d 30 00 32 35 30	1746084888.036994379
675	0x900	22	00 09 00 01 0d 30 00 32 35 30	1746084888.053350426
676	0x900	22	00 09 00 01 0d 30 00 32 35 30	1746084888.069354757
677	0x900	22	00 09 00 01 0d 30 00 32 35 30	1746084888.085373866
678	0xa5fc	29	fc a5 7d 3d 01 00 00 00 30 43	1746084888.092504591
679	0x900	22	00 09 00 01 0d 30 00 32 35 30	1746084888.101872389
680	0x900	22	00 09 00 01 0d 30 00 32 35 30	1746084888.117626622
681	0x900	22	00 09 00 01 0d 30 00 32 35 30	1746084888.133676171
682	0x900	22	00 09 00 01 0d 30 00 32 35 30	1746084888.14971338
683	0x300	59	00 03 a5 1a fc 7d d1 02 00 00	1746084888.155410707
684	0x900	22	00 09 00 01 0d 30 00 32 35 30	1746084888.165795008
685	0x900	22	00 09 00 01 0d 30 00 32 35 30	1746084888.180914095
686	0xa5fc	29	fc a5 7d 3c 01 00 00 00 70 39	1746084888.187778021
687	0x900	22	00 09 00 01 0d 30 00 32 35 30	1746084888.197142631
688	0x900	22	00 09 00 01 0d 30 00 32 35 30	1746084888.213067278
689	0x900	22	00 09 00 01 0d 30 00 32 35 30	1746084888.229242939
690	0x900	22	00 09 00 01 0d 30 00 32 35 30	1746084888.2454001
691	0x900	22	00 09 00 01 0d 30 00 32 35 30	1746084888.261571974
692	0x900	22	00 09 00 01 0d 30 00 32 35 30	1746084888.277562304
693	0x900	22	00 09 00 01 0d 30 00 32 35 30	1746084888.293800482
694	0x900	22	00 09 00 01 0d 30 00 32 35 30	1746084888.309883357
695	0x900	22	00 09 00 01 0d 30 00 32 35 30	1746084888.326119397
696	0x900	22	00 09 00 01 0d 30 00 32 35 30	1746084888.344263167
697	0x900	22	00 09 00 01 0d 30 00 32 35 30	1746084888.35847328
698	0x900	22	00 09 00 01 0d 30 00 32 35 30	1746084888.374282539
699	0x900	22	00 09 00 01 0d 30 00 32 35 30	1746084888.390615233
700	0x900	22	00 09 00 01 0d 30 00 32 35 30	1746084888.406670319
701	0x900	22	00 09 00 01 0d 30 00 32 35 30	1746084888.422785022
702	0x900	22	00 09 00 01 0d 30 00 32 35 30	1746084888.438930083
703	0x900	22	00 09 00 01 0d 30 00 32 35 30	1746084888.454971213
704	0x900	22	00 09 00 01 0d 30 00 32 35 30	1746084888.471492683
705	0xa5fc	29	fc a5 7d 9d 00 00 00 00 f0 32	1746084888.476160576
706	0x900	22	00 09 00 01 0d 30 00 32 35 30	1746084888.487622919
707	0x900	22	00 09 00 01 0d 30 00 32 35 30	1746084888.505068469
708	0x900	22	00 09 00 01 0d 30 00 32 35 30	1746084888.519468402
709	0x900	22	00 09 00 01 0d 30 00 32 35 30	1746084888.535568493
710	0xa5fc	29	fc a5 7d 9d 00 00 00 00 f0 32	1746084888.540957953
711	0x900	22	00 09 00 01 0d 30 00 32 35 30	1746084888.551657551
712	0x900	22	00 09 00 01 0d 30 00 32 35 30	1746084888.567787297
713	0x300	44	00 03 5a 58 09 93 fa 53 7b 8a	1746084888.573377462
714	0x900	22	00 09 00 01 0d 30 00 32 35 30	1746084888.583963299
715	0x900	22	00 09 00 01 0d 30 00 32 35 30	1746084888.599801292
716	0x900	22	00 09 00 01 0d 30 00 32 35 30	1746084888.615154247
717	0x900	22	00 09 00 01 0d 30 00 32 35 30	1746084888.631194935
718	0xa5fc	29	fc a5 7d 9d 00 00 00 00 70 33	1746084888.637839037
719	0x900	22	00 09 00 01 0d 30 00 32 35 30	1746084888.647344541
720	0x900	22	00 09 00 01 0d 30 00 32 35 30	1746084888.663444454
721	0x300	43	00 03 5a 58 09 93 fa 53 7b 98	1746084888.670432435
722	0x900	22	00 09 00 01 0d 30 00 32 35 30	1746084888.679866776
723	0x900	22	00 09 00 01 0d 30 00 32 35 30	1746084888.69555936
724	0x300	62	00 03 5a 58 09 93 fa 53 bb 81	1746084888.702838438
725	0x900	22	00 09 00 01 0d 30 00 32 35 30	1746084888.711794997
726	0x900	22	00 09 00 01 0d 30 00 32 35 30	1746084888.727692561
727	0xa5fc	29	fc a5 7d ca 00 00 00 00 10 01	1746084888.73428197
728	0x900	22	00 09 00 01 0d 30 00 32 35 30	1746084888.744020721
729	0x900	22	00 09 00 01 0d 30 00 32 35 30	1746084888.758915441
730	0x900	22	00 09 00 01 0d 30 00 32 35 30	1746084888.775262372
731	0x900	22	00 09 00 01 0d 30 00 32 35 30	1746084888.791307084
732	0x300	64	00 03 5a 58 09 93 fa 53 7b 92	1746084888.798782603
733	0x900	22	00 09 00 01 0d 30 00 32 35 30	1746084888.80927936
734	0x900	22	00 09 00 01 0d 30 00 32 35 30	1746084888.82338659
735	0x300	43	00 03 5a 58 09 93 fa 53 bb 8a	1746084888.83125972
736	0x900	22	00 09 00 01 0d 30 00 32 35 30	1746084888.839577217
737	0x900	22	00 09 00 01 0d 30 00 32 35 30	1746084888.855721205
738	0x300	43	00 03 5a 58 09 93 fa 53 7b 81	1746084888.863632074
739	0x900	22	00 09 00 01 0d 30 00 32 35 30	1746084888.871633452
740	0x900	22	00 09 00 01 0d 30 00 32 35 30	1746084888.886968576
741	0x900	22	00 09 00 01 0d 30 00 32 35 30	1746084888.903057919
742	0x900	22	00 09 00 01 0d 30 00 32 35 30	1746084888.919915235
743	0x900	22	00 09 00 01 0d 30 00 32 35 30	1746084888.935405444
744	0x900	22	00 09 00 01 0d 30 00 32 35 30	1746084888.951593724
745	0x300	56	00 03 5a 58 09 93 fa 53 7b 98	1746084888.959756772
746	0x900	22	00 09 00 01 0d 30 00 32 35 30	1746084888.967667465
747	0x900	22	00 09 00 01 0d 30 00 32 35 30	1746084888.984690817
748	0x300	44	00 03 5a 58 09 93 fa 53 bb 98	1746084888.992079985
749	0x900	22	00 09 00 01 0d 30 00 32 35 30	1746084889.000208175
750	0x900	22	00 09 00 01 0d 30 00 32 35 30	1746084889.016103431
751	0x900	22	00 09 00 01 0d 30 00 32 35 30	1746084889.032175819
752	0x900	22	00 09 00 01 0d 30 00 32 35 30	1746084889.048558379
753	0x300	63	00 03 5a 58 09 93 fa 53 3b 97	1746084889.05708842
754	0x900	22	00 09 00 01 0d 30 00 32 35 30	1746084889.064791874
755	0x900	22	00 09 00 01 0d 30 00 32 35 30	1746084889.080673049
756	0x900	22	00 09 00 01 0d 30 00 32 35 30	1746084889.096948837
757	0x900	22	00 09 00 01 0d 30 00 32 35 30	1746084889.112126475
758	0x900	22	00 09 00 01 0d 30 00 32 35 30	1746084889.128383988
759	0x900	22	00 09 00 01 0d 30 00 32 35 30	1746084889.144208629
760	0x900	22	00 09 00 01 0d 30 00 32 35 30	1746084889.160533828
761	0x900	22	00 09 00 01 0d 30 00 32 35 30	1746084889.176472153
762	0x900	22	00 09 00 01 0d 30 00 32 35 30	1746084889.192458999
763	0x900	22	00 09 00 01 0d 30 00 32 35 30	1746084889.208822602
764	0x900	22	00 09 00 01 0d 30 00 32 35 30	1746084889.224688494
765	0x900	22	00 09 00 01 0d 30 00 32 35 30	1746084889.240940315
766	0x300	76	00 03 5a 58 09 93 fa 53 7b 91	1746084889.251587116
767	0x900	22	00 09 00 01 0d 30 00 32 35 30	1746084889.257345286
768	0x900	22	00 09 00 01 0d 30 00 32 35 30	1746084889.273230223
769	0x900	22	00 09 00 01 0d 30 00 32 35 30	1746084889.289430528
770	0x900	22	00 09 00 01 0d 30 00 32 35 30	1746084889.305449162
771	0x900	22	00 09 00 01 0d 30 00 32 35 30	1746084889.321686511
772	0x900	22	00 09 00 01 0d 30 00 32 35 30	1746084889.337663233
773	0x900	22	00 09 00 01 0d 30 00 32 35 30	1746084889.353839863
774	0x900	22	00 09 00 01 0d 30 00 32 35 30	1746084889.369919285
775	0x900	22	00 09 00 01 0d 30 00 32 35 30	1746084889.386030903
776	0x900	22	00 09 00 01 0d 30 00 32 35 30	1746084889.402333674
777	0x900	22	00 09 00 01 0d 30 00 32 35 30	1746084889.418476297
778	0x900	22	00 09 00 01 0d 30 00 32 35 30	1746084889.434641164
779	0x900	22	00 09 00 01 0d 30 00 32 35 30	1746084889.450626943
780	0x900	22	00 09 00 01 0d 30 00 32 35 30	1746084889.466738389
781	0x900	22	00 09 00 01 0d 30 00 32 35 30	1746084889.48291601
782	0x900	22	00 09 00 01 0d 30 00 32 35 30	1746084889.498767934
783	0x900	22	00 09 00 01 0d 30 00 32 35 30	1746084889.514284854
784	0x900	22	00 09 00 01 0d 30 00 32 35 30	1746084889.530280316
785	0x900	22	00 09 00 01 0d 30 00 32 35 30	1746084889.546416975
786	0x900	22	00 09 00 01 0d 30 00 32 35 30	1746084889.562594393
787	0x900	22	00 09 00 01 0d 30 00 32 35 30	1746084889.57867944
788	0x900	22	00 09 00 01 0d 30 00 32 35 30	1746084889.594821286
789	0x900	22	00 09 00 01 0d 30 00 32 35 30	1746084889.610837677
790	0x900	22	00 09 00 01 0d 30 00 32 35 30	1746084889.628749019
791	0xa5fc	29	fc a5 7d b0 00 00 00 00 c0 44	1746084889.637100445
792	0x900	22	00 09 00 01 0d 30 00 32 35 30	1746084889.642198308
793	0x900	22	00 09 00 01 0d 30 00 32 35 30	1746084889.658352146
794	0x900	22	00 09 00 01 0d 30 00 32 35 30	1746084889.674417629
795	0x900	22	00 09 00 01 0d 30 00 32 35 30	1746084889.691734398
796	0x300	44	00 03 5a 58 09 93 fa 53 bb 81	1746084889.702002921
797	0x900	22	00 09 00 01 0d 30 00 32 35 30	1746084889.706885202
798	0x900	22	00 09 00 01 0d 30 00 32 35 30	1746084889.722926406
799	0x900	22	00 09 00 01 0d 30 00 32 35 30	1746084889.739453509
800	0x900	22	00 09 00 01 0d 30 00 32 35 30	1746084889.755183914
801	0xa5fc	29	fc a5 7d 9f 00 00 00 00 20 36	1746084889.765545442
802	0x900	22	00 09 00 01 0d 30 00 32 35 30	1746084889.771803193
803	0x900	22	00 09 00 01 0d 30 00 32 35 30	1746084889.787631784
804	0x900	22	00 09 00 01 0d 30 00 32 35 30	1746084889.803623061
805	0x900	22	00 09 00 01 0d 30 00 32 35 30	1746084889.819914093
806	0xa5fc	29	fc a5 7d 9a 00 00 00 00 10 50	1746084889.829954108
807	0x900	22	00 09 00 01 0d 30 00 32 35 30	1746084889.835994618
808	0x900	22	00 09 00 01 0d 30 00 32 35 30	1746084889.851094326
809	0x900	22	00 09 00 01 0d 30 00 32 35 30	1746084889.867138304
810	0x900	22	00 09 00 01 0d 30 00 32 35 30	1746084889.883433168
811	0x900	22	00 09 00 01 0d 30 00 32 35 30	1746084889.899527202
812	0x900	22	00 09 00 01 0d 30 00 32 35 30	1746084889.915536861
813	0x900	22	00 09 00 01 0d 30 00 32 35 30	1746084889.93186106
814	0x900	22	00 09 00 01 0d 30 00 32 35 30	1746084889.947750183
815	0x300	41	00 03 5a 58 09 93 fa 53 3b 8b	1746084889.960249385
816	0x900	22	00 09 00 01 0d 30 00 32 35 30	1746084889.963748133
817	0x900	22	00 09 00 01 0d 30 00 32 35 30	1746084889.980159764
818	0x900	22	00 09 00 01 0d 30 00 32 35 30	1746084889.996097079
819	0x900	22	00 09 00 01 0d 30 00 32 35 30	1746084890.014030933
820	0xa5fc	29	fc a5 7d d0 02 00 00 00 c0 1a	1746084890.022453722
821	0x900	22	00 09 00 01 0d 30 00 32 35 30	1746084890.029470742
822	0x900	22	00 09 00 01 0d 30 00 32 35 30	1746084890.047045444
823	0x900	22	00 09 00 01 0d 30 00 32 35 30	1746084890.06266488
824	0x900	22	00 09 00 01 0d 30 00 32 35 30	1746084890.076825975
825	0x300	59	00 03 a5 1a fc 7d d0 02 00 00	1746084890.086573283
826	0x900	22	00 09 00 01 0d 30 00 32 35 30	1746084890.093081146
827	0x900	22	00 09 00 01 0d 30 00 32 35 30	1746084890.10780435
828	0x300	44	00 03 5a 58 09 93 fa 53 bb 94	1746084890.118746581
829	0x900	22	00 09 00 01 0d 30 00 32 35 30	1746084890.124041368
830	0x300	57	00 03 04 00 15 00 01 2f 00 09	1746084890.131416726
831	0x900	22	00 09 00 01 0d 30 00 32 35 30	1746084890.1409449
832	0x1500	6	00 15 00 01 8e 64	1746084890.142406845
833	0x300	41	00 03 5a 58 09 93 fa 53 fb 84	1746084890.151190256
834	0x300	30	00 03 14 00 09 00 01 0d 30 00	1746084890.156412157
835	0x900	28	00 09 00 02 03 00 00 41 6e 6e	1746084890.172571328
836	0x900	28	00 09 00 02 03 00 00 41 6e 6e	1746084890.188532713
837	0x300	56	00 03 5a 58 09 93 fa 53 3b 97	1746084890.216001543
838	0x300	95	00 03 5a 78 9c e3 62 e0 64 e0	1746084890.233204396
839	0x300	20	00 03 a5 04 00 15 00 08 04 00	1746084890.263769752
840	0x300	220	00 03 5a 58 09 9b c5 c0 c9 b8	1746084890.275911039
841	0x300	244	00 03 5a 58 09 9b cd c0 c9 b8	1746084890.276479439
842	0x300	209	00 03 5a 58 09 9b c1 c0 c9 b8	1746084890.276479505
843	0x300	215	00 03 5a 58 09 9b cd c0 c9 b8	1746084890.276934448
844	0x300	236	00 03 5a 58 09 9b cd c0 c9 b8	1746084890.277008829
845	0x300	139	00 03 5a 58 09 9b c5 c0 c9 b8	1746084890.277008891
846	0x300	209	00 03 5a 58 09 9b c8 c0 c9 b8	1746084890.277008953
847	0x300	175	00 03 5a 58 09 9b cf c0 c9 b8	1746084890.277009007
848	0x300	164	00 03 5a 58 09 9b c5 c0 c9 b8	1746084890.27700906
849	0x300	173	00 03 5a 58 09 5b c0 c0 c9 78	1746084890.277009112
850	0x300	198	00 03 5a 58 09 9b c7 c0 c9 78	1746084890.277009165
851	0x300	119	00 03 5a 58 09 9b c3 c0 c9 78	1746084890.277009219
852	0x300	199	00 03 5a 58 09 5b c0 c0 c9 78	1746084890.277608575
853	0x300	171	00 03 5a 58 09 9b ca c0 c9 78	1746084890.277683181
854	0x300	223	00 03 5a 58 09 9b cb c0 c9 78	1746084890.277683245
855	0x300	223	00 03 5a 58 09 5b c8 c0 c9 78	1746084890.277683296
856	0x300	228	00 03 5a 58 09 9b cf c0 c9 78	1746084890.27768335
857	0x300	253	00 03 5a 58 09 9b c9 c0 c9 78	1746084890.277683403
858	0x300	271	00 03 5a 58 09 9b cf c0 c9 78	1746084890.277683456
859	0x300	237	00 03 5a 58 09 9b c7 c0 c9 f8	1746084890.277683509
860	0x300	251	00 03 5a 58 09 5b c8 c0 c9 f8	1746084890.277889585
861	0x300	207	00 03 5a 58 09 5b c2 c0 c9 f8	1746084890.277889673
862	0x300	252	00 03 5a 58 09 5b c8 c0 c9 f8	1746084890.277889748
863	0x300	279	00 03 5a 58 09 5b c8 c0 c9 f8	1746084890.278524749
864	0x300	216	00 03 5a 58 09 9b cb c0 c9 f8	1746084890.279499087
865	0x300	220	00 03 5a 58 09 9b c5 c0 c9 b8	1746084890.279979052
866	0x300	244	00 03 5a 58 09 9b cd c0 c9 b8	1746084890.28012652
867	0x300	209	00 03 5a 58 09 9b c1 c0 c9 b8	1746084890.280126586
868	0x300	215	00 03 5a 58 09 9b cd c0 c9 b8	1746084890.280126639
869	0x300	236	00 03 5a 58 09 9b cd c0 c9 b8	1746084890.280126693
870	0x300	139	00 03 5a 58 09 9b c5 c0 c9 b8	1746084890.280126744
871	0x300	209	00 03 5a 58 09 9b c8 c0 c9 b8	1746084890.280126799
872	0x300	175	00 03 5a 58 09 9b cf c0 c9 b8	1746084890.280126852
873	0x300	164	00 03 5a 58 09 9b c5 c0 c9 b8	1746084890.28120562
874	0x300	173	00 03 5a 58 09 5b c0 c0 c9 78	1746084890.281272535
875	0x300	198	00 03 5a 58 09 9b c7 c0 c9 78	1746084890.281272598
876	0x300	119	00 03 5a 58 09 9b c3 c0 c9 78	1746084890.281272661
877	0x300	199	00 03 5a 58 09 5b c0 c0 c9 78	1746084890.281272712
878	0x300	171	00 03 5a 58 09 9b ca c0 c9 78	1746084890.281272767
879	0x300	223	00 03 5a 58 09 9b cb c0 c9 78	1746084890.281272819
880	0x300	223	00 03 5a 58 09 5b c8 c0 c9 78	1746084890.281272872
881	0x300	228	00 03 5a 58 09 9b cf c0 c9 78	1746084890.281419531
882	0x300	253	00 03 5a 58 09 9b c9 c0 c9 78	1746084890.281419583
883	0x300	271	00 03 5a 58 09 9b cf c0 c9 78	1746084890.281419637
884	0x300	237	00 03 5a 58 09 9b c7 c0 c9 f8	1746084890.281954339
885	0x300	251	00 03 5a 58 09 5b c8 c0 c9 f8	1746084890.281970883
886	0x300	207	00 03 5a 58 09 5b c2 c0 c9 f8	1746084890.281970947
887	0x300	252	00 03 5a 58 09 5b c8 c0 c9 f8	1746084890.281970998
888	0x300	279	00 03 5a 58 09 5b c8 c0 c9 f8	1746084890.281971053
889	0x300	216	00 03 5a 58 09 9b cb c0 c9 f8	1746084890.295834968
890	0x300	43	00 03 5a 58 09 93 fa 53 3b 97	1746084890.346293512
891	0x300	59	00 03 a5 1a fc 7d d1 02 00 00	1746084890.408569491
892	0x300	45	00 03 5a 78 9c 63 61 10 65 fc	1746084890.417624029
893	0x1500	6	00 15 00 02 df de	1746084890.418563817
894	0x1500	18	00 15 a5 00 0b 1e 51 00 00 00	1746084890.440761408
895	0xd00	198	00 0d 5a 58 09 63 fc c4 c0 c0	1746084890.467715499
896	0xd00	206	00 0d 5a 58 09 63 fc cc e0 ef	1746084890.467715737
897	0xd00	167	00 0d 5a 58 09 63 fc e2 ef ec	1746084890.467715788
898	0xd00	143	00 0d 5a 58 09 63 fc ea ef 1f	1746084890.467862858
899	0xd00	136	00 0d 5a 58 09 63 fc c6 80 01	1746084890.467862916
900	0xd00	180	00 0d 5a 58 09 63 fc ce 80 0c	1746084890.468702371
901	0x300	237	00 03 5a 58 09 0b 60 e0 65 fc	1746084890.468702415
902	0x300	194	00 03 5a 58 09 ab 64 e0 64 fc	1746084890.473156206
903	0xd00	198	00 0d 5a 58 09 63 fc c4 c0 c0	1746084890.473156368
904	0xd00	206	00 0d 5a 58 09 63 fc cc e0 ef	1746084890.473620185
905	0xd00	167	00 0d 5a 58 09 63 fc e2 ef ec	1746084890.47379917
906	0xd00	143	00 0d 5a 58 09 63 fc ea ef 1f	1746084890.473799279
907	0xd00	136	00 0d 5a 58 09 63 fc c6 80 01	1746084890.473799331
908	0xd00	180	00 0d 5a 58 09 63 fc ce 80 0c	1746084890.473799382
909	0x300	237	00 03 5a 58 09 0b 60 e0 65 fc	1746084890.473799434
910	0x700	27	00 07 5a 78 9c 9b b5 82 81 81	1746084890.482661211
911	0x300	151	00 03 5a 58 09 ab 64 e0 64 fc	1746084890.489088176
912	0x1500	7	00 15 a5 02 02 c4 77	1746084890.498270979
913	0x900	55	00 09 5a 78 9c 63 e0 61 90 64	1746084890.49845322
914	0x900	43	00 09 00 03 02 3b 6a 6f 69 6e	1746084890.499121918
915	0x800	32	00 08 5a 58 09 9b b5 82 81 81	1746084890.50591785
916	0x1500	18	00 15 a5 00 0c 8b f2 00 00 00	1746084890.521408703
917	0x300	102	00 03 04 00 15 00 03 20 00 09	1746084890.526897926
918	0x300	73	00 03 5a 58 09 63 63 e0 64 62	1746084890.531677502
919	0x300	97	00 03 20 00 09 00 03 02 4e 65	1746084890.542907517
920	0xd00	37	00 0d 5a 58 09 63 e2 60 60 60	1746084890.54540893
921	0x300	47	00 03 5a 58 09 9b c9 c0 cb c4	1746084890.545409106
922	0x900	130	00 09 5a 58 09 63 e2 e9 0c 48	1746084890.545409191
923	0x900	130	00 09 5a 58 09 63 e2 ed 0c 48	1746084890.545858728
924	0x900	129	00 09 5a 58 09 63 e2 eb 0c 48	1746084890.545923957
925	0x900	151	00 09 5a 58 09 63 e2 ef 0c 70	1746084890.545924037
926	0xa594	32	94 a5 79 e9 00 b1 00 00 00 00	1746084890.545924117
927	0x900	169	00 09 5a 58 09 63 12 e8 0c 08	1746084890.545924184
928	0x900	143	00 09 5a 58 09 63 12 ec 0c 50	1746084890.545924252
929	0x900	156	00 09 5a 58 09 63 12 ea 0c f0	1746084890.546135775
930	0x900	160	00 09 5a 58 09 63 12 ee 0c 48	1746084890.546135848
931	0x900	152	00 09 5a 58 09 63 12 e9 0c 48	1746084890.546135917
932	0x900	160	00 09 5a 58 09 63 12 ed 0c 48	1746084890.546135984
933	0x900	151	00 09 5a 58 09 63 12 eb 0c 48	1746084890.546136052
934	0x900	144	00 09 5a 58 09 63 12 ef 0c 48	1746084890.546136131
935	0x900	152	00 09 5a 58 09 63 92 e8 0c 48	1746084890.547067858
936	0x900	153	00 09 5a 58 09 63 92 ec 0c 48	1746084890.547142257
937	0x900	135	00 09 5a 58 09 63 92 ea 0c 48	1746084890.547142337
938	0x900	135	00 09 5a 58 09 63 92 ee 0c 50	1746084890.547142405
939	0x900	166	00 09 5a 58 09 63 92 e9 0c 70	1746084890.547142473
940	0x900	176	00 09 5a 58 09 63 92 ed 0c 08	1746084890.547142541
941	0x900	185	00 09 5a 58 09 63 92 eb 0c 08	1746084890.547142608
942	0x900	177	00 09 5a 58 09 63 92 ef 0c 08	1746084890.547142676
943	0x900	142	00 09 5a 58 09 63 52 e8 0c 48	1746084890.547142745
944	0x900	160	00 09 5a 58 09 63 52 ec 0c 48	1746084890.547256672
945	0x900	138	00 09 5a 58 09 63 52 ea 0c 48	1746084890.54725674
946	0x900	144	00 09 5a 58 09 63 52 ee 0c 48	1746084890.547256806
947	0x900	146	00 09 5a 58 09 63 52 e9 0c 48	1746084890.552257533
948	0x900	159	00 09 5a 58 09 63 52 ed 0c 48	1746084890.55225768
949	0x900	142	00 09 5a 58 09 63 52 eb 0c 70	1746084890.552257749
950	0x900	143	00 09 5a 58 09 63 52 ef 0c 70	1746084890.552257818
951	0x900	140	00 09 5a 58 09 63 d2 e8 0c 50	1746084890.552257885
952	0x900	155	00 09 5a 58 09 63 d2 ec 0c 48	1746084890.552257955
953	0x900	160	00 09 5a 58 09 63 d2 ea 0c 70	1746084890.552258022
954	0x900	162	00 09 5a 58 09 63 d2 ee 0c 08	1746084890.552258089
955	0x900	146	00 09 5a 58 09 63 d2 e9 0c 48	1746084890.552298716
956	0x900	155	00 09 5a 58 09 63 d2 ed 0c 48	1746084890.552298784
957	0x900	158	00 09 5a 58 09 63 d2 eb 0c 48	1746084890.552298863
958	0x900	146	00 09 5a 58 09 63 d2 ef 0c 48	1746084890.552298947
959	0x900	145	00 09 5a 58 09 63 32 e8 0c 48	1746084890.552299015
960	0x900	152	00 09 5a 58 09 63 32 ec 0c 48	1746084890.552299083
961	0x900	143	00 09 5a 58 09 63 32 ea 0c 48	1746084890.552299152
962	0x900	146	00 09 5a 58 09 63 32 ee 0c 48	1746084890.55229922
963	0x900	145	00 09 5a 58 09 63 32 e9 0c 48	1746084890.552322573
964	0x900	160	00 09 5a 58 09 63 32 ed 0c 48	1746084890.55232266
965	0x900	155	00 09 5a 58 09 63 32 eb 0c 48	1746084890.552322727
966	0x900	141	00 09 5a 58 09 63 32 ef 0c 48	1746084890.552322796
967	0x900	133	00 09 5a 58 09 63 b2 e8 0c 70	1746084890.552322863
968	0x900	140	00 09 5a 58 09 63 b2 ec 0c 48	1746084890.552322931
969	0x900	154	00 09 5a 58 09 63 b2 ea 0c 48	1746084890.552322999
970	0x900	144	00 09 5a 58 09 63 b2 ee 0c 48	1746084890.552323078
971	0x900	137	00 09 5a 58 09 63 b2 e9 0c 48	1746084890.552345115
972	0x900	129	00 09 5a 58 09 63 b2 ed 0c 48	1746084890.552345183
973	0x900	129	00 09 5a 58 09 63 b2 eb 0c 48	1746084890.552345251
974	0x900	135	00 09 5a 58 09 63 b2 ef 0c 48	1746084890.552345317
975	0x900	128	00 09 5a 58 09 63 72 e8 0c 48	1746084890.552345386
976	0x900	131	00 09 5a 58 09 63 72 ec 0c 48	1746084890.552345455
977	0x900	140	00 09 5a 58 09 63 72 ea 0c c8	1746084890.552345521
978	0x900	129	00 09 5a 58 09 63 72 ee 0c 48	1746084890.552345602
979	0x900	142	00 09 5a 58 09 63 72 e9 0c 48	1746084890.552364782
980	0x900	161	00 09 5a 58 09 63 72 ed 0c 48	1746084890.552364853
981	0x900	130	00 09 5a 58 09 63 72 eb 0c a8	1746084890.552364951
982	0x900	142	00 09 5a 58 09 63 72 ef 0c 48	1746084890.552365019
983	0x900	142	00 09 5a 58 09 63 f2 e8 0c 48	1746084890.554537203
984	0x900	153	00 09 5a 58 09 63 f2 ec 0c 48	1746084890.554596209
985	0x900	128	00 09 5a 58 09 63 f2 ea 0c 48	1746084890.554596287
986	0x900	128	00 09 5a 58 09 63 f2 ee 0c 48	1746084890.554596356
987	0x900	137	00 09 5a 58 09 63 f2 e9 0c 48	1746084890.554596424
988	0x900	128	00 09 5a 58 09 63 f2 ed 0c 48	1746084890.554596491
989	0x900	129	00 09 5a 58 09 63 f2 eb 0c 48	1746084890.554596559
990	0x900	131	00 09 5a 58 09 63 f2 ef 0c 48	1746084890.554596627
991	0x900	129	00 09 5a 58 09 63 0a e8 0c 48	1746084890.554823244
992	0x900	139	00 09 5a 58 09 63 0a ec 0c 48	1746084890.554823314
993	0x900	133	00 09 5a 58 09 63 0a ea 0c 48	1746084890.554823383
994	0x900	125	00 09 5a 58 09 63 0a ee 0c 48	1746084890.554823451
995	0x900	130	00 09 5a 58 09 63 0a e9 0c 48	1746084890.554823519
996	0x900	128	00 09 5a 58 09 63 0a ed 0c 48	1746084890.554823586
997	0x900	127	00 09 5a 58 09 63 0a eb 0c 48	1746084890.554823654
998	0x900	129	00 09 5a 58 09 63 0a ef 0c 48	1746084890.554823723
999	0x900	126	00 09 5a 58 09 63 8a e8 0c 48	1746084890.554839628
1000	0x900	134	00 09 5a 58 09 63 8a ec 0c 48	1746084890.554839723
1001	0x900	134	00 09 5a 58 09 63 8a ea 0c 48	1746084890.554839803
1002	0x900	135	00 09 5a 58 09 63 8a ee 0c 48	1746084890.555092886
1003	0x900	135	00 09 5a 58 09 63 8a e9 0c 48	1746084890.555092954
1004	0x900	154	00 09 5a 58 09 63 8a ed 0c 48	1746084890.555093022
1005	0x900	135	00 09 5a 58 09 63 8a eb 0c 48	1746084890.55509309
1006	0x900	135	00 09 5a 58 09 63 8a ef 0c 48	1746084890.555093156
1007	0x900	135	00 09 5a 58 09 63 4a e8 0c 48	1746084890.555093225
1008	0x900	145	00 09 5a 58 09 63 4a ec 0c 48	1746084890.555093293
1009	0x900	136	00 09 5a 58 09 63 4a ea 0c 48	1746084890.555093361
1010	0x900	137	00 09 5a 58 09 63 4a ee 0c 48	1746084890.555108957
1011	0x900	136	00 09 5a 58 09 63 4a e9 0c 48	1746084890.555109026
1012	0x900	136	00 09 5a 58 09 63 4a ed 0c 48	1746084890.555271895
1013	0x900	136	00 09 5a 58 09 63 4a eb 0c 48	1746084890.555271964
1014	0x900	146	00 09 5a 58 09 63 4a ef 0c 70	1746084890.555272042
1015	0x900	136	00 09 5a 58 09 63 ca e8 0c 70	1746084890.555272123
1016	0x900	144	00 09 5a 58 09 63 ca ec 0c 08	1746084890.555272191
1017	0x900	153	00 09 5a 58 09 63 ca ea 0c 50	1746084890.555272259
1018	0x900	144	00 09 5a 58 09 63 ca ee 0c 70	1746084890.555272326
1019	0x900	150	00 09 5a 58 09 63 ca e9 0c 70	1746084890.555272393
1020	0x900	149	00 09 5a 58 09 63 ca ed 0c 08	1746084890.555285766
1021	0x900	155	00 09 5a 58 09 63 ca eb 0c 08	1746084890.555446331
1022	0x900	127	00 09 5a 58 09 63 ca ef 0c 48	1746084890.5554464
1023	0x900	130	00 09 5a 58 09 63 2a e8 0c 48	1746084890.555446468
1024	0x300	345	00 03 5a 58 09 e3 63 e0 64 2a	1746084890.555446537
1025	0x300	215	00 03 5a 58 09 2b 63 e0 64 aa	1746084890.555446604
1026	0x300	198	00 03 5a 58 09 cb 67 e0 64 aa	1746084890.555852586
1027	0x300	238	00 03 5a 58 09 ab 62 e0 64 6a	1746084890.555852708
1028	0x300	205	00 03 5a 58 09 ab 64 e0 64 6a	1746084890.555852778
1029	0x900	120	00 09 5a 58 09 63 ea ba cc c1	1746084890.555852846
1030	0xd00	438	00 0d 5a 58 09 63 ea 66 60 60	1746084890.555852913
1031	0x300	294	00 03 5a 58 09 bb cf c0 cb d4	1746084890.556223557
1032	0x300	225	00 03 5a 58 09 93 67 e0 64 9a	1746084890.556296579
1033	0xd00	420	00 0d 5a 58 09 63 9a ca c0 c0	1746084890.556296653
1034	0x300	242	00 03 5a 58 09 db cd c0 cb 34	1746084890.556296722
1035	0x300	265	00 03 5a 58 09 6b 60 e0 64 9a	1746084890.556296789
1036	0x300	193	00 03 5a 58 09 53 64 e0 64 5a	1746084890.556296858
1037	0x300	310	00 03 5a 58 09 93 fa 53 fb 8a	1746084890.556296927
1038	0x300	317	00 03 5a 58 09 93 fa 53 7b 8d	1746084890.556533367
1039	0x300	299	00 03 5a 58 09 93 fa 53 7b 8a	1746084890.556533452
1040	0x300	308	00 03 5a 58 09 93 fa 53 bb 99	1746084890.55653352
1041	0x300	313	00 03 5a 58 09 93 fa 53 bb 80	1746084890.556533587
1042	0x300	302	00 03 5a 58 09 93 fa 53 db c7	1746084890.556533654
1043	0x300	312	00 03 5a 58 09 93 fa 53 6b c1	1746084890.556533722
1044	0x300	306	00 03 5a 58 09 93 fa 53 ab ca	1746084890.55653379
1045	0x300	313	00 03 5a 58 09 93 fa 53 cb cc	1746084890.55653386
1046	0x300	313	00 03 5a 58 09 93 fa 53 2b cb	1746084890.556551046
1047	0x300	308	00 03 5a 58 09 93 fa 53 eb c3	1746084890.556551113
1048	0x300	300	00 03 5a 58 09 93 fa 53 1b c7	1746084890.556748815
1049	0x300	255	00 03 5a 58 09 93 fa 53 5b c0	1746084890.556748884
1050	0xd00	272	00 0d 5a 58 09 63 5a c5 c0 c0	1746084890.556748962
1051	0xd00	248	00 0d 5a 58 09 63 5a 7d 94 95	1746084890.556749029
1052	0x300	214	00 03 5a 58 09 7b c9 c0 cb b4	1746084890.556749095
1053	0x300	179	00 03 5a 58 09 2b 63 e0 64 5a	1746084890.556749164
1054	0x300	195	00 03 5a 58 09 2b 63 e0 64 da	1746084890.556749231
1055	0x300	183	00 03 5a 58 09 2b 63 e0 64 da	1746084890.5567493
1056	0x300	149	00 03 5a 58 09 2b 63 e0 64 da	1746084890.556771492
1057	0x300	143	00 03 5a 58 09 2b 63 e0 64 da	1746084890.556992069
1058	0x300	73	00 03 5a 58 09 63 63 e0 64 62	1746084890.556992152
1059	0xd00	37	00 0d 5a 58 09 63 e2 60 60 60	1746084890.556992222
1060	0x300	47	00 03 5a 58 09 9b c9 c0 cb c4	1746084890.556992289
1061	0x900	130	00 09 5a 58 09 63 e2 e9 0c 48	1746084890.556992358
1062	0x900	130	00 09 5a 58 09 63 e2 ed 0c 48	1746084890.556992425
1063	0x900	129	00 09 5a 58 09 63 e2 eb 0c 48	1746084890.556992493
1064	0x900	151	00 09 5a 58 09 63 e2 ef 0c 70	1746084890.557051184
1065	0x900	169	00 09 5a 58 09 63 12 e8 0c 08	1746084890.557051252
1066	0x900	143	00 09 5a 58 09 63 12 ec 0c 50	1746084890.557051321
1067	0x900	156	00 09 5a 58 09 63 12 ea 0c f0	1746084890.557051387
1068	0x900	160	00 09 5a 58 09 63 12 ee 0c 48	1746084890.557051458
1069	0x900	152	00 09 5a 58 09 63 12 e9 0c 48	1746084890.557450158
1070	0x900	160	00 09 5a 58 09 63 12 ed 0c 48	1746084890.557450227
1071	0x900	151	00 09 5a 58 09 63 12 eb 0c 48	1746084890.557533165
1072	0x900	144	00 09 5a 58 09 63 12 ef 0c 48	1746084890.557533233
1073	0x900	152	00 09 5a 58 09 63 92 e8 0c 48	1746084890.5575333
1074	0x900	153	00 09 5a 58 09 63 92 ec 0c 48	1746084890.55753337
1075	0x900	135	00 09 5a 58 09 63 92 ea 0c 48	1746084890.557533437
1076	0x900	135	00 09 5a 58 09 63 92 ee 0c 50	1746084890.557533506
1077	0x900	166	00 09 5a 58 09 63 92 e9 0c 70	1746084890.557533573
1078	0x900	176	00 09 5a 58 09 63 92 ed 0c 08	1746084890.557533641
1079	0x900	185	00 09 5a 58 09 63 92 eb 0c 08	1746084890.558075231
1080	0x900	177	00 09 5a 58 09 63 92 ef 0c 08	1746084890.558132191
1081	0x900	142	00 09 5a 58 09 63 52 e8 0c 48	1746084890.558132248
1082	0x900	160	00 09 5a 58 09 63 52 ec 0c 48	1746084890.558132354
1083	0x900	138	00 09 5a 58 09 63 52 ea 0c 48	1746084890.55848546
1084	0x900	144	00 09 5a 58 09 63 52 ee 0c 48	1746084890.558565983
1085	0x900	146	00 09 5a 58 09 63 52 e9 0c 48	1746084890.55856605
1086	0x900	159	00 09 5a 58 09 63 52 ed 0c 48	1746084890.55856612
1087	0x900	142	00 09 5a 58 09 63 52 eb 0c 70	1746084890.558566187
1088	0x900	143	00 09 5a 58 09 63 52 ef 0c 70	1746084890.558566256
1089	0x900	140	00 09 5a 58 09 63 d2 e8 0c 50	1746084890.558566323
1090	0x900	155	00 09 5a 58 09 63 d2 ec 0c 48	1746084890.558566393
1091	0x900	160	00 09 5a 58 09 63 d2 ea 0c 70	1746084890.55856646
1092	0x900	162	00 09 5a 58 09 63 d2 ee 0c 08	1746084890.558582765
1093	0x900	146	00 09 5a 58 09 63 d2 e9 0c 48	1746084890.558582837
1094	0x900	155	00 09 5a 58 09 63 d2 ed 0c 48	1746084890.558798853
1095	0x900	158	00 09 5a 58 09 63 d2 eb 0c 48	1746084890.558798922
1096	0x900	146	00 09 5a 58 09 63 d2 ef 0c 48	1746084890.558798988
1097	0x900	145	00 09 5a 58 09 63 32 e8 0c 48	1746084890.558799056
1098	0x900	152	00 09 5a 58 09 63 32 ec 0c 48	1746084890.558799124
1099	0x900	143	00 09 5a 58 09 63 32 ea 0c 48	1746084890.558799192
1100	0x900	146	00 09 5a 58 09 63 32 ee 0c 48	1746084890.55879926
1101	0x900	145	00 09 5a 58 09 63 32 e9 0c 48	1746084890.558799328
1102	0x900	160	00 09 5a 58 09 63 32 ed 0c 48	1746084890.558819108
1103	0x900	155	00 09 5a 58 09 63 32 eb 0c 48	1746084890.558819178
1104	0x900	141	00 09 5a 58 09 63 32 ef 0c 48	1746084890.559052107
1105	0x900	133	00 09 5a 58 09 63 b2 e8 0c 70	1746084890.559052177
1106	0x900	140	00 09 5a 58 09 63 b2 ec 0c 48	1746084890.559052255
1107	0x900	154	00 09 5a 58 09 63 b2 ea 0c 48	1746084890.559052323
1108	0x900	144	00 09 5a 58 09 63 b2 ee 0c 48	1746084890.559052392
1109	0x900	137	00 09 5a 58 09 63 b2 e9 0c 48	1746084890.55905246
1110	0x900	129	00 09 5a 58 09 63 b2 ed 0c 48	1746084890.559052527
1111	0x900	129	00 09 5a 58 09 63 b2 eb 0c 48	1746084890.559052594
1112	0x900	135	00 09 5a 58 09 63 b2 ef 0c 48	1746084890.559067211
1113	0x900	128	00 09 5a 58 09 63 72 e8 0c 48	1746084890.559067279
1114	0x900	131	00 09 5a 58 09 63 72 ec 0c 48	1746084890.559317405
1115	0x900	140	00 09 5a 58 09 63 72 ea 0c c8	1746084890.559317473
1116	0x900	129	00 09 5a 58 09 63 72 ee 0c 48	1746084890.559317543
1117	0x900	142	00 09 5a 58 09 63 72 e9 0c 48	1746084890.55931761
1118	0x900	161	00 09 5a 58 09 63 72 ed 0c 48	1746084890.559317677
1119	0x900	130	00 09 5a 58 09 63 72 eb 0c a8	1746084890.559317745
1120	0x900	142	00 09 5a 58 09 63 72 ef 0c 48	1746084890.559317813
1121	0x900	142	00 09 5a 58 09 63 f2 e8 0c 48	1746084890.55931788
1122	0x900	153	00 09 5a 58 09 63 f2 ec 0c 48	1746084890.559335047
1123	0x900	128	00 09 5a 58 09 63 f2 ea 0c 48	1746084890.559335116
1124	0x900	128	00 09 5a 58 09 63 f2 ee 0c 48	1746084890.559335185
1125	0x900	137	00 09 5a 58 09 63 f2 e9 0c 48	1746084890.559752623
1126	0x900	128	00 09 5a 58 09 63 f2 ed 0c 48	1746084890.559752735
1127	0x900	129	00 09 5a 58 09 63 f2 eb 0c 48	1746084890.560110132
1128	0x900	131	00 09 5a 58 09 63 f2 ef 0c 48	1746084890.560260512
1129	0x900	129	00 09 5a 58 09 63 0a e8 0c 48	1746084890.560260594
1130	0x900	139	00 09 5a 58 09 63 0a ec 0c 48	1746084890.560260662
1131	0x900	133	00 09 5a 58 09 63 0a ea 0c 48	1746084890.560260729
1132	0x900	125	00 09 5a 58 09 63 0a ee 0c 48	1746084890.560260798
1133	0x900	130	00 09 5a 58 09 63 0a e9 0c 48	1746084890.560260866
1134	0x900	128	00 09 5a 58 09 63 0a ed 0c 48	1746084890.560260933
1135	0x900	127	00 09 5a 58 09 63 0a eb 0c 48	1746084890.560261002
1136	0x900	129	00 09 5a 58 09 63 0a ef 0c 48	1746084890.560280169
1137	0x900	126	00 09 5a 58 09 63 8a e8 0c 48	1746084890.560280241
1138	0x900	134	00 09 5a 58 09 63 8a ec 0c 48	1746084890.560280308
1139	0x900	134	00 09 5a 58 09 63 8a ea 0c 48	1746084890.560280375
1140	0x900	135	00 09 5a 58 09 63 8a ee 0c 48	1746084890.560541032
1141	0x900	135	00 09 5a 58 09 63 8a e9 0c 48	1746084890.560541098
1142	0x900	154	00 09 5a 58 09 63 8a ed 0c 48	1746084890.560541165
1143	0x900	135	00 09 5a 58 09 63 8a eb 0c 48	1746084890.560541234
1144	0x900	135	00 09 5a 58 09 63 8a ef 0c 48	1746084890.560541304
1145	0x900	135	00 09 5a 58 09 63 4a e8 0c 48	1746084890.56054137
1146	0x900	145	00 09 5a 58 09 63 4a ec 0c 48	1746084890.560541438
1147	0x900	136	00 09 5a 58 09 63 4a ea 0c 48	1746084890.560541507
1148	0x900	137	00 09 5a 58 09 63 4a ee 0c 48	1746084890.560565987
1149	0x900	136	00 09 5a 58 09 63 4a e9 0c 48	1746084890.560566056
1150	0x900	136	00 09 5a 58 09 63 4a ed 0c 48	1746084890.560566125
1151	0x900	136	00 09 5a 58 09 63 4a eb 0c 48	1746084890.560566192
1152	0x900	146	00 09 5a 58 09 63 4a ef 0c 70	1746084890.56056626
1153	0x900	136	00 09 5a 58 09 63 ca e8 0c 70	1746084890.560566328
1154	0x900	144	00 09 5a 58 09 63 ca ec 0c 08	1746084890.56080993
1155	0x900	153	00 09 5a 58 09 63 ca ea 0c 50	1746084890.560809999
1156	0x900	144	00 09 5a 58 09 63 ca ee 0c 70	1746084890.560810067
1157	0x900	150	00 09 5a 58 09 63 ca e9 0c 70	1746084890.560810134
1158	0x900	149	00 09 5a 58 09 63 ca ed 0c 08	1746084890.560810203
1159	0x900	155	00 09 5a 58 09 63 ca eb 0c 08	1746084890.560810271
1160	0x900	127	00 09 5a 58 09 63 ca ef 0c 48	1746084890.560810339
1161	0x900	130	00 09 5a 58 09 63 2a e8 0c 48	1746084890.560810406
1162	0x300	345	00 03 5a 58 09 e3 63 e0 64 2a	1746084890.560825222
1163	0x300	215	00 03 5a 58 09 2b 63 e0 64 aa	1746084890.561052505
1164	0x300	198	00 03 5a 58 09 cb 67 e0 64 aa	1746084890.561052572
1165	0x300	238	00 03 5a 58 09 ab 62 e0 64 6a	1746084890.561052639
1166	0x300	205	00 03 5a 58 09 ab 64 e0 64 6a	1746084890.561052707
1167	0x900	120	00 09 5a 58 09 63 ea ba cc c1	1746084890.561052774
1168	0xd00	438	00 0d 5a 58 09 63 ea 66 60 60	1746084890.561409997
1169	0x300	294	00 03 5a 58 09 bb cf c0 cb d4	1746084890.56141007
1170	0x300	225	00 03 5a 58 09 93 67 e0 64 9a	1746084890.561410138
1171	0xd00	420	00 0d 5a 58 09 63 9a ca c0 c0	1746084890.561410206
1172	0x300	242	00 03 5a 58 09 db cd c0 cb 34	1746084890.561410273
1173	0x300	236	00 03 5a 58 09 6b 60 e0 64 9a	1746084890.561410342
1174	0x300	115	00 03 5a 58 09 53 64 e0 64 5a	1746084890.561410412
1175	0xd00	272	00 0d 5a 58 09 63 5a c5 c0 c0	1746084890.561851237
1176	0xd00	248	00 0d 5a 58 09 63 5a 7d 94 95	1746084890.561920329
1177	0x300	214	00 03 5a 58 09 7b c9 c0 cb b4	1746084890.561920414
1178	0x300	179	00 03 5a 58 09 2b 63 e0 64 5a	1746084890.561920483
1179	0x300	195	00 03 5a 58 09 2b 63 e0 64 da	1746084890.561920552
1180	0x300	183	00 03 5a 58 09 2b 63 e0 64 da	1746084890.56192062
1181	0x300	149	00 03 5a 58 09 2b 63 e0 64 da	1746084890.561920687
1182	0x300	143	00 03 5a 58 09 2b 63 e0 64 da	1746084890.563937682
1183	0x300	64	00 03 5a 58 09 13 60 e0 64 3a	1746084890.577625707
1184	0x300	43	00 03 5a 58 09 93 fa 53 3b 9f	1746084890.641438555
1185	0x300	17	00 03 a5 04 00 15 02 c8 06 00	1746084890.670416022
1186	0x1500	18	00 15 a5 00 0d bb 64 00 00 00	1746084890.705512076
1187	0x300	55	00 03 5a 58 09 93 fa 53 3b 8b	1746084890.96245421
1188	0xa5fc	29	fc a5 7d b0 00 00 00 00 00 43	1746084890.962454992
1189	0x900	17	00 09 a5 00 0e 9a 55 d3 02 00	1746084891.056762875
1190	0x1500	18	00 15 a5 00 0e ea de 00 00 00	1746084891.093694147
1191	0xa5fc	29	fc a5 7d d0 02 00 00 00 90 1a	1746084891.10977912
1192	0x300	64	00 03 5a 58 09 93 fa 53 7b 81	1746084891.267207234
1193	0x300	57	00 03 5a 58 09 93 fa 53 3b 97	1746084891.474857244
1194	0xa5fc	29	fc a5 7d b2 00 00 00 00 90 72	1746084891.475537227
1195	0xa5fc	29	fc a5 7d e4 00 00 00 00 00 fd	1746084891.475639366
1196	0x300	74	00 03 5a 58 09 93 fa 53 3b 97	1746084891.498078918
1197	0xa5fc	29	fc a5 7d b0 00 00 00 00 00 43	1746084891.530323279
1198	0x300	59	00 03 a5 1a fc 7d d1 02 00 00	1746084891.62905107
1199	0x300	97	00 03 20 00 09 00 03 02 4e 65	1746084891.699278499
1200	0x300	44	00 03 5a 58 09 93 fa 53 3b 8b	1746084891.882442604
1201	0xa5fc	29	fc a5 7d 3d 01 00 00 00 f0 41	1746084892.084199844
1202	0x300	46	00 03 5a 58 09 93 fa 53 6b cb	1746084892.143232175
1203	0xa5fc	29	fc a5 7d e4 00 00 00 00 00 fd	1746084892.291158499
1204	0xa5fc	29	fc a5 7d ca 00 00 00 00 90 08	1746084892.336171757
1205	0xa5fc	29	fc a5 7d b2 00 00 00 00 80 76	1746084892.404658612
1206	0x300	41	00 03 5a 58 09 93 fa 53 3b 97	1746084892.432188066
1207	0x300	100	00 03 5a 78 9c 4b 60 e0 64 e0	1746084892.482242593
1208	0x300	18	00 03 a5 04 00 15 00 0f 04 00	1746084892.51213143
1209	0xa5fc	29	fc a5 7d c9 00 00 00 00 70 57	1746084892.560781177
1210	0x300	56	00 03 5a 58 09 93 fa 53 3b 87	1746084892.701278992
1211	0xd00	26	00 0d 5a 78 9c 63 10 64 60 10	1746084892.728323087
1212	0xd00	20	00 0d 5a 78 9c 63 10 62 18 05	1746084892.728409291
1213	0xd00	20	00 0d 5a 78 9c 63 10 66 18 05	1746084892.728472105
1214	0xd00	20	00 0d 5a 78 9c 63 10 61 18 05	1746084892.728548255
1215	0xd00	20	00 0d 5a 78 9c 63 10 65 18 05	1746084892.728609947
1216	0xd00	20	00 0d 5a 78 9c 63 10 63 18 05	1746084892.728680624
1217	0xd00	20	00 0d 5a 78 9c 63 10 67 18 05	1746084892.728739109
1218	0xd00	20	00 0d 5a 78 9c 63 90 60 18 05	1746084892.72879525
1219	0xd00	18	00 0d 5a 78 9c 63 90 64 a0 2a	1746084892.728847674
1220	0xd00	26	00 0d 5a 78 9c 63 90 62 60 10	1746084892.728904983
1221	0xd00	20	00 0d 5a 78 9c 63 90 66 18 05	1746084892.728961799
1222	0xd00	20	00 0d 5a 78 9c 63 90 61 18 05	1746084892.729016211
1223	0xd00	20	00 0d 5a 78 9c 63 90 65 18 05	1746084892.729070049
1224	0xd00	20	00 0d 5a 78 9c 63 90 63 18 05	1746084892.72912637
1225	0xd00	20	00 0d 5a 78 9c 63 90 67 18 05	1746084892.729180914
1226	0xd00	20	00 0d 5a 78 9c 63 50 60 18 05	1746084892.729235507
1227	0xd00	20	00 0d 5a 78 9c 63 50 64 18 05	1746084892.729291638
1228	0x1500	6	00 15 00 04 7a eb	1746084892.742989158
1229	0x300	60	00 03 5a 58 09 63 61 10 65 10	1746084892.75494879
1230	0x300	56	00 03 5a 78 9c 0b 62 e0 65 50	1746084892.768978669
1231	0xd00	26	00 0d 5a 78 9c 63 50 66 60 10	1746084892.769173666
1232	0xd00	20	00 0d 5a 78 9c 63 50 61 18 05	1746084892.769241927
1233	0xd00	20	00 0d 5a 78 9c 63 50 65 18 05	1746084892.769324771
1234	0xd00	20	00 0d 5a 78 9c 63 50 63 18 05	1746084892.769388039
1235	0xd00	20	00 0d 5a 78 9c 63 50 67 18 05	1746084892.76944336
1236	0xd00	20	00 0d 5a 78 9c 63 d0 60 18 05	1746084892.769503761
1237	0xd00	20	00 0d 5a 78 9c 63 d0 64 18 05	1746084892.769833417
1238	0xd00	20	00 0d 5a 78 9c 63 d0 62 18 05	1746084892.769895579
1239	0xd00	18	00 0d 5a 78 9c 63 d0 66 a0 2a	1746084892.76996799
1240	0xd00	26	00 0d 5a 78 9c 63 d0 61 60 10	1746084892.770033793
1241	0xd00	20	00 0d 5a 78 9c 63 d0 65 18 05	1746084892.770090067
1242	0xd00	20	00 0d 5a 78 9c 63 d0 63 18 05	1746084892.770145225
1243	0xd00	20	00 0d 5a 78 9c 63 d0 67 18 05	1746084892.770201487
1244	0xd00	20	00 0d 5a 78 9c 63 30 60 18 05	1746084892.770257112
1245	0xd00	20	00 0d 5a 78 9c 63 30 64 18 05	1746084892.770312164
1246	0xd00	20	00 0d 5a 78 9c 63 30 62 18 05	1746084892.770368194
1247	0xd00	20	00 0d 5a 78 9c 63 30 66 18 05	1746084892.7704218
1248	0xd00	18	00 0d 5a 78 9c 63 30 61 a0 2a	1746084892.770473387
1249	0xd00	26	00 0d 5a 78 9c 63 30 65 60 10	1746084892.770536644
1250	0xd00	20	00 0d 5a 78 9c 63 30 63 18 05	1746084892.770593508
1251	0xd00	20	00 0d 5a 78 9c 63 30 67 18 05	1746084892.770647159
1252	0xd00	20	00 0d 5a 78 9c 63 b0 60 18 05	1746084892.770700324
1253	0xd00	20	00 0d 5a 78 9c 63 b0 64 18 05	1746084892.770755889
1254	0xd00	20	00 0d 5a 78 9c 63 b0 62 18 05	1746084892.770809175
1255	0xd00	20	00 0d 5a 78 9c 63 b0 66 18 05	1746084892.770862323
1256	0xd00	20	00 0d 5a 78 9c 63 b0 61 18 05	1746084892.770915507
1257	0xa5fc	29	fc a5 7d c0 00 00 00 00 90 14	1746084892.78640119
1258	0x300	86	00 03 5a 58 09 63 61 10 65 50	1746084892.803106524
1259	0xa5fc	29	fc a5 7d ba 00 00 00 00 00 28	1746084892.819080228
1260	0x300	78	00 03 5a 58 09 93 fa 53 bb 80	1746084892.915636483
1261	0x300	130	00 03 5a 78 9c 0b 62 e0 65 b0	1746084892.936031455
1262	0x300	18	00 03 a5 04 00 15 00 3d 04 00	1746084892.962415735
1263	0xa5fc	29	fc a5 7d 9a 00 00 00 00 80 4e	1746084892.979632451
1264	0x300	88	00 03 5a 58 09 93 fa 53 3b 8b	1746084893.044361974
1265	0x300	59	00 03 a5 1a fc 7d 9d 00 00 00	1746084893.313027405
1266	0x300	84	00 03 5a 58 09 93 fa 53 3b 87	1746084893.366713605
1267	0xa5fc	29	fc a5 7d ca 00 00 00 00 30 08	1746084893.622284988
1268	0x300	44	00 03 5a 58 09 93 fa 53 7b 8a	1746084893.622285185
1269	0x300	43	00 03 5a 58 09 93 fa 53 7b 92	1746084893.623174443
1270	0x300	43	00 03 5a 58 09 93 fa 53 3b 87	1746084893.720148783
1271	0x5afc	49	fc 5a 78 9c ab 65 63 b8 cc c4	1746084893.811655007
1272	0xa5fc	29	fc a5 7d aa 00 00 00 00 50 e8	1746084893.848852093
1273	0x300	62	00 03 5a 58 09 93 fa 53 3b 97	1746084894.032628463
1274	0xa5fc	29	fc a5 7d a3 00 00 00 00 b0 40	1746084894.033179249
1275	0x300	54	00 03 5a 58 09 93 fa 53 bb 94	1746084894.041911614
1276	0x300	80	00 03 5a 58 09 93 fa 53 3b 8b	1746084894.074542035
1277	0xa5fc	29	fc a5 7d 3c 01 00 00 00 50 23	1746084894.106709331
1278	0x300	73	00 03 5a 58 09 93 fa 53 3b 8b	1746084894.203857265
1279	0x300	44	00 03 5a 58 09 93 fa 53 bb 94	1746084894.236738937
1280	0x300	46	00 03 5a 58 09 93 fa 53 6b cb	1746084894.252538371
1281	0xa5fc	29	fc a5 7d c9 00 00 00 00 40 5b	1746084894.317117003
1282	0x300	41	00 03 5a 58 09 93 fa 53 7b 92	1746084894.545707717
1283	0x300	41	00 03 5a 58 09 93 fa 53 7b 80	1746084894.545708085
1284	0x300	44	00 03 5a 58 09 93 fa 53 bb 8b	1746084894.575994395
1285	0x300	59	00 03 5a 78 9c 63 63 e0 64 b0	1746084894.604040269
1286	0x1500	18	00 15 a5 00 3f ea e4 00 00 00	1746084894.641432794
1287	0x300	43	00 03 5a 58 09 93 fa 53 7b 98	1746084894.851236962
1288	0x300	70	00 03 5a 58 09 93 fa 53 7b 91	1746084894.867887482
1289	0x900	44	00 09 a5 00 40 c6 46 00 00 12	1746084894.917319642
1290	0x1500	18	00 15 a5 00 40 86 49 00 00 00	1746084894.948659171
1291	0x300	43	00 03 5a 58 09 93 fa 53 7b 91	1746084894.99709
1292	0xa5fc	29	fc a5 7d d1 02 00 00 00 a0 da	1746084895.094126635
1293	0xa5fc	29	fc a5 7d 9d 00 00 00 00 40 48	1746084895.158774099
1294	0xa5fc	29	fc a5 7d 3c 01 00 00 00 80 1e	1746084895.191069947
1295	0x300	44	00 03 5a 58 09 93 fa 53 3b 97	1746084895.223547395
1296	0xa5fc	29	fc a5 7d 9a 00 00 00 00 50 52	1746084895.363261891
1297	0xa5fc	29	fc a5 7d 9d 00 00 00 00 30 49	1746084895.417404736
1298	0xa5fc	29	fc a5 7d 3d 01 00 00 00 10 42	1746084895.449744262
1301	0xa5fc	29	fc a5 7d 3d 01 00 00 00 10 42	1746084895.48226579
1302	0x300	41	00 03 5a 58 09 93 fa 53 3b 8b	1746084895.546867
1303	0x5afc	49	fc 5a 78 9c ab e5 64 b8 cc c4	1746084895.593299643
1304	0xa5fc	29	fc a5 7d 9f 00 00 00 00 f0 43	1746084895.643543404
1305	0xa5fc	29	fc a5 7d c9 00 00 00 00 f0 61	1746084895.724344948
1306	0x300	56	00 03 5a 58 09 93 fa 53 3b 9f	1746084895.876872825
1307	0x900	63	00 09 5a 78 9c 63 70 3c e6 c6	1746084895.922931612
1308	0x300	37	00 03 a5 04 00 15 00 41 1a fc	1746084895.949718601
1309	0x300	46	00 03 5a 58 09 93 fa 53 6b c3	1746084896.183369529
1310	0xa5fc	29	fc a5 7d d0 02 00 00 00 10 1a	1746084896.241186921
1311	0x300	61	00 03 5a 58 09 93 fa 53 3b 8b	1746084896.273646076
1312	0xa5fc	29	fc a5 7d 3d 01 00 00 00 70 42	1746084896.593121208
1313	0x300	70	00 03 5a 58 09 93 fa 53 3b 97	1746084896.593121537
1314	0x5afc	49	fc 5a 78 9c ab e5 66 b8 cc c4	1746084896.625880397
1315	0x300	46	00 03 5a 58 09 93 fa 53 6b cb	1746084896.62836671
1316	0xa5fc	29	fc a5 7d 9a 00 00 00 00 70 53	1746084896.661013416
1317	0x300	44	00 03 5a 58 09 93 fa 53 bb 80	1746084896.899558807
1318	0x300	54	00 03 5a 58 09 93 fa 53 7b 92	1746084896.899559122
1319	0x900	27	00 09 a5 00 42 c6 46 00 68 01	1746084896.937544026
1320	0x1500	18	00 15 a5 00 42 e7 65 00 00 00	1746084896.966248643
1321	0x300	64	00 03 5a 58 09 93 fa 53 7b 92	1746084897.013899189
1322	0xa5fc	29	fc a5 7d ca 00 00 00 00 b0 00	1746084897.206064296
1323	0xa5fc	29	fc a5 7d 3c 01 00 00 00 40 24	1746084897.415451922
1324	0x300	46	00 03 5a 58 09 93 fa 53 6b c3	1746084897.416211714
1325	0xa5fc	29	fc a5 7d d1 02 00 00 00 70 d4	1746084897.432563855
1326	0xa5fc	29	fc a5 7d a5 00 00 00 00 d0 e3	1746084897.464786083
1327	0xa5fc	51	fc a5 7d 0c 00 d3 02 00 00 00	1746084897.502439066
1328	0x300	46	00 03 5a 58 09 93 fa 53 7b 91	1746084897.530061743
1329	0x900	18	00 09 00 05 00 00 c8 ec 00 00	1746084897.718109633
1330	0x900	18	00 09 00 05 00 00 c8 ec 00 00	1746084897.718109843
1331	0xa5fc	29	fc a5 7d 9d 00 00 00 00 20 44	1746084897.723381166
1332	0x1500	6	00 15 00 05 4a 7d	1746084897.726488247
1333	0x300	73	00 03 5a 78 9c 33 f8 53 cb cb	1746084897.775830675
1334	0xa5fc	29	fc a5 7d 9d 00 00 00 00 20 44	1746084897.788021028
1335	0x1500	18	00 15 a5 00 43 d7 f3 00 00 00	1746084897.804682472
1336	0xa5fc	29	fc a5 7d 3d 01 00 00 00 d0 42	1746084898.030321554
1337	0xa5fc	29	fc a5 7d 3d 01 00 00 00 d0 42	1746084898.047588171
1338	0xa5fc	51	fc a5 7d 0e 00 d3 02 00 00 00	1746084898.071138551
1339	0xa5fc	29	fc a5 7d a3 00 00 00 00 70 4e	1746084898.144013248
1340	0xa5fc	29	fc a5 7d c9 00 00 00 00 50 6d	1746084898.208030091
1341	0x300	44	00 03 5a 58 09 93 fa 53 7b 8a	1746084898.33625197
1342	0xa5fc	51	fc a5 7d 0f 00 d3 02 00 00 00	1746084898.345942307
1343	0xa5fc	29	fc a5 7d b2 00 00 00 00 f0 61	1746084898.394555645
1344	0xa5fc	29	fc a5 7d 3c 01 00 00 00 40 29	1746084898.418636078
1345	0x300	61	00 03 5a 58 09 93 fa 53 bb 94	1746084898.450736627
1346	0xa5fc	51	fc a5 7d 10 00 d3 02 00 00 00	1746084898.643921493
1347	0x300	87	00 03 5a 58 09 93 fa 53 7b 91	1746084898.687315512
1348	0x300	66	00 03 5a 58 09 93 fa 53 3b 97	1746084898.687315935
1349	0xa5fc	29	fc a5 7d 9c 00 00 00 00 70 42	1746084898.749566004
1350	0xa5fc	29	fc a5 7d 9d 00 00 00 00 b0 3f	1746084898.771569349
1351	0xa5fc	29	fc a5 7d 9d 00 00 00 00 b0 3f	1746084898.803769511
1352	0xa5fc	29	fc a5 7d aa 00 00 00 00 70 e9	1746084898.837233995
1353	0x300	80	00 03 5a 78 9c 33 f8 53 2b c8	1746084898.93524642
1354	0x1500	18	00 15 a5 00 44 42 50 00 00 00	1746084898.96669556
1355	0x5afc	49	fc 5a 78 9c ab 15 62 b8 cc c4	1746084899.223447352
1356	0x300	44	00 03 5a 58 09 93 fa 53 bb 98	1746084899.258148444
1357	0x300	44	00 03 5a 58 09 93 fa 53 7b 92	1746084899.258148631
1358	0x900	18	00 09 a5 02 c9 e8 08 23 02 1d	1746084899.565145496
1359	0x900	18	00 09 a5 02 c9 e8 08 23 02 1d	1746084899.565145894
1360	0xa5fc	29	fc a5 7d c0 00 00 00 00 20 0c	1746084899.565526898
1361	0xa5fc	29	fc a5 7d ba 00 00 00 00 80 2e	1746084899.581705811
1362	0xa5fc	29	fc a5 7d 3d 01 00 00 00 40 43	1746084899.615364888
1363	0x300	57	00 03 5a 78 9c 33 f8 53 2b cc	1746084899.635746368
1364	0x300	44	00 03 5a 58 09 93 fa 53 3b 97	1746084899.767846725
1365	0x300	56	00 03 5a 58 09 93 fa 53 bb 8b	1746084899.8387102
1366	0x300	45	00 03 5a 58 09 93 fa 53 7b 98	1746084899.871562414
1367	0xa5fc	29	fc a5 7d c9 00 00 00 00 a0 69	1746084899.936057328
1368	0x900	42	00 09 5a 78 9c 63 70 3d e6 c6	1746084899.951997793
1369	0x300	89	00 03 5a 58 09 93 fa 53 7b 91	1746084900.003175411
1370	0x1500	18	00 15 a5 00 45 72 c6 00 00 00	1746084900.004806776
1371	0x300	43	00 03 5a 58 09 93 fa 53 7b 91	1746084900.096698887
1372	0xa5fc	29	fc a5 7d d0 02 00 00 00 90 19	1746084900.129252444
1373	0x900	13	00 09 a5 00 46 5d 07 ce 02 00	1746084900.2862406
1374	0x300	54	00 03 a5 04 00 15 00 46 05 b1	1746084900.323582742
1375	0x900	18	00 09 a5 02 ca 72 02 00 00 00	1746084900.339836748
1376	0x300	56	00 03 5a 58 09 93 fa 53 3b 8b	1746084900.355262827
1377	0xa5fc	29	fc a5 7d 9d 00 00 00 00 b0 3c	1746084900.452932617
1378	0xa5fc	29	fc a5 7d 9d 00 00 00 00 c0 3c	1746084900.484382728
1379	0x300	57	00 03 5a 78 9c 63 61 10 65 3a	1746084900.493170299
1380	0x300	44	00 03 5a 58 09 93 fa 53 3b 8b	1746084900.548649798
1381	0x300	43	00 03 5a 58 09 93 fa 53 6b cb	1746084900.689464104
1382	0x300	57	00 03 5a 58 09 e3 63 e0 64 3a	1746084900.893089021
1383	0x900	18	00 09 a5 02 cb bc 16 00 00 00	1746084900.89308971
1384	0xa5fc	29	fc a5 7d 3d 01 00 00 00 30 43	1746084900.893583723
1385	0xa5fc	29	fc a5 7d 3d 01 00 00 00 30 43	1746084900.893660349
1386	0xa5fc	29	fc a5 7d aa 00 00 00 00 e0 e9	1746084900.902490827
1387	0x300	60	00 03 5a 78 9c f3 66 e0 64 70	1746084900.964722962
1388	0xa5fc	29	fc a5 7d ba 00 00 00 00 80 2e	1746084900.967231441
1389	0x300	59	00 03 5a 58 09 93 fa 53 7b 80	1746084901.000032576
1390	0x300	57	00 03 5a 58 09 93 fa 53 7b 92	1746084901.202965128
1391	0x300	67	00 03 5a 58 09 93 fa 53 7b 81	1746084901.203058473
1392	0xa5fc	51	fc a5 7d 15 00 d3 02 00 00 00	1746084901.301059551
1393	0x300	62	00 03 5a 58 09 93 fa 53 3b 97	1746084901.40118453
1394	0x300	44	00 03 5a 58 09 93 fa 53 bb 8b	1746084901.433551486
1395	0x300	41	00 03 5a 58 09 93 fa 53 bb 98	1746084901.498453062
1396	0xa5fc	29	fc a5 7d 9f 00 00 00 00 10 2c	1746084901.583875343
1397	0xa5fc	51	fc a5 7d 16 00 d3 02 00 00 00	1746084901.609191697
1398	0xa5fc	29	fc a5 7d 9a 00 00 00 00 f0 6a	1746084901.814407588
1399	0xa5fc	29	fc a5 7d a0 00 00 00 00 f0 29	1746084901.815272607
1400	0xa5fc	29	fc a5 7d ca 00 00 00 00 00 08	1746084901.85944424
1401	0x300	81	00 03 5a 58 09 93 fa 53 3b 97	1746084901.885466798
1402	0x300	92	00 03 5a 78 9c 33 f8 53 ab c6	1746084901.898220584
1403	0x1500	18	00 15 a5 00 48 0e 7b 00 00 00	1746084901.933562434
1404	0x300	41	00 03 5a 58 09 93 fa 53 bb 8a	1746084901.949651052
1405	0x300	59	00 03 a5 1a fc 7d d1 02 00 00	1746084902.013471498
1406	0x300	41	00 03 5a 58 09 93 fa 53 7b 96	1746084902.078643551
1407	0x300	54	00 03 5a 58 09 93 fa 53 bb 80	1746084902.144583145
1408	0xa5fc	51	fc a5 7d 3a 00 d3 02 00 00 00	1746084902.18442976
1409	0xa5fc	29	fc a5 7d c9 00 00 00 00 00 5e	1746084902.327971899
1410	0xa5fc	29	fc a5 7d a3 00 00 00 00 f0 43	1746084902.423460923
1411	0xa5fc	51	fc a5 7d 44 00 d3 02 00 00 00	1746084902.470876659
1412	0x300	44	00 03 5a 58 09 93 fa 53 bb 98	1746084902.531579194
1413	0xa5fc	29	fc a5 7d 9d 00 00 00 00 b0 37	1746084902.561971182
1414	0x300	65	00 03 5a 58 09 93 fa 53 3b 8b	1746084902.660105162
1415	0x300	43	00 03 5a 58 09 93 fa 53 bb 80	1746084902.756208953
1416	0xa5fc	51	fc a5 7d 50 00 d3 02 00 00 00	1746084902.764360839
1417	0x900	27	00 09 a5 00 49 c6 46 00 68 01	1746084902.994091898
1418	0x1500	18	00 15 a5 00 49 3e ed 00 00 00	1746084903.029553236
1419	0xa5fc	29	fc a5 7d c9 00 00 00 00 00 5e	1746084903.044611352
1420	0x300	76	00 03 5a 58 09 93 fa 53 7b 91	1746084903.076898257
1421	0xa5fc	51	fc a5 7d 5a 00 d3 02 00 00 00	1746084903.201805309
1422	0x300	44	00 03 5a 58 09 93 fa 53 7b 8a	1746084903.235169682
1423	0xa5fc	29	fc a5 7d 9f 00 00 00 00 50 23	1746084903.350159762
1424	0xa5fc	29	fc a5 7d b2 00 00 00 00 60 4d	1746084903.400080541
1425	0x300	95	00 03 5a 78 9c 33 f8 53 9b c7	1746084903.49192876
1426	0xa5fc	29	fc a5 7d a5 00 00 00 00 b0 cb	1746084903.504657156
1427	0x1500	18	00 15 a5 00 4a 6f 57 00 00 00	1746084903.529695978
1428	0xa5fc	29	fc a5 7d a3 00 00 00 00 80 40	1746084903.561947466
1429	0x300	219	00 03 5a 58 09 63 2b 2f bc cc	1746084903.595783128
1430	0x300	203	00 03 5a 58 09 63 67 e0 64 3a	1746084903.610728895
1431	0xa5fc	29	fc a5 7d ce 02 00 00 00 80 08	1746084903.627096112
1432	0x300	81	00 03 5a 58 09 93 fa 53 7b 8e	1746084903.692023149
1433	0x300	59	00 03 a5 04 00 15 02 d4 30 fc	1746084903.762053095
1434	0x300	59	00 03 a5 1a fc 7d ce 02 00 00	1746084903.78012773
1435	0x300	56	00 03 5a 58 09 93 fa 53 3b 8b	1746084903.821143662
1436	0x900	392	00 09 5a 78 9c 55 ca 4d 48 54	1746084903.827115679
1437	0x1500	18	00 15 a5 00 4b 5f c1 00 00 00	1746084903.852565572
1438	0x900	18	00 09 a5 02 d5 81 17 00 02 00	1746084903.884262057
1439	0x900	18	00 09 a5 02 d5 81 17 00 02 00	1746084903.900286452
1440	0x300	44	00 03 5a 58 09 93 fa 53 3b 8b	1746084903.949381444
1441	0x1500	7	00 15 a5 02 d5 83 00	1746084904.055976327
1442	0xa5fc	29	fc a5 7d 9d 00 00 00 00 b0 31	1746084904.273824664
1443	0x300	59	00 03 a5 1a fc 7d d1 02 00 00	1746084904.315164362
1444	0x300	41	00 03 5a 58 09 93 fa 53 3b 9f	1746084904.315877433
1445	0x300	81	00 03 5a 58 09 93 fa 53 7b 91	1746084904.319516826
1446	0xa5fc	29	fc a5 7d ca 00 00 00 00 00 06	1746084904.352316343
1447	0xa5fc	29	fc a5 7d ca 00 00 00 00 00 06	1746084904.448053915
1448	0x5afc	50	fc 5a 78 9c ab ad 61 b8 cc c4	1746084904.686477317
1449	0x300	57	00 03 5a 58 09 93 fa 53 bb 98	1746084904.707346728
1450	0x300	57	00 03 5a 58 09 93 fa 53 7b 8e	1746084904.771697356
1451	0x300	73	00 03 5a 58 09 93 fa 53 bb 98	1746084904.836312408
1452	0xd00	458	00 0d 5a 78 9c 55 d0 4f 48 d3	1746084904.852289756
1453	0x300	45	00 03 5a 58 09 93 fa 53 7b 98	1746084904.868620392
1454	0x1500	18	00 15 a5 00 4c ca 62 00 00 00	1746084904.886359601
1455	0xa5fc	29	fc a5 7d 9a 00 00 00 00 60 63	1746084904.965542468
1456	0xd00	239	00 0d 5a 78 9c 55 ca 3d 4b 42	1746084905.019057373
1457	0x1500	18	00 15 a5 00 4d fa f4 00 00 00	1746084905.046800848
1458	0x300	41	00 03 5a 58 09 93 fa 53 3b 8b	1746084905.105545241
1459	0xa5fc	29	fc a5 7d ba 00 00 00 00 70 1b	1746084905.126472325
1460	0xa5fc	51	fc a5 7d 7d 00 d3 02 00 00 00	1746084905.367101979
1461	0x300	68	00 03 5a 58 09 93 fa 53 3b 97	1746084905.371112313
1462	0xa5fc	29	fc a5 7d ba 00 00 00 00 a0 1a	1746084905.371215422
1463	0xa5fc	29	fc a5 7d 3c 01 00 00 00 90 2e	1746084905.384342158
1464	0x300	84	00 03 5a 58 09 93 fa 53 6b c3	1746084905.48133705
1465	0x5afc	50	fc 5a 78 9c ab ad 63 b8 cc c4	1746084905.661406164
1466	0x300	61	00 03 5a 58 09 93 fa 53 bb 94	1746084905.663786841
1467	0x300	44	00 03 5a 58 09 93 fa 53 3b 87	1746084905.80785421
1468	0xa5fc	51	fc a5 7d 7f 00 d3 02 00 00 00	1746084905.854805206
1469	0xd00	451	00 0d 5a 78 9c 55 ce 4b 48 d4	1746084905.855128002
1470	0x1500	18	00 15 a5 00 4e ab 4e 00 00 00	1746084905.91430011
1471	0xa5fc	29	fc a5 7d 3d 01 00 00 00 b0 41	1746084905.914300445
1472	0x300	41	00 03 5a 58 09 93 fa 53 7b 88	1746084905.996830326
1473	0xd00	102	00 0d 5a 78 9c 63 f0 97 3b b2	1746084906.021900248
1474	0x1500	18	00 15 a5 00 4f 9b d8 00 00 00	1746084906.047411296
1475	0xa5fc	29	fc a5 7d a3 00 00 00 00 b0 38	1746084906.126662521
1476	0xa5fc	29	fc a5 7d d0 02 00 00 00 40 1a	1746084906.190858945
1477	0xa5fc	51	fc a5 7d 80 00 d3 02 00 00 00	1746084906.231175228
1478	0x300	43	00 03 5a 58 09 93 fa 53 bb 98	1746084906.255687333
1479	0x300	40	00 03 5a 58 09 93 fa 53 7b 98	1746084906.287976855
1480	0x300	49	00 03 a5 06 77 71 d3 02 05 0a	1746084906.321092244
1481	0x900	39	00 09 a5 02 d6 15 6f ce 02 d3	1746084906.336714401
1482	0xa5fc	29	fc a5 7d a3 00 00 00 00 40 38	1746084906.35319615
1483	0xa5fc	29	fc a5 7d 9a 00 00 00 00 00 5f	1746084906.385208785
1484	0x1500	7	00 15 a5 02 d6 d2 ba	1746084906.503049178
1485	0xa5fc	29	fc a5 7d 9a 00 00 00 00 00 5f	1746084906.505614646
1486	0x300	66	00 03 a5 06 77 71 ce 02 08 0a	1746084906.596023729
1487	0x300	59	00 03 a5 10 00 09 02 d7 28 28	1746084906.612105454
1488	0x300	62	00 03 5a 58 09 93 fa 53 7b 91	1746084906.660996043
1489	0x300	59	00 03 a5 30 fc 7d 81 00 d3 02	1746084906.727765784
1490	0x600	18	00 06 04 96 00 00 00 00 00 00	1746084906.729949687
1491	0xa5fc	29	fc a5 7d e5 00 00 00 00 70 f3	1746084906.729949959
1492	0x300	69	00 03 5a 58 09 93 fa 53 7b 91	1746084906.758007967
1493	0x900	27	00 09 a5 00 50 c6 46 56 82 f8	1746084907.024335282
1494	0x300	65	00 03 5a 58 09 93 fa 53 6b c3	1746084907.026362361
1495	0x300	66	00 03 5a 58 09 93 fa 53 bb 8a	1746084907.027206602
1496	0x300	51	00 03 5a 58 09 93 fa 53 7b 98	1746084907.027309481
1497	0x300	41	00 03 5a 58 09 93 fa 53 7b 8a	1746084907.027309974
1498	0xa5fc	29	fc a5 7d 9a 00 00 00 00 30 5d	1746084907.049743077
1499	0x1500	18	00 15 a5 00 50 96 2d 00 00 00	1746084907.065147168
1500	0xa5fc	29	fc a5 7d 3d 01 00 00 00 c0 41	1746084907.11366838
1501	0x300	43	00 03 5a 58 09 93 fa 53 6b cb	1746084907.146279783
1502	0xa5fc	29	fc a5 7d ca 00 00 00 00 b0 00	1746084907.178700747
1503	0x900	25	00 09 5a 78 9c 63 08 5c a0 cf	1746084907.258852629
1504	0x300	44	00 03 5a 58 09 93 fa 53 3b 8b	1746084907.275831785
1505	0x1500	18	00 15 a5 00 51 a6 bb 00 00 00	1746084907.291315557
1506	0xa5fc	29	fc a5 7d 9d 00 00 00 00 a0 3a	1746084907.454269184
1507	0xa5fc	29	fc a5 7d ba 00 00 00 00 80 19	1746084907.501749182
1508	0x300	63	00 03 5a 58 09 93 fa 53 bb 98	1746084907.566556371
1509	0xa5fc	51	fc a5 7d 8a 00 d3 02 00 00 00	1746084907.7233159
1510	0xa5fc	29	fc a5 7d 9f 00 00 00 00 d0 31	1746084907.727040706
1511	0xa5fc	29	fc a5 7d a0 00 00 00 00 f0 16	1746084907.791877563
1512	0x900	47	00 09 5a 78 9c 63 08 3a e6 16	1746084908.033980879
1513	0xa5fc	29	fc a5 7d 3c 01 00 00 00 50 23	1746084908.036020024
1514	0xa5fc	29	fc a5 7d ba 00 00 00 00 80 19	1746084908.036021845
1515	0x300	46	00 03 5a 58 09 93 fa 53 6b c3	1746084908.04859104
1516	0x1500	18	00 15 a5 00 52 f7 01 00 00 00	1746084908.06446999
1517	0xa5fc	29	fc a5 7d 9d 00 00 00 00 b0 3d	1746084908.112789175
1518	0x300	73	00 03 5a 58 09 93 fa 53 3b 97	1746084908.176773604
1519	0x300	41	00 03 5a 58 09 93 fa 53 7b 8a	1746084908.369757991
1520	0xa5fc	29	fc a5 7d c2 00 00 00 00 70 1b	1746084908.369849893
1521	0xa5fc	29	fc a5 7d 9a 00 00 00 00 80 58	1746084908.572757375
1522	0x300	43	00 03 5a 58 09 93 fa 53 3b 8b	1746084908.572759034
1523	0xa5fc	29	fc a5 7d d1 02 00 00 00 10 da	1746084908.595646328
1524	0x900	19	00 09 a5 02 d9 28 28 d3 02 63	1746084908.644468206
1525	0x900	19	00 09 a5 02 d9 28 28 d3 02 63	1746084908.660474728
1526	0x300	64	00 03 5a 58 09 93 fa 53 3b 9f	1746084908.709067762
1527	0xa5fc	29	fc a5 7d a3 00 00 00 00 20 3c	1746084908.741563193
1528	0x300	59	00 03 a5 30 fc 7d 8c 00 d3 02	1746084908.762326908
1529	0x300	89	00 03 5a 58 09 93 fa 53 7b 91	1746084908.805925812
1530	0x900	153	00 09 5a 78 9c 63 08 3e e6 16	1746084909.032339247
1531	0x300	110	00 03 5a 58 09 63 2b 2f bc cc	1746084909.034443324
1532	0x300	52	00 03 a5 09 00 09 02 da b1 37	1746084909.047564748
1533	0x1500	18	00 15 a5 00 53 c7 97 00 00 00	1746084909.063918406
1534	0x300	44	00 03 5a 58 09 93 fa 53 bb 80	1746084909.096654041
1535	0x300	43	00 03 5a 58 09 93 fa 53 3b 97	1746084909.128881366
1536	0x1500	7	00 15 a5 02 db ae 07	1746084909.218708731
1537	0xa5fc	51	fc a5 7d 8e 00 d3 02 00 00 00	1746084909.46849597
1538	0xa5fc	29	fc a5 7d 9d 00 00 00 00 90 3c	1746084909.47067921
1539	0xa5fc	29	fc a5 7d 9d 00 00 00 00 a0 3c	1746084909.47144815
1540	0xa5fc	29	fc a5 7d ca 00 00 00 00 40 03	1746084909.483965416
1541	0xa5fc	29	fc a5 7d ce 02 00 00 00 90 08	1746084909.516312129
1542	0xa5fc	29	fc a5 7d 9a 00 00 00 00 c0 54	1746084909.548437773
1543	0x300	65	00 03 5a 58 09 93 fa 53 3b 8b	1746084909.581433606
1544	0x300	48	00 03 5a 58 09 63 2b 2f 3c c7	1746084909.613373092
1545	0x900	38	00 09 5a 58 09 63 ba 23 9a 7f	1746084909.629768363
1546	0x300	59	00 03 a5 30 fc 7d a2 00 d3 02	1746084909.763661134
1547	0xa5fc	29	fc a5 7d a3 00 00 00 00 a0 3f	1746084909.840853229
1548	0xa5fc	29	fc a5 7d ce 02 00 00 00 90 08	1746084909.872785571
1549	0x300	44	00 03 5a 58 09 93 fa 53 bb 98	1746084909.970121816
1550	0x300	46	00 03 5a 58 09 93 fa 53 7b 91	1746084910.002478124
1551	0x300	79	00 03 a5 30 fc 7d a9 00 d3 02	1746084910.03360436
1552	0x300	46	00 03 5a 58 09 93 fa 53 6b c3	1746084910.034637774
1553	0x1500	18	00 15 a5 00 54 52 34 00 00 00	1746084910.066918916
1554	0xa5fc	29	fc a5 7d ce 02 00 00 00 90 08	1746084910.098936024
1555	0xa5fc	51	fc a5 7d b3 00 d3 02 00 00 00	1746084910.327067434
1556	0xa5fc	29	fc a5 7d b2 00 00 00 00 20 5e	1746084910.406352927
1557	0x300	44	00 03 5a 58 09 93 fa 53 3b 97	1746084910.421214261
1558	0xa5fc	29	fc a5 7d ce 02 00 00 00 90 08	1746084910.455513582
1559	0xa5fc	51	fc a5 7d c0 00 d3 02 00 00 00	1746084910.618309903
1560	0xa5fc	29	fc a5 7d a5 00 00 00 00 b0 d3	1746084910.621770847
1561	0x300	58	00 03 5a 58 09 93 fa 53 3b 97	1746084910.622338479
1562	0xa5fc	29	fc a5 7d ce 02 00 00 00 90 08	1746084910.664181711
1563	0x300	41	00 03 5a 58 09 93 fa 53 7b 8a	1746084910.729319911
1564	0x300	44	00 03 5a 58 09 93 fa 53 bb 94	1746084910.795910582
1565	0xa5fc	29	fc a5 7d 9c 00 00 00 00 b0 3e	1746084910.795910913
1566	0x300	87	00 03 5a 78 9c 33 f8 53 7b 90	1746084910.888055891
1567	0x1500	18	00 15 a5 00 55 62 a2 00 00 00	1746084910.923158192
1568	0xa5fc	29	fc a5 7d 9c 00 00 00 00 20 40	1746084911.133055592
1569	0x300	59	00 03 a5 1a fc 7d 3c 01 00 00	1746084911.212533113
1570	0x300	78	00 03 5a 58 09 93 fa 53 3b 97	1746084911.244795383
1571	0x300	68	00 03 5a 58 09 93 fa 53 3b 87	1746084911.441530068
1572	0xa5fc	29	fc a5 7d 3d 01 00 00 00 20 43	1746084911.535963104
1573	0x300	46	00 03 5a 58 09 93 fa 53 6b cb	1746084911.632290928
1574	0xa5fc	29	fc a5 7d a3 00 00 00 00 40 45	1746084911.729419767
1575	0x300	127	00 03 5a 58 09 63 2b 2f bc cc	1746084911.770089853
1576	0x300	71	00 03 a5 12 00 09 02 dd 4c 00	1746084911.786343752
1577	0x300	59	00 03 a5 30 fc 7d c2 00 d3 02	1746084911.786979827
1578	0xa5fc	29	fc a5 7d ce 02 00 00 00 90 08	1746084911.818926948
1579	0x900	434	00 09 5a 78 9c 55 cd 31 48 94	1746084911.892208945
1580	0x1500	18	00 15 a5 00 56 33 18 00 00 00	1746084911.915812925
1581	0xa5fc	29	fc a5 7d aa 00 00 00 00 b0 e7	1746084911.948080621
1582	0x300	45	00 03 5a 58 09 93 fa 53 7b 98	1746084911.980608347
1583	0xa5fc	29	fc a5 7d ca 00 00 00 00 40 08	1746084912.013130499
1584	0xa5fc	29	fc a5 7d c2 00 00 00 00 80 2e	1746084912.045335016
1585	0x300	63	00 03 5a 58 09 93 fa 53 7b 8a	1746084912.259517317
1586	0xa5fc	29	fc a5 7d 3c 01 00 00 00 40 29	1746084912.259943399
1587	0x300	59	00 03 a5 1a fc 7d 3c 01 00 00	1746084912.271881753
1588	0x300	55	00 03 5a 58 09 93 fa 53 7b 81	1746084912.303585712
1589	0x300	39	00 03 5a 58 09 93 fa 53 7b 98	1746084912.566263918
1590	0x300	60	00 03 5a 58 09 93 fa 53 3b 9f	1746084912.59524854
1591	0x300	49	00 03 a5 06 77 71 ce 02 08 0a	1746084912.627385047
1592	0x900	38	00 09 5a 58 09 63 7a 20 9a 7f	1746084912.64324904
1593	0x300	41	00 03 5a 58 09 93 fa 53 bb 98	1746084912.708391303
1594	0xa5fc	29	fc a5 7d c2 00 00 00 00 80 2e	1746084912.755768907
1595	0x300	59	00 03 a5 30 fc 7d c3 00 d3 02	1746084912.788220448
1596	0x300	41	00 03 5a 58 09 93 fa 53 3b 8b	1746084912.821164861
1597	0x900	359	00 09 5a 78 9c 55 ce 4d 28 c3	1746084912.890531668
1598	0x1500	18	00 15 a5 00 57 03 8e 00 00 00	1746084912.916349614
1599	0x300	46	00 03 5a 58 09 93 fa 53 6b cb	1746084913.283222486
1600	0x300	41	00 03 5a 58 09 93 fa 53 7b 8e	1746084913.283222807
1601	0xa5fc	29	fc a5 7d 9d 00 00 00 00 30 49	1746084913.355377848
1602	0x300	94	00 03 5a 58 09 93 fa 53 7b 81	1746084913.366693991
1603	0x300	46	00 03 5a 58 09 93 fa 53 6b cb	1746084913.430973455
1604	0x300	71	00 03 5a 58 09 93 fa 53 3b 9f	1746084913.499734653
1605	0xa5fc	29	fc a5 7d 3c 01 00 00 00 90 2f	1746084913.560145402
1606	0x300	44	00 03 5a 58 09 93 fa 53 7b 88	1746084913.625009543
1607	0xa5fc	29	fc a5 7d 3c 01 00 00 00 90 2f	1746084913.690031549
1608	0xa5fc	51	fc a5 7d c5 00 d3 02 00 00 00	1746084913.795563916
1609	0xa5fc	29	fc a5 7d a3 00 00 00 00 60 41	1746084913.850917707
1610	0x300	43	00 03 5a 58 09 93 fa 53 bb 98	1746084913.948061088
1611	0x300	54	00 03 5a 58 09 93 fa 53 bb 94	1746084914.019867368
1612	0x300	79	00 03 a5 18 00 09 00 58 c6 46	1746084914.065803247
1613	0x1500	18	00 15 a5 00 58 1e 1f 00 00 00	1746084914.093578162
1614	0xa5fc	29	fc a5 7d a0 00 00 00 00 00 2f	1746084914.110304198
1615	0xa5fc	29	fc a5 7d ce 02 00 00 00 90 08	1746084914.142151652
1616	0x300	43	00 03 5a 58 09 93 fa 53 bb 8a	1746084914.207285875
1617	0xa5fc	29	fc a5 7d a0 00 00 00 00 40 30	1746084914.40985414
1618	0x300	90	00 03 5a 58 09 63 2b 2f bc cc	1746084914.481936865
1619	0x300	52	00 03 a5 09 00 09 02 e1 b1 37	1746084914.536280858
1620	0x300	67	00 03 5a 58 09 93 fa 53 3b 97	1746084914.536281159
1621	0x300	44	00 03 5a 58 09 93 fa 53 7b 81	1746084914.578274573
1622	0xa5fc	29	fc a5 7d ca 00 00 00 00 00 06	1746084914.642770492
1623	0x300	59	00 03 a5 04 00 15 02 e2 30 fc	1746084914.650354991
1624	0x900	19	00 09 a5 02 e3 28 28 d3 02 65	1746084914.674352024
1625	0x900	19	00 09 a5 02 e3 28 28 d3 02 65	1746084914.690243933
1626	0x300	58	00 03 5a 58 09 93 fa 53 6b c3	1746084914.707029349
1627	0x1500	7	00 15 a5 02 e3 16 99	1746084914.858499185
1628	0x300	46	00 03 5a 58 09 93 fa 53 6b c3	1746084914.860759962
1629	0xa5fc	29	fc a5 7d a3 00 00 00 00 e0 3d	1746084915.025360365
1630	0x300	64	00 03 5a 58 09 93 fa 53 7b 91	1746084915.025361018
1631	0x900	27	00 09 a5 00 59 c6 46 24 74 f7	1746084915.067088226
1632	0x300	44	00 03 5a 58 09 93 fa 53 bb 98	1746084915.095904003
1633	0x1500	18	00 15 a5 00 59 2e 89 00 00 00	1746084915.111539017
1634	0xa5fc	29	fc a5 7d b2 00 00 00 00 a0 72	1746084915.436674255
1635	0xa5fc	29	fc a5 7d d1 02 00 00 00 10 be	1746084915.454535005
1636	0x300	48	00 03 5a 58 09 63 2b 2f 3c c7	1746084915.743828237
1637	0x900	38	00 09 5a 58 09 63 7a 22 9a 7f	1746084915.743922031
1638	0x600	18	00 06 04 96 00 00 00 00 00 00	1746084915.743922152
1639	0xa5fc	29	fc a5 7d ca 00 00 00 00 c0 03	1746084915.744873706
1640	0x300	59	00 03 a5 30 fc 7d de 00 d3 02	1746084915.820136314
1641	0xa5fc	29	fc a5 7d 3c 01 00 00 00 70 39	1746084915.83645369
1642	0x300	44	00 03 5a 58 09 93 fa 53 7b 8a	1746084915.897496527
1643	0x900	296	00 09 5a 78 9c 4d cf 3f 28 04	1746084915.906893083
1644	0x1500	18	00 15 a5 00 5a 7f 33 00 00 00	1746084915.933483102
1645	0xa5fc	51	fc a5 7d e4 00 d3 02 00 00 00	1746084916.114293926
1646	0xa5fc	29	fc a5 7d ce 02 00 00 00 90 08	1746084916.190418671
1647	0xa5fc	29	fc a5 7d b2 00 00 00 00 80 76	1746084916.254792243
1648	0xa5fc	51	fc a5 7d f0 00 d3 02 00 00 00	1746084916.405782067
1649	0x300	56	00 03 5a 58 09 93 fa 53 3b 87	1746084916.427859748
1650	0x300	46	00 03 5a 58 09 93 fa 53 7b 91	1746084916.448234074
1651	0x300	44	00 03 5a 58 09 93 fa 53 bb 98	1746084916.512979659
1652	0xa5fc	29	fc a5 7d 9d 00 00 00 00 40 40	1746084916.61004959
1653	0xa5fc	29	fc a5 7d ce 00 00 00 00 a0 d6	1746084916.71007828
1654	0xa5fc	51	fc a5 7d f1 00 d3 02 00 00 00	1746084916.816429181
1655	0x300	46	00 03 5a 58 09 93 fa 53 6b c3	1746084916.818473352
1656	0xa5fc	29	fc a5 7d a3 00 00 00 00 40 38	1746084916.868886505
1657	0x900	138	00 09 5a 78 9c 63 88 3e e6 e6	1746084917.08740395
1658	0x1500	18	00 15 a5 00 5b 4f a5 00 00 00	1746084917.11095708
1659	0xa5fc	29	fc a5 7d ca 00 00 00 00 00 01	1746084917.143661628
1660	0x300	207	00 03 5a 58 09 63 2b 2f bc cc	1746084917.277971384
1661	0xd00	438	00 0d 5a 58 09 63 7a c9 c0 c0	1746084917.277971578
1662	0x300	293	00 03 5a 58 09 bb cf c0 cb f4	1746084917.277971684
1663	0x300	244	00 03 5a 58 09 93 67 e0 64 7a	1746084917.277971748
1664	0x300	200	00 03 5a 58 09 53 63 e0 64 7a	1746084917.277971813
1665	0xd00	438	00 0d 5a 58 09 63 7a c9 c0 c0	1746084917.277971876
1666	0x300	293	00 03 5a 58 09 bb cf c0 cb f4	1746084917.277971992
1667	0x300	218	00 03 5a 58 09 93 67 e0 64 7a	1746084917.277972045
1668	0xa5fc	29	fc a5 7d 9d 00 00 00 00 70 3d	1746084917.278001858
1669	0x300	41	00 03 5a 58 09 93 fa 53 7b 8a	1746084917.279845564
1670	0xa5fc	29	fc a5 7d 3d 01 00 00 00 f0 41	1746084917.312021539
1671	0x1500	7	00 15 a5 02 f8 df 75	1746084917.316213211
1672	0xd00	26	00 0d 5a 78 9c 63 88 61 60 10	1746084917.316439396
1673	0xd00	20	00 0d 5a 78 9c 63 88 65 18 05	1746084917.316529518
1674	0xd00	20	00 0d 5a 78 9c 63 88 63 18 05	1746084917.316607729
1675	0xd00	20	00 0d 5a 78 9c 63 88 67 18 05	1746084917.31669768
1676	0xd00	20	00 0d 5a 78 9c 63 48 60 18 05	1746084917.316772505
1677	0xd00	20	00 0d 5a 78 9c 63 48 64 18 05	1746084917.316848179
1678	0xd00	20	00 0d 5a 78 9c 63 48 62 18 05	1746084917.31694443
1679	0xd00	20	00 0d 5a 78 9c 63 48 66 18 05	1746084917.317018725
1680	0x300	36	00 03 5a 58 09 63 61 10 65 88	1746084917.345025659
1681	0xa5fc	29	fc a5 7d a0 00 00 00 00 20 40	1746084917.379275806
1682	0x300	46	00 03 5a 58 09 93 fa 53 6b cb	1746084917.409925752
1683	0x300	54	00 03 5a 58 09 93 fa 53 3b 97	1746084917.442180774
1684	0x300	41	00 03 5a 78 9c 0b 62 e0 65 48	1746084917.481377554
1685	0x300	52	00 03 5a 58 09 63 61 10 65 48	1746084917.537886016
1686	0x900	18	00 09 a5 02 f9 72 02 00 00 00	1746084917.554110088
1687	0xa5fc	29	fc a5 7d ce 00 00 00 00 a0 d6	1746084917.602775424
1688	0x300	59	00 03 a5 04 00 15 02 f9 30 fc	1746084917.709043773
1689	0x300	64	00 03 5a 58 09 93 fa 53 3b 8b	1746084917.891269614
1690	0xa5fc	29	fc a5 7d 3c 01 00 00 00 b0 33	1746084917.990352944
1691	0xa5fc	29	fc a5 7d 3c 01 00 00 00 b0 33	1746084918.077850597
1692	0x900	78	00 09 a5 00 66 c6 46 a8 f4 f7	1746084918.082777167
1693	0x1500	18	00 15 a5 00 66 03 b4 00 00 00	1746084918.103101698
1694	0x300	44	00 03 5a 58 09 93 fa 53 bb 80	1746084918.200663559
1695	0x900	18	00 09 a5 02 fa 80 72 ce 02 00	1746084918.232825172
1696	0x900	18	00 09 a5 02 fa 80 72 ce 02 00	1746084918.249125345
1697	0x1500	7	00 15 a5 02 fa be 59	1746084918.416706829
1698	0x300	45	00 03 5a 58 09 93 fa 53 7b 98	1746084918.418813201
1699	0xa5fc	29	fc a5 7d 3d 01 00 00 00 b0 41	1746084918.458190188
1700	0x300	64	00 03 5a 58 09 93 fa 53 3b 97	1746084918.49063402
1701	0xa5fc	51	fc a5 7d f4 00 d3 02 00 00 00	1746084918.624582938
1702	0x300	64	00 03 5a 58 09 93 fa 53 7b 88	1746084918.6266752
1703	0xa5fc	29	fc a5 7d 9f 00 00 00 00 80 44	1746084918.684657655
1704	0xa5fc	29	fc a5 7d 9d 00 00 00 00 b0 3d	1746084918.749379632
1705	0xa5fc	29	fc a5 7d ca 00 00 00 00 00 01	1746084918.782300482
1706	0x300	83	00 03 5a 58 09 93 fa 53 3b 97	1746084918.81434179
1707	0xa5fc	29	fc a5 7d c2 00 00 00 00 80 2e	1746084918.886494101
1708	0xa5fc	51	fc a5 7d 08 01 d3 02 00 00 00	1746084918.918541247
1709	0x900	245	00 09 5a 78 9c 63 48 3f e6 56	1746084918.918832586
1710	0x1500	18	00 15 a5 00 67 33 22 00 00 00	1746084918.94306482
1711	0xa5fc	29	fc a5 7d a3 00 00 00 00 20 3c	1746084918.97533883
1712	0x300	59	00 03 a5 1a fc 7d a3 00 00 00	1746084919.071587884
1713	0x300	58	00 03 5a 58 09 93 fa 53 bb 8a	1746084919.223613335
1714	0x300	57	00 03 5a 58 09 93 fa 53 bb 8a	1746084919.42851509
1715	0x300	44	00 03 5a 58 09 93 fa 53 7b 80	1746084919.429078214
1716	0x300	69	00 03 5a 58 09 93 fa 53 3b 9f	1746084919.429184281
1717	0x300	51	00 03 5a 58 09 93 fa 53 7b 98	1746084919.632385002
1718	0xa5fc	29	fc a5 7d d0 02 00 00 00 20 1a	1746084919.632475695
1719	0x300	44	00 03 5a 58 09 93 fa 53 3b 97	1746084919.837792656
1720	0xa5fc	51	fc a5 7d 42 01 d3 02 00 00 00	1746084919.870973032
1721	0xa5fc	29	fc a5 7d a5 00 00 00 00 b0 cb	1746084920.007702981
1722	0xa5fc	29	fc a5 7d d0 02 00 00 00 00 1a	1746084920.072035821
1723	0x300	79	00 03 a5 18 00 09 00 68 c6 46	1746084920.096914073
1724	0x300	77	00 03 5a 58 09 93 fa 53 bb 98	1746084920.104679926
1725	0x1500	18	00 15 a5 00 68 2e b3 00 00 00	1746084920.13653739
1726	0x300	65	00 03 5a 58 09 93 fa 53 bb 98	1746084920.232783067
1727	0xa5fc	51	fc a5 7d 68 01 d3 02 00 00 00	1746084920.450497037
1728	0x300	44	00 03 5a 58 09 93 fa 53 bb 8a	1746084920.47018533
1729	0x300	59	00 03 a5 1a fc 7d 9d 00 00 00	1746084920.475953572
1730	0x300	61	00 03 5a 58 09 93 fa 53 6b c3	1746084920.490285586
1731	0x700	29	00 07 5a 78 9c e3 7f c4 c0 c0	1746084920.492381252
1732	0x800	33	00 08 5a 58 09 e3 7f c4 c0 c0	1746084920.512888808
1733	0x300	46	00 03 5a 58 09 93 fa 53 6b c3	1746084920.656000616
1734	0xa5fc	51	fc a5 7d 7b 01 d3 02 00 00 00	1746084920.722609842
1735	0x900	19	00 09 a5 02 fb 28 28 d3 02 67	1746084920.748384959
1736	0x900	19	00 09 a5 02 fb 28 28 d3 02 67	1746084920.748385229
1737	0x300	59	00 03 a5 04 00 15 02 fb 30 fc	1746084920.913686172
1738	0xd00	478	00 0d 5a 78 9c 55 d0 5b 48 94	1746084920.934298075
1739	0x300	37	00 03 a5 1a fc 7d 9c 00 00 00	1746084920.957807284
1740	0xd00	36	00 0d a5 00 6a 21 c4 55 01 d3	1746084921.100250413
1741	0x1500	18	00 15 a5 00 6a 4f 9f 00 00 00	1746084921.135263403
1742	0xa5fc	29	fc a5 7d ca 00 00 00 00 00 06	1746084921.272856536
1743	0xa5fc	51	fc a5 7d a1 01 d3 02 00 00 00	1746084921.310223554
1744	0xa5fc	29	fc a5 7d 9a 00 00 00 00 f0 6a	1746084921.344281936
1745	0xa5fc	29	fc a5 7d ca 00 00 00 00 00 06	1746084921.376754103
1746	0xa5fc	29	fc a5 7d d1 02 00 00 00 30 d8	1746084921.44156962
1747	0xa5fc	29	fc a5 7d a3 00 00 00 00 f0 43	1746084921.505270623
1748	0x300	44	00 03 5a 58 09 93 fa 53 bb 98	1746084921.679979492
1749	0xa5fc	29	fc a5 7d 3c 01 00 00 00 40 23	1746084921.679979771
1750	0x300	46	00 03 5a 58 09 93 fa 53 6b c3	1746084921.762424544
1751	0xa5fc	51	fc a5 7d c8 01 d3 02 00 00 00	1746084921.892528579
1752	0xa5fc	29	fc a5 7d d1 02 00 00 00 a0 da	1746084921.894789453
1753	0xd00	490	00 0d 5a 78 9c 0d c8 5d 48 53	1746084921.936491669
1754	0xd00	474	00 0d 5a 78 9c 55 cc 4b 48 54	1746084921.937217281
1755	0x300	44	00 03 5a 58 09 93 fa 53 3b 87	1746084921.956840487
1756	0x300	18	00 03 a5 04 00 15 00 6b 04 00	1746084921.972787809
1757	0x300	110	00 03 a5 37 00 0d 00 6d 36 ee	1746084922.108346746
1758	0x1500	18	00 15 a5 00 6d da 3c 00 00 00	1746084922.133356841
1759	0xa5fc	29	fc a5 7d a5 00 00 00 00 40 c1	1746084922.149820875
1760	0xa5fc	29	fc a5 7d b2 00 00 00 00 00 62	1746084922.21442219
1761	0x300	44	00 03 5a 58 09 93 fa 53 3b 8b	1746084922.311647121
1762	0xa5fc	51	fc a5 7d f3 01 d3 02 00 00 00	1746084922.546481071
1763	0xa5fc	29	fc a5 7d ca 00 00 00 00 90 08	1746084922.548488103
1764	0xa5fc	29	fc a5 7d 9d 00 00 00 00 b0 31	1746084922.568525923
1765	0xa5fc	29	fc a5 7d 3c 01 00 00 00 80 1e	1746084922.806376539
1766	0x300	69	00 03 a5 30 fc 7d 07 02 d3 02	1746084922.839081946
1767	0x1500	18	00 15 a5 00 6e 8b 86 00 00 00	1746084922.87465676
1768	0xa5fc	51	fc a5 7d 19 02 d3 02 00 00 00	1746084922.962959262
1769	0xd00	480	00 0d 5a 78 9c 55 cd 5d 48 93	1746084922.964817702
1770	0xd00	483	00 0d 5a 78 9c 55 d0 5d 48 d3	1746084922.965202162
1771	0x300	52	00 03 5a 58 09 93 fa 53 7b 91	1746084922.986132352
1772	0xd00	160	00 0d a5 00 71 7a f4 c3 38 93	1746084923.131916107
1773	0xa5fc	29	fc a5 7d a3 00 00 00 00 d0 48	1746084923.134030449
1774	0x1500	18	00 15 a5 00 71 86 73 00 00 00	1746084923.163474679
1775	0x300	44	00 03 5a 58 09 93 fa 53 bb 98	1746084923.179808072
1776	0x300	64	00 03 5a 58 09 93 fa 53 bb 80	1746084923.212283886
1777	0xa5fc	29	fc a5 7d a0 00 00 00 00 50 28	1746084923.629486708
1778	0x300	44	00 03 5a 58 09 93 fa 53 7b 8a	1746084923.631574879
1779	0x300	44	00 03 5a 58 09 93 fa 53 3b 97	1746084923.631575283
1780	0x300	70	00 03 5a 58 09 93 fa 53 bb 8b	1746084923.728259706
1781	0xa5fc	29	fc a5 7d ca 00 00 00 00 40 08	1746084923.760112883
1782	0xa5fc	51	fc a5 7d 43 02 d3 02 00 00 00	1746084923.79987543
1783	0x300	44	00 03 5a 58 09 93 fa 53 7b 8a	1746084923.824285389
1784	0xa5fc	51	fc a5 7d 55 02 d3 02 00 00 00	1746084923.94496248
1785	0xd00	496	00 0d 5a 78 9c 55 ce 4b 48 54	1746084923.946945909
1786	0xd00	492	00 0d 5a 78 9c 55 90 4b 48 54	1746084923.947450698
1787	0x300	18	00 03 a5 04 00 15 00 72 04 00	1746084923.969457296
1788	0xa5fc	29	fc a5 7d 9d 00 00 00 00 50 33	1746084924.018062252
1789	0x300	43	00 03 5a 58 09 93 fa 53 bb 80	1746084924.049297833
1790	0xa5fc	29	fc a5 7d 9d 00 00 00 00 50 33	1746084924.081579029
1791	0xd00	160	00 0d a5 00 74 31 fb c3 2f f3	1746084924.114343696
1792	0x300	37	00 03 a5 04 00 15 00 74 1a fc	1746084924.146038571
1793	0x300	66	00 03 5a 58 09 93 fa 53 7b 91	1746084924.209573451
1794	0xa5fc	51	fc a5 7d 69 02 d3 02 00 00 00	1746084924.362428461
1795	0x300	62	00 03 5a 58 09 93 fa 53 bb 98	1746084924.366684374
1796	0x300	59	00 03 a5 1a fc 7d c0 00 00 00	1746084924.371453065
1797	0xa5fc	29	fc a5 7d 9f 00 00 00 00 00 2c	1746084924.403675874
1798	0xa5fc	29	fc a5 7d 3d 01 00 00 00 30 43	1746084924.46829057
1799	0xa5fc	29	fc a5 7d d0 02 00 00 00 90 19	1746084924.535659937
1800	0x300	45	00 03 5a 58 09 93 fa 53 7b 98	1746084924.564560822
1801	0xa5fc	29	fc a5 7d 3d 01 00 00 00 40 43	1746084924.629136272
1802	0xa5fc	51	fc a5 7d 7b 02 d3 02 00 00 00	1746084924.654046539
1803	0x600	18	00 06 04 96 00 00 00 00 00 00	1746084924.721132403
1804	0xa5fc	51	fc a5 7d 8e 02 d3 02 00 00 00	1746084924.945969215
1805	0xa5fc	29	fc a5 7d 3c 01 00 00 00 40 24	1746084924.948103475
1806	0xa5fc	29	fc a5 7d a3 00 00 00 00 70 4e	1746084924.95259514
1807	0xd00	476	00 0d 5a 78 9c 55 cb 49 48 d4	1746084924.966739924
1808	0xd00	479	00 0d 5a 78 9c 55 d0 4b 48 94	1746084924.967848875
1809	0x300	46	00 03 5a 58 09 93 fa 53 6b c3	1746084924.984248727
1810	0x300	18	00 03 a5 04 00 15 00 75 04 00	1746084925.000619495
1811	0x300	54	00 03 5a 58 09 93 fa 53 3b 97	1746084925.097989803
1812	0xd00	109	00 0d a5 00 77 1a 01 c4 f1 25	1746084925.135838004
1813	0x1500	18	00 15 a5 00 77 23 46 00 00 00	1746084925.161932833
1814	0x300	84	00 03 5a 58 09 93 fa 53 3b 97	1746084925.225895654
1815	0x300	46	00 03 5a 58 09 93 fa 53 7b 91	1746084925.366411458
1816	0xa5fc	29	fc a5 7d aa 00 00 00 00 40 e8	1746084925.387627555
1817	0x300	46	00 03 5a 58 09 93 fa 53 7b 81	1746084925.572153117
1818	0xa5fc	29	fc a5 7d c2 00 00 00 00 00 0e	1746084925.582370583
1819	0x300	43	00 03 5a 58 09 93 fa 53 6b cb	1746084925.878896301
1820	0xa5fc	29	fc a5 7d c0 00 00 00 00 00 0e	1746084925.878896669
1821	0x300	61	00 03 5a 58 09 93 fa 53 3b 97	1746084925.904771812
1822	0xa5fc	51	fc a5 7d cd 02 d3 02 00 00 00	1746084925.906506159
1823	0xd00	488	00 0d 5a 78 9c 0d cb 5f 4c cd	1746084925.973123367
1824	0xd00	482	00 0d 5a 78 9c 55 cf 4f 48 93	1746084925.973385076
1825	0x300	42	00 03 a5 04 00 15 00 78 04 00	1746084926.001655098
1826	0x300	59	00 03 5a 58 09 93 fa 53 bb 8b	1746084926.033821304
1827	0xa5fc	29	fc a5 7d 3c 01 00 00 00 40 29	1746084926.130806908
1828	0xd00	92	00 0d a5 00 7a 2d 03 c4 28 fe	1746084926.142101715
1829	0xa5fc	29	fc a5 7d 9f 00 00 00 00 50 23	1746084926.163005073
1830	0x1500	18	00 15 a5 00 7a 5f fb 00 00 00	1746084926.179499551
1831	0xa5fc	29	fc a5 7d ca 00 00 00 00 40 03	1746084926.260630651
1832	0xa5fc	51	fc a5 7d e8 02 d3 02 00 00 00	1746084926.307739349
1833	0xa5fc	29	fc a5 7d 3d 01 00 00 00 20 43	1746084926.324325057
1834	0xa5fc	29	fc a5 7d 9f 00 00 00 00 50 23	1746084926.356448453
1835	0x300	104	00 03 5a 58 09 93 fa 53 3b 8b	1746084926.390941327
1836	0x300	68	00 03 5a 58 09 93 fa 53 bb 81	1746084926.42138574
1837	0xa5fc	29	fc a5 7d 9d 00 00 00 00 c0 3c	1746084926.517357489
1838	0xa5fc	51	fc a5 7d fb 02 d3 02 00 00 00	1746084926.601384534
1839	0x900	18	00 09 a5 02 fc 79 2a b8 15 00	1746084926.614459926
1840	0x900	18	00 09 a5 02 fc 79 2a b8 15 00	1746084926.632108774
1841	0x300	65	00 03 5a 58 09 93 fa 53 3b 8b	1746084926.647053871
1842	0x900	19	00 09 a5 02 fd 28 28 d3 02 69	1746084926.743485888
1843	0x300	43	00 03 5a 58 09 93 fa 53 7b 91	1746084926.775841168
1844	0x300	59	00 03 a5 04 00 15 02 fd 30 fc	1746084926.786574956
1845	0xd00	493	00 0d 5a 78 9c 55 d0 4f 48 93	1746084926.99529766
1846	0xd00	473	00 0d 5a 78 9c 55 c8 4b 48 54	1746084926.995993321
1847	0x300	64	00 03 5a 58 09 93 fa 53 3b 87	1746084926.997829425
1848	0x300	18	00 03 a5 04 00 15 00 7b 04 00	1746084927.037591815
1849	0xa5fc	29	fc a5 7d a3 00 00 00 00 90 4a	1746084927.065944312
1850	0xa5fc	29	fc a5 7d a5 00 00 00 00 b0 d3	1746084927.12955238
1851	0xd00	143	00 0d a5 00 7d 1c 04 c4 d9 e5	1746084927.145130765
1852	0x300	44	00 03 5a 58 09 93 fa 53 bb 98	1746084927.162086699
1853	0x1500	18	00 15 a5 00 7d ca 58 00 00 00	1746084927.178160306
1854	0xa5fc	29	fc a5 7d b2 00 00 00 00 80 4d	1746084927.226858682
1855	0x300	44	00 03 5a 58 09 93 fa 53 bb 94	1746084927.32323418
1856	0x300	66	00 03 5a 58 09 93 fa 53 3b 97	1746084927.516874408
1857	0x300	59	00 03 a5 1a fc 7d 3c 01 00 00	1746084927.549426683
1858	0xa5fc	29	fc a5 7d b0 00 00 00 00 c0 44	1746084927.613829538
1859	0x300	41	00 03 5a 58 09 93 fa 53 bb 81	1746084927.678628404
1860	0xa5fc	51	fc a5 7d 4e 03 d3 02 00 00 00	1746084927.932999791
1861	0xa5fc	29	fc a5 7d cb 00 00 00 00 20 dc	1746084927.953778609
1862	0xd00	473	00 0d 5a 78 9c 2d ca 4d 48 d3	1746084927.995870636
1863	0xd00	476	00 0d 5a 78 9c 55 cf 4d 48 d3	1746084927.996180728
1864	0x300	18	00 03 a5 04 00 15 00 7e 04 00	1746084928.017895524
1865	0x300	44	00 03 5a 58 09 93 fa 53 7b 9a	1746084928.050198229
1866	0xa5fc	29	fc a5 7d 9d 00 00 00 00 b0 3f	1746084928.147367936
1867	0xd00	109	00 0d a5 00 80 ab 04 c4 0a 48	1746084928.160488778
1868	0x300	69	00 03 5a 58 09 93 fa 53 3b 97	1746084928.179994169
1869	0x1500	18	00 15 a5 00 80 44 f9 00 00 00	1746084928.195271008
1872	0xa5fc	29	fc a5 7d a3 00 00 00 00 10 47	1746084928.308552386
1873	0xa5fc	29	fc a5 7d 3c 01 00 00 00 90 34	1746084928.643899425
1874	0x300	46	00 03 5a 58 09 93 fa 53 6b c3	1746084928.643899693
1875	0x300	60	00 03 5a 58 09 93 fa 53 bb 81	1746084928.644528591
1876	0xa5fc	29	fc a5 7d d1 02 00 00 00 10 be	1746084928.695641853
1877	0xa5fc	29	fc a5 7d ca 00 00 00 00 00 01	1746084928.764652945
1878	0x300	38	00 03 5a 58 09 93 fa 53 7b 8a	1746084928.825735334
1879	0xa5fc	51	fc a5 7d 8e 03 d3 02 00 00 00	1746084928.932545125
1880	0xd00	481	00 0d 5a 78 9c 55 ce 4f 48 d3	1746084928.993956829
1881	0xd00	466	00 0d 5a 78 9c 55 d0 49 48 14	1746084928.994615345
1882	0x300	18	00 03 a5 04 00 15 00 81 04 00	1746084929.018752448
1883	0x300	54	00 03 5a 58 09 93 fa 53 bb 80	1746084929.055904478
1884	0x300	64	00 03 5a 58 09 93 fa 53 3b 97	1746084929.115019699
1885	0x300	44	00 03 5a 58 09 93 fa 53 bb 89	1746084929.147321188
1886	0xd00	143	00 0d a5 00 83 fb 03 c4 22 2c	1746084929.166645481
1887	0x1500	18	00 15 a5 00 83 15 43 00 00 00	1746084929.195215939
1888	0x300	82	00 03 5a 58 09 93 fa 53 3b 97	1746084929.212179426
1889	0xa5fc	29	fc a5 7d ba 00 00 00 00 80 19	1746084929.244212408
1890	0xa5fc	51	fc a5 7d b5 03 d3 02 00 00 00	1746084929.559037602
1891	0xa5fc	29	fc a5 7d a0 00 00 00 00 80 15	1746084929.560459044
1892	0x300	67	00 03 5a 58 09 93 fa 53 6b c3	1746084929.566759359
1893	0x300	44	00 03 5a 58 09 93 fa 53 bb 81	1746084929.633086223
1894	0xa5fc	51	fc a5 7d c7 03 d3 02 00 00 00	1746084929.84656531
1895	0x300	67	00 03 5a 58 09 93 fa 53 7b 91	1746084929.848562239
1896	0xa5fc	29	fc a5 7d b0 00 00 00 00 f0 45	1746084929.856335275
1897	0xa5fc	51	fc a5 7d d9 03 d3 02 00 00 00	1746084929.996671787
1898	0xd00	489	00 0d 5a 78 9c 0d d0 5f 48 93	1746084929.996986688
1899	0xd00	492	00 0d 5a 78 9c 55 d0 4d 48 54	1746084929.99728563
1900	0xa5fc	29	fc a5 7d d0 02 00 00 00 00 1a	1746084929.998649339
1901	0x300	18	00 03 a5 04 00 15 00 84 04 00	1746084930.034637469
1902	0x300	55	00 03 5a 58 09 93 fa 53 3b 97	1746084930.099994376
1903	0xa5fc	29	fc a5 7d ba 00 00 00 00 80 19	1746084930.131621442
1904	0xd00	58	00 0d a5 00 86 9c 02 c4 ee 85	1746084930.16516916
1905	0x1500	18	00 15 a5 00 86 e1 cc 00 00 00	1746084930.195537709
1906	0x300	86	00 03 5a 58 09 93 fa 53 3b 97	1746084930.228152806
1907	0xa5fc	51	fc a5 7d ec 03 d3 02 00 00 00	1746084930.433129396
1908	0x300	65	00 03 5a 58 09 93 fa 53 bb 80	1746084930.435137755
1909	0x300	63	00 03 5a 58 09 93 fa 53 bb 94	1746084930.588813819
1910	0xa5fc	51	fc a5 7d 03 04 d3 02 00 00 00	1746084930.788683134
1911	0xa5fc	29	fc a5 7d 3c 01 00 00 00 90 38	1746084930.789488614
1912	0x300	46	00 03 5a 58 09 93 fa 53 6b c3	1746084930.789588892
1913	0xa5fc	29	fc a5 7d 3d 01 00 00 00 c0 41	1746084930.790056815
1914	0xa5fc	29	fc a5 7d 3d 01 00 00 00 c0 41	1746084930.875417985
1915	0x300	43	00 03 5a 58 09 93 fa 53 7b 98	1746084930.939318354
1916	0xa5fc	29	fc a5 7d d1 02 00 00 00 40 c4	1746084930.971542615
1917	0xa5fc	29	fc a5 7d d1 02 00 00 00 40 c4	1746084931.003938556
1918	0xa5fc	51	fc a5 7d 16 04 d3 02 00 00 00	1746084931.016671554
1919	0xd00	495	00 0d 5a 78 9c 0d ca 5d 48 93	1746084931.017336951
1920	0xd00	488	00 0d 5a 78 9c 55 ce 5b 48 93	1746084931.018078357
1921	0x300	93	00 03 5a 58 09 93 fa 53 7b 88	1746084931.036327824
1922	0x300	18	00 03 a5 04 00 15 00 87 04 00	1746084931.053096992
1923	0xa5fc	29	fc a5 7d 9a 00 00 00 00 b0 4c	1746084931.101133358
1924	0xd00	92	00 0d a5 00 89 60 01 c4 3a 47	1746084931.183443226
1925	0x1500	18	00 15 a5 00 89 fc 5d 00 00 00	1746084931.212442888
1926	0xa5fc	29	fc a5 7d ca 00 00 00 00 00 06	1746084931.260292023
1927	0xa5fc	51	fc a5 7d 29 04 d3 02 00 00 00	1746084931.395308174
1928	0x300	56	00 03 5a 58 09 93 fa 53 3b 97	1746084931.397476702
1929	0xa5fc	29	fc a5 7d c0 00 00 00 00 00 28	1746084931.420769708
1930	0xa5fc	29	fc a5 7d cb 00 00 00 00 00 eb	1746084931.517734276
1931	0x300	57	00 03 5a 58 09 93 fa 53 3b 87	1746084931.550269765
1932	0xa5fc	51	fc a5 7d 3d 04 d3 02 00 00 00	1746084931.684769626
1933	0xa5fc	29	fc a5 7d 3c 01 00 00 00 b0 33	1746084931.744114787
1934	0x300	43	00 03 5a 58 09 93 fa 53 6b c3	1746084931.775353027
1935	0xa5fc	29	fc a5 7d 9c 00 00 00 00 20 40	1746084931.807939449
1936	0xa5fc	29	fc a5 7d aa 00 00 00 00 90 e7	1746084931.840082214
1937	0xa5fc	51	fc a5 7d 51 04 d3 02 00 00 00	1746084931.960094683
1938	0x300	44	00 03 5a 58 09 93 fa 53 3b 8b	1746084931.969667474
1939	0xd00	481	00 0d 5a 78 9c 55 cf 6f 68 cc	1746084932.026980307
1940	0xd00	469	00 0d 5a 78 9c 55 cc 4b 48 54	1746084932.027734025
1941	0xd00	75	00 0d a5 00 8c 73 ff c3 06 35	1746084932.176891236
1942	0x300	18	00 03 a5 04 00 15 00 8a 04 00	1746084932.179110697
1943	0x1500	18	00 15 a5 00 8c 08 d2 00 00 00	1746084932.210840574
1944	0x300	43	00 03 5a 58 09 93 fa 53 6b cb	1746084932.227391272
1945	0x300	44	00 03 5a 58 09 93 fa 53 3b 97	1746084932.637667208
1946	0x300	54	00 03 5a 58 09 93 fa 53 7b 88	1746084932.637667524
1947	0x300	54	00 03 5a 58 09 93 fa 53 3b 97	1746084932.678824859
1948	0x900	19	00 09 a5 02 fe 28 28 d3 02 6b	1746084932.84463595
1949	0x900	19	00 09 a5 02 fe 28 28 d3 02 6b	1746084932.844787426
1950	0x300	66	00 03 5a 58 09 93 fa 53 3b 97	1746084932.845378772
1951	0x300	44	00 03 5a 58 09 93 fa 53 bb 8a	1746084932.845488338
1952	0x300	59	00 03 a5 30 fc 7d 91 04 d3 02	1746084932.969756961
1953	0x300	46	00 03 5a 58 09 93 fa 53 6b c3	1746084932.987556384
1954	0xd00	475	00 0d 5a 78 9c 55 ce 4b 48 54	1746084933.034144602
1955	0xd00	460	00 0d 5a 78 9c 55 ca 4d 48 14	1746084933.034913643
1956	0x300	18	00 03 a5 04 00 15 00 8d 04 00	1746084933.081683134
1957	0xd00	92	00 0d a5 00 8f c6 f7 c3 2e 95	1746084933.199140434
1958	0x300	44	00 03 5a 58 09 93 fa 53 7b 80	1746084933.201365884
1959	0x1500	18	00 15 a5 00 8f 59 68 00 00 00	1746084933.225363088
1960	0xa5fc	29	fc a5 7d 3d 01 00 00 00 f0 41	1746084933.290017269
1961	0x300	46	00 03 5a 58 09 93 fa 53 6b cb	1746084933.344678259
1962	0xa5fc	29	fc a5 7d d1 02 00 00 00 80 d0	1746084933.35474228
1963	0x300	66	00 03 5a 58 09 93 fa 53 7b 91	1746084933.436328855
1964	0x300	41	00 03 5a 58 09 93 fa 53 7b 8a	1746084933.661743522
1965	0x600	18	00 06 04 96 00 00 00 00 00 00	1746084933.732287571
1966	0xa5fc	29	fc a5 7d ca 00 00 00 00 00 08	1746084933.867388266
1967	0xa5fc	29	fc a5 7d 9d 00 00 00 00 90 43	1746084933.887066082
1968	0x300	68	00 03 5a 58 09 93 fa 53 3b 97	1746084933.951931545
1969	0xa5fc	51	fc a5 7d d3 04 d3 02 00 00 00	1746084933.995060372
1970	0xd00	460	00 0d 5a 78 9c 55 ca 4f 48 93	1746084934.036648961
1971	0xd00	451	00 0d 5a 78 9c 55 d0 4d 48 54	1746084934.037023455
1972	0x300	18	00 03 a5 04 00 15 00 90 04 00	1746084934.103378582
1973	0xa5fc	29	fc a5 7d b2 00 00 00 00 10 5e	1746084934.14622031
1974	0x300	195	00 03 a5 8c 00 0d 00 92 5d ec	1746084934.209598176
1975	0x300	58	00 03 5a 58 09 93 fa 53 bb 98	1746084934.209731371
1976	0x300	37	00 03 a5 04 00 15 00 92 1a fc	1746084934.241924745
1977	0x300	46	00 03 5a 58 09 93 fa 53 6b c3	1746084934.37795325
1978	0xa5fc	51	fc a5 7d f8 04 d3 02 00 00 00	1746084934.562851718
1979	0xa5fc	29	fc a5 7d aa 00 00 00 00 90 e7	1746084934.593787957
1980	0x300	44	00 03 5a 58 09 93 fa 53 bb 8a	1746084934.595078608
1981	0xa5fc	29	fc a5 7d 9d 00 00 00 00 40 40	1746084934.788459475
1982	0xa5fc	51	fc a5 7d 0b 05 d3 02 00 00 00	1746084934.851990842
1983	0xa5fc	51	fc a5 7d 1e 05 d3 02 00 00 00	1746084935.037835258
1984	0xd00	469	00 0d 5a 78 9c 15 d0 4b 48 54	1746084935.038125771
1985	0xd00	460	00 0d 5a 78 9c 55 ca 4f 48 d3	1746084935.038412439
1986	0x300	18	00 03 a5 04 00 15 00 93 04 00	1746084935.06224799
1987	0x300	44	00 03 5a 58 09 93 fa 53 bb 81	1746084935.19859734
1988	0xd00	92	00 0d a5 00 95 d8 dd c3 bc 77	1746084935.206508941
1989	0x300	62	00 03 5a 58 09 63 61 10 65 98	1746084935.23894581
1990	0xa5fc	29	fc a5 7d d1 02 00 00 00 40 da	1746084935.302733533
1991	0x300	79	00 03 5a 58 09 93 fa 53 bb 98	1746084935.386558207
1992	0x300	64	00 03 5a 58 09 93 fa 53 bb 80	1746084935.398821699
1993	0xa5fc	51	fc a5 7d 32 05 d3 02 00 00 00	1746084935.438549851
1994	0xa5fc	29	fc a5 7d d1 02 00 00 00 a0 da	1746084935.463693964
1995	0x300	63	00 03 5a 58 09 93 fa 53 3b 97	1746084935.496810192
1996	0xa5fc	29	fc a5 7d b0 00 00 00 00 e0 42	1746084935.528573686
1997	0x300	76	00 03 5a 58 09 93 fa 53 3b 97	1746084935.62464315
1998	0xa5fc	51	fc a5 7d 46 05 d3 02 00 00 00	1746084935.7279767
1999	0x300	44	00 03 5a 58 09 93 fa 53 bb 8a	1746084935.752078346
2000	0x300	44	00 03 5a 58 09 93 fa 53 bb 81	1746084935.913752861
2001	0xa5fc	51	fc a5 7d 59 05 d3 02 00 00 00	1746084936.019486238
2002	0xa5fc	29	fc a5 7d b0 00 00 00 00 10 43	1746084936.043123481
2003	0xd00	475	00 0d 5a 78 9c 0d c8 5d 48 53	1746084936.061841081
2004	0xd00	460	00 0d 5a 78 9c 55 d0 4f 48 93	1746084936.063581452
2005	0x300	18	00 03 a5 04 00 15 00 96 04 00	1746084936.091181584
2006	0x300	161	00 03 a5 6a 00 0d 00 98 65 d0	1746084936.230847956
2007	0x1500	18	00 15 a5 00 98 dc af 00 00 00	1746084936.267216153
2008	0x300	43	00 03 5a 58 09 93 fa 53 bb 81	1746084936.425729513
2009	0xa5fc	29	fc a5 7d 9a 00 00 00 00 30 5d	1746084936.427838896
2010	0x300	66	00 03 5a 58 09 93 fa 53 bb 98	1746084936.459300664
2011	0x300	44	00 03 5a 58 09 93 fa 53 3b 97	1746084936.555556961
2012	0xa5fc	51	fc a5 7d 7d 05 d3 02 00 00 00	1746084936.58883306
2013	0x300	70	00 03 5a 58 09 93 fa 53 3b 8b	1746084936.652611595
2014	0xa5fc	51	fc a5 7d 92 05 d3 02 00 00 00	1746084936.900421754
2015	0xa5fc	29	fc a5 7d d0 02 00 00 00 00 1b	1746084936.910323081
2016	0xa5fc	51	fc a5 7d a5 05 d3 02 00 00 00	1746084937.06507698
2017	0xd00	459	00 0d 5a 78 9c 55 ca 49 48 94	1746084937.065495103
2018	0xd00	462	00 0d 5a 78 9c 55 ca 6f 68 cc	1746084937.065864171
2019	0xa5fc	29	fc a5 7d 9d 00 00 00 00 a0 3a	1746084937.071050683
2020	0x300	18	00 03 a5 04 00 15 00 99 04 00	1746084937.103478495
2021	0xa5fc	29	fc a5 7d 3d 01 00 00 00 30 43	1746084937.166895146
2022	0xa5fc	29	fc a5 7d ca 00 00 00 00 f0 00	1746084937.231704532
2023	0xd00	123	00 0d 5a 78 9c 63 98 9d 7a e4	1746084937.234054662
2024	0x1500	18	00 15 a5 00 9b 8d 15 00 00 00	1746084937.263755773
2025	0x300	67	00 03 5a 58 09 93 fa 53 7b 8a	1746084937.296301477
2026	0xa5fc	29	fc a5 7d ca 00 00 00 00 b0 00	1746084937.450797106
2027	0x300	65	00 03 5a 58 09 93 fa 53 6b c3	1746084937.456909286
2028	0xa5fc	51	fc a5 7d b8 05 d3 02 00 00 00	1746084937.462430307
2029	0xa5fc	29	fc a5 7d 9d 00 00 00 00 80 38	1746084937.655122489
2030	0x300	43	00 03 5a 58 09 93 fa 53 3b 97	1746084937.682936222
2031	0xa5fc	51	fc a5 7d cb 05 d3 02 00 00 00	1746084937.748601521
2032	0xa5fc	29	fc a5 7d d1 02 00 00 00 90 d4	1746084937.811077985
2033	0x300	46	00 03 5a 58 09 93 fa 53 7b 91	1746084937.96163587
2034	0x300	43	00 03 5a 58 09 93 fa 53 7b 81	1746084938.004615493
2035	0xa5fc	51	fc a5 7d de 05 d3 02 00 00 00	1746084938.039212394
2036	0xd00	462	00 0d 5a 78 9c 55 d0 6d 68 8d	1746084938.060025623
2037	0xd00	462	00 0d 5a 78 9c 55 c8 4f 48 93	1746084938.060500454
2038	0x1500	18	00 15 a5 00 9c 18 b6 00 00 00	1746084938.0856778
2039	0x1500	18	00 15 a5 00 9d 28 20 00 00 00	1746084938.102603855
2040	0xd00	143	00 0d a5 00 9e b6 bf c3 ad 61	1746084938.22880973
2041	0x1500	18	00 15 a5 00 9e 79 9a 00 00 00	1746084938.263532924
2042	0x300	87	00 03 5a 58 09 93 fa 53 6b c3	1746084938.678909304
2043	0xa5fc	29	fc a5 7d a0 00 00 00 00 20 40	1746084938.685153065
2044	0x300	46	00 03 5a 58 09 93 fa 53 6b c3	1746084938.715936313
2045	0x900	19	00 09 a5 02 ff 28 28 d3 02 6d	1746084938.78143834
2046	0x900	19	00 09 a5 02 ff 28 28 d3 02 6d	1746084938.795092664
2047	0xa5fc	29	fc a5 7d ca 00 00 00 00 00 01	1746084938.811716038
2048	0x300	61	00 03 5a 58 09 93 fa 53 3b 97	1746084938.844079552
2049	0x300	59	00 03 a5 04 00 15 02 ff 30 fc	1746084938.955673041
2050	0xa5fc	29	fc a5 7d d1 02 00 00 00 10 cf	1746084938.97140676
2051	0xd00	466	00 0d 5a 78 9c 55 ce 4d 48 d3	1746084939.082985361
2052	0xd00	458	00 0d 5a 78 9c 55 cc 4f 48 d3	1746084939.084327632
2053	0x300	46	00 03 5a 58 09 93 fa 53 7b 91	1746084939.100484162
2054	0x300	18	00 03 a5 04 00 15 00 9f 04 00	1746084939.116506861
2055	0xa5fc	29	fc a5 7d b2 00 00 00 00 90 72	1746084939.164256394
2056	0xd00	111	00 0d 5a 78 9c 63 58 f8 67 ef	1746084939.250375351
2057	0x1500	18	00 15 a5 00 a1 54 a7 00 00 00	1746084939.277723529
2058	0x300	44	00 03 5a 58 09 93 fa 53 bb 80	1746084939.600488456
2059	0xa5fc	51	fc a5 7d 5e 06 d3 02 00 00 00	1746084940.03721716
2060	0xd00	460	00 0d 5a 78 9c 55 d1 4b 48 94	1746084940.078619204
2061	0xd00	457	00 0d 5a 78 9c 55 cc 4f 48 d3	1746084940.079321968
2062	0x300	18	00 03 a5 04 00 15 00 a2 04 00	1746084940.101344425
2063	0xa5fc	29	fc a5 7d b2 00 00 00 00 80 76	1746084940.11764584
2064	0xa5fc	29	fc a5 7d 3d 01 00 00 00 d0 42	1746084940.214721977
2065	0x300	209	00 03 5a 78 9c 9b cb c0 cb b0	1746084940.229206386
2066	0xa5fc	29	fc a5 7d 3d 01 00 00 00 d0 42	1746084940.245828622
2067	0x1500	18	00 15 a5 00 a4 a0 28 00 00 00	1746084940.2627212
2068	0xa5fc	29	fc a5 7d d1 02 00 00 00 40 c8	1746084940.42053942
2069	0x300	67	00 03 5a 58 09 93 fa 53 7b 91	1746084940.506342755
2070	0xa5fc	51	fc a5 7d 87 06 d3 02 00 00 00	1746084940.666864725
2071	0x300	310	00 03 5a 58 09 93 fa 53 7b 91	1746084940.719984563
2072	0x300	125	00 03 5a 58 09 93 fa 53 bb 98	1746084940.733411714
2073	0xa5fc	51	fc a5 7d 9a 06 d3 02 00 00 00	1746084940.957450142
2074	0xa5fc	51	fc a5 7d ab 06 d3 02 00 00 00	1746084941.08110353
2075	0xd00	479	00 0d 5a 78 9c 2d d0 4b 48 94	1746084941.081345299
2076	0xd00	460	00 0d 5a 78 9c 55 c8 4f 48 93	1746084941.081617645
2077	0x300	41	00 03 5a 58 09 93 fa 53 bb 89	1746084941.083213136
2078	0x300	18	00 03 a5 04 00 15 00 a5 04 00	1746084941.119793034
2079	0xd00	75	00 0d a5 00 a7 76 be c3 96 dd	1746084941.244465489
2080	0x1500	18	00 15 a5 00 a7 f1 92 00 00 00	1746084941.279962598
2081	0xa5fc	51	fc a5 7d bf 06 d3 02 00 00 00	1746084941.536110789
2082	0xa5fc	29	fc a5 7d a3 00 00 00 00 b0 40	1746084941.538243996
2083	0xa5fc	29	fc a5 7d 3d 01 00 00 00 70 42	1746084941.538330075
2084	0x300	44	00 03 5a 58 09 93 fa 53 bb 81	1746084941.58654414
2085	0x0	37	00 00 00 00 00 01 00 00 00 00	1746084941.643679459
2086	0x300	43	00 03 5a 58 09 93 fa 53 6b cb	1746084941.650703598
2087	0x300	44	00 03 5a 58 09 93 fa 53 3b 8b	1746084941.683290242
2088	0x600	4	00 06 04 96	1746084941.734643883
2089	0xa5fc	29	fc a5 7d b0 00 00 00 00 f0 45	1746084941.747781771
2090	0xa5fc	29	fc a5 7d b0 00 00 00 00 f0 45	1746084941.780697438
2091	0xa5fc	51	fc a5 7d d1 06 d3 02 00 00 00	1746084941.828678596
2092	0xa5fc	51	fc a5 7d e1 06 d3 02 00 00 00	1746084942.118293977
2093	0xd00	468	00 0d 5a 78 9c 2d c8 4f 48 93	1746084942.118505966
2094	0xd00	494	00 0d 5a 78 9c 55 cf 49 48 d4	1746084942.118707561
2095	0x300	18	00 03 a5 04 00 15 00 a8 04 00	1746084942.149451667
2096	0xa5fc	29	fc a5 7d ca 00 00 00 00 30 08	1746084942.165762718
2097	0x300	178	00 03 a5 7b 00 0d 00 aa c7 be	1746084942.283819896
2098	0x300	44	00 03 5a 58 09 93 fa 53 7b 8a	1746084942.2943592
2099	0x1500	18	00 15 a5 00 aa 8d 2f 00 00 00	1746084942.316886322
2100	0xa5fc	29	fc a5 7d d1 02 00 00 00 10 be	1746084942.468457929
2101	0xa5fc	29	fc a5 7d ca 00 00 00 00 90 08	1746084942.468922243
2102	0x0	37	00 00 00 00 00 01 00 00 00 00	1746084942.672107176
2103	0xa5fc	29	fc a5 7d 3d 01 00 00 00 10 42	1746084942.682515099
2104	0xa5fc	51	fc a5 7d 01 07 d3 02 00 00 00	1746084942.707296856
2105	0x600	18	00 06 04 96 00 00 00 00 00 00	1746084942.733144203
2106	0xa5fc	29	fc a5 7d 3d 01 00 00 00 10 42	1746084942.810532228
2107	0xa5fc	51	fc a5 7d 17 07 d3 02 00 00 00	1746084943.080927268
2108	0xa5fc	29	fc a5 7d 3c 01 00 00 00 70 39	1746084943.101600646
2109	0xd00	468	00 0d 5a 78 9c 55 cf 5b 48 93	1746084943.122157255
2110	0xd00	489	00 0d 5a 78 9c 55 cb 5b 48 d3	1746084943.122568561
2111	0x300	18	00 03 a5 04 00 15 00 ab 04 00	1746084943.149211525
2112	0x300	178	00 03 a5 7b 00 0d 00 ad 21 bd	1746084943.289448368
2113	0x1500	18	00 15 a5 00 ad 18 8c 00 00 00	1746084943.326574835
2114	0x300	46	00 03 5a 58 09 93 fa 53 7b 91	1746084943.594396485
2115	0xa5fc	51	fc a5 7d 39 07 d3 02 00 00 00	1746084943.64485115
2116	0x300	44	00 03 5a 58 09 93 fa 53 7b 8a	1746084943.650248446
2117	0xa5fc	51	fc a5 7d 4c 07 d3 02 00 00 00	1746084943.93881371
2118	0xa5fc	29	fc a5 7d 3d 01 00 00 00 b0 41	1746084943.990012151
2119	0xa5fc	51	fc a5 7d 5e 07 d3 02 00 00 00	1746084944.148817252
2120	0xd00	491	00 0d 5a 78 9c 55 c8 5b 48 93	1746084944.149131836
2121	0xd00	489	00 0d 5a 78 9c 55 cf 5b 48 93	1746084944.149344804
2122	0x300	46	00 03 5a 58 09 93 fa 53 6b c3	1746084944.151584774
2123	0x300	18	00 03 a5 04 00 15 00 ae 04 00	1746084944.184144271
2124	0xd00	24	00 0d a5 00 b0 78 b2 c3 29 24	1746084944.315147556
2125	0x1500	18	00 15 a5 00 b0 74 55 00 00 00	1746084944.347405665
2126	0xa5fc	51	fc a5 7d 71 07 d3 02 00 00 00	1746084944.523024419
2127	0x0	37	00 00 00 00 00 01 00 00 00 00	1746084944.720422962
2128	0xa5fc	29	fc a5 7d d1 02 00 00 00 40 c4	1746084944.723067874
2129	0xa5fc	29	fc a5 7d d1 02 00 00 00 40 c4	1746084944.733815002
2130	0x900	19	00 09 a5 03 00 28 28 d3 02 6f	1746084944.798453447
2131	0x900	19	00 09 a5 03 00 28 28 d3 02 6f	1746084944.814504966
2132	0x300	59	00 03 a5 30 fc 7d 85 07 d3 02	1746084944.817371509
2133	0xa5fc	51	fc a5 7d 99 07 d3 02 00 00 00	1746084945.113742769
2134	0x300	43	00 03 5a 58 09 93 fa 53 6b cb	1746084945.115736511
2135	0xd00	487	00 0d 5a 78 9c 55 cf 4f 48 93	1746084945.135659272
2136	0xd00	464	00 0d 5a 78 9c 55 ca 4f 48 93	1746084945.135937586
2137	0x300	18	00 03 a5 04 00 15 00 b1 04 00	1746084945.168880507
2138	0xa5fc	29	fc a5 7d 3c 01 00 00 00 b0 33	1746084945.438972356
2139	0xa5fc	29	fc a5 7d 3c 01 00 00 00 b0 33	1746084945.439438014
2140	0xa5fc	29	fc a5 7d d1 02 00 00 00 b0 c9	1746084945.847575119
2141	0x300	59	00 03 a5 1a fc 7d d1 02 00 00	1746084945.880154253
2142	0xa5fc	51	fc a5 7d dc 07 d3 02 00 00 00	1746084946.14794727
2143	0xd00	485	00 0d 5a 78 9c 55 ca 5b 48 d3	1746084946.149205982
2144	0x300	58	00 03 5a 58 09 93 fa 53 bb 89	1746084946.14982052
2145	0xd00	491	00 0d 5a 78 9c 55 d0 5d 48 93	1746084946.150005735
2146	0x300	46	00 03 5a 58 09 93 fa 53 6b cb	1746084946.15079907
2147	0x300	18	00 03 a5 04 00 15 00 b3 04 00	1746084946.186373691
2148	0xd00	75	00 0d a5 00 b5 9a 96 c3 96 c9	1746084946.315725793
2149	0x1500	18	00 15 a5 00 b5 80 da 00 00 00	1746084946.34739811
2150	0xa5fc	29	fc a5 7d 3c 01 00 00 00 b0 2e	1746084946.395327166
2151	0xa5fc	29	fc a5 7d 3c 01 00 00 00 b0 2e	1746084946.56538871
2152	0xa5fc	51	fc a5 7d fa 07 d3 02 00 00 00	1746084946.763794735
2153	0x300	44	00 03 5a 58 09 93 fa 53 bb 81	1746084946.973913805
2154	0xa5fc	51	fc a5 7d 08 08 d3 02 00 00 00	1746084947.053814073
2155	0xa5fc	29	fc a5 7d b0 00 00 00 00 10 43	1746084947.104444259
2156	0x300	82	00 03 5a 58 09 93 fa 53 7b 91	1746084947.168378011
2157	0xd00	481	00 0d 5a 78 9c 55 ca 5f 68 8d	1746084947.177109364
2158	0xd00	424	00 0d 5a 78 9c 55 d1 4d 48 d3	1746084947.177385038
2159	0x300	18	00 03 a5 04 00 15 00 b6 04 00	1746084947.200465431
2160	0x300	72	00 03 5a 58 09 93 fa 53 7b 91	1746084947.297589104
2161	0x300	202	00 03 5a 78 9c 5b c7 c0 cb b0	1746084947.341055417
2162	0x1500	18	00 15 a5 00 b8 fc 67 00 00 00	1746084947.378424626
2163	0xa5fc	29	fc a5 7d ca 00 00 00 00 b0 00	1746084947.4581607
2164	0xa5fc	51	fc a5 7d 21 08 d3 02 00 00 00	1746084947.648016933
2165	0x300	41	00 03 5a 58 09 93 fa 53 7b 92	1746084947.749079075
2166	0xa5fc	29	fc a5 7d 3c 01 00 00 00 60 28	1746084947.81473977
2167	0x300	46	00 03 5a 58 09 93 fa 53 6b c3	1746084947.998089117
2168	0xa5fc	51	fc a5 7d 30 08 d3 02 00 00 00	1746084948.146167011
2169	0xd00	401	00 0d 5a 78 9c 25 d0 4d 28 a4	1746084948.166500879
2170	0xd00	400	00 0d 5a 78 9c 55 c8 49 28 c4	1746084948.166744549
2171	0x300	18	00 03 a5 04 00 15 00 b9 04 00	1746084948.202181921
2172	0xd00	75	00 0d a5 00 bb 23 71 c3 76 bc	1746084948.333091139
2173	0x1500	18	00 15 a5 00 bb ad dd 00 00 00	1746084948.362923487
2174	0x0	37	00 00 00 00 00 01 00 00 00 00	1746084948.713865996
2175	0x300	44	00 03 5a 58 09 93 fa 53 7b 8a	1746084948.714978043
2176	0xa5fc	29	fc a5 7d ca 00 00 00 00 00 01	1746084948.779952047
2177	0x300	41	00 03 5a 58 09 93 fa 53 7b 8a	1746084948.844741914
2178	0xa5fc	29	fc a5 7d c9 00 00 00 00 30 64	1746084948.940911841
2179	0x300	58	00 03 5a 58 09 93 fa 53 6b c3	1746084948.973102114
2180	0x300	62	00 03 5a 78 9c e3 62 e0 64 d8	1746084949.025804436
2181	0x1500	18	00 15 a5 00 bc 38 7e 00 00 00	1746084949.06949345
2182	0x300	58	00 03 5a 58 09 63 dd 68 be 96	1746084949.085794464
2183	0x900	18	00 09 a5 03 01 72 02 00 00 00	1746084949.101792854
2184	0xa5fc	29	fc a5 7d d1 02 00 00 00 10 da	1746084949.118050075
2185	0x1500	7	00 15 a5 03 01 a4 8c	1746084949.172370742
2186	0xd00	397	00 0d 5a 78 9c 55 ce 49 28 84	1746084949.173003088
2187	0x1500	18	00 15 a5 00 bd 08 e8 00 00 00	1746084949.198602377
2188	0x300	43	00 03 5a 58 09 93 fa 53 7b 91	1746084949.249824327
2189	0xd00	109	00 0d 5a 78 9c 63 d8 f7 e3 90	1746084949.3390993
2190	0xa5fc	29	fc a5 7d d1 02 00 00 00 a0 da	1746084949.343984044
2191	0x300	37	00 03 a5 04 00 15 00 be 1a fc	1746084949.37625556
2192	0xa5fc	29	fc a5 7d c7 00 00 00 00 c0 67	1746084949.533090856
2193	0x900	73	00 09 5a 78 9c 63 d8 af ab ed	1746084949.916525098
2194	0x1500	18	00 15 a5 00 bf 69 c4 00 00 00	1746084949.942911671
2195	0x300	167	00 03 5a 58 09 73 65 e0 64 66	1746084949.951082393
2196	0xd00	262	00 0d 5a 58 09 63 66 61 60 60	1746084949.951082576
2197	0xd00	449	00 0d 5a 58 09 63 66 d5 0d 4b	1746084949.952060658
2198	0xd00	102	00 0d 5a 58 09 63 66 cb 50 f0	1746084949.958222004
2199	0x300	167	00 03 5a 58 09 73 65 e0 64 66	1746084949.958633328
2200	0xd00	262	00 0d 5a 58 09 63 66 61 60 60	1746084949.958633489
2201	0xd00	449	00 0d 5a 58 09 63 66 d5 0d 4b	1746084949.958633559
2202	0xd00	102	00 0d 5a 58 09 63 66 cb 50 f0	1746084949.974408557
2203	0x300	56	00 03 5a 58 09 93 fa 53 7b 92	1746084949.990768169
2204	0x900	18	00 09 a5 03 07 bc 16 00 00 00	1746084950.055678227
2205	0xa5fc	29	fc a5 7d 3c 01 00 00 00 80 1e	1746084950.088117904
2206	0x300	81	00 03 5a 58 09 93 fa 53 bb 96	1746084950.120498404
2207	0x300	57	00 03 5a 78 9c 63 61 10 65 66	1746084950.122606821
2208	0xd00	485	00 0d 5a 78 9c 55 c8 49 48 94	1746084950.166093513
2209	0x1500	18	00 15 a5 00 c0 05 69 00 00 00	1746084950.200591329
2210	0xa5fc	29	fc a5 7d 3d 01 00 00 00 40 43	1746084950.281759564
2211	0xd00	109	00 0d 5a 78 9c 63 38 c8 74 38	1746084950.329701178
2212	0x1500	18	00 15 a5 00 c1 35 ff 00 00 00	1746084950.362530743
2213	0x700	33	00 07 5a 78 9c 6b 15 61 60 60	1746084950.494998723
2214	0x800	35	00 08 5a 58 09 6b 15 61 60 60	1746084950.516622866
2215	0x300	46	00 03 5a 58 09 93 fa 53 7b 91	1746084950.541238081
2216	0xa5fc	29	fc a5 7d c7 00 00 00 00 40 68	1746084950.864341878
2217	0xa5fc	29	fc a5 7d c9 00 00 00 00 50 6d	1746084950.864342159
2218	0x300	42	00 03 5a 58 09 93 fa 53 7b 9c	1746084950.913778718
2219	0xa5fc	51	fc a5 7d 34 08 d3 02 00 00 00	1746084951.13145619
2220	0x300	46	00 03 5a 58 09 93 fa 53 6b c3	1746084951.133600018
2221	0x300	75	00 03 5a 78 9c 93 60 e0 64 38	1746084951.355309173
2222	0xa5fc	29	fc a5 7d b0 00 00 00 00 10 46	1746084951.357387558
2223	0x1500	18	00 15 a5 00 c2 64 45 00 00 00	1746084951.381404606
2224	0x300	43	00 03 5a 58 09 93 fa 53 6b cb	1746084951.462603475
2225	0xa5fc	51	fc a5 7d 36 08 d3 02 00 00 00	1746084951.706799489
2226	0x600	18	00 06 04 96 00 00 00 00 00 00	1746084951.744131743
2227	0x300	43	00 03 5a 58 09 93 fa 53 7b 92	1746084951.816575164
2228	0xa5fc	29	fc a5 7d c7 00 00 00 00 a0 68	1746084951.990605985
2229	0xa5fc	29	fc a5 7d 3d 01 00 00 00 20 43	1746084951.991031207
2230	0xa5fc	51	fc a5 7d 37 08 d3 02 00 00 00	1746084951.992983249
2231	0x300	46	00 03 5a 58 09 93 fa 53 6b cb	1746084952.041777341
2232	0xa5fc	29	fc a5 7d c7 00 00 00 00 a0 68	1746084952.073922874
2233	0xa5fc	29	fc a5 7d ca 00 00 00 00 30 08	1746084952.169912726
2234	0xa5fc	29	fc a5 7d 3c 01 00 00 00 40 24	1746084952.266826283
2235	0x300	71	00 03 5a 58 09 93 fa 53 6b c3	1746084952.299426168
2236	0x300	82	00 03 5a 78 9c 33 f8 53 6b c1	1746084952.300321908
2237	0x1500	18	00 15 a5 00 c3 54 d3 00 00 00	1746084952.331808152
2238	0x300	44	00 03 5a 58 09 93 fa 53 bb 81	1746084952.367103923
2239	0xa5fc	29	fc a5 7d ca 00 00 00 00 90 08	1746084952.461451074
2240	0xa5fc	29	fc a5 7d b0 00 00 00 00 f0 45	1746084952.526100406
2241	0x300	44	00 03 5a 58 09 93 fa 53 bb 81	1746084952.558443594
2242	0x5afc	49	fc 5a 78 9c ab b5 e4 b8 cc c4	1746084952.609670266
2243	0xa5fc	29	fc a5 7d c9 00 00 00 00 40 67	1746084953.017733295
2244	0x900	17	00 09 a5 00 c4 71 09 00 00 33	1746084953.021721193
2245	0xa5fc	29	fc a5 7d 3d 01 00 00 00 d0 42	1746084953.026687166
2246	0x1500	18	00 15 a5 00 c4 c1 70 00 00 00	1746084953.042981041
2247	0x300	63	00 03 5a 58 09 93 fa 53 7b 92	1746084953.058724737
2248	0xa5fc	29	fc a5 7d c7 00 00 00 00 00 69	1746084953.103283881
2249	0x300	72	00 03 5a 78 9c 33 f8 53 6b c5	1746084953.23045838
2250	0x300	40	00 03 5a 58 09 93 fa 53 7b 9c	1746084953.23304531
2251	0x1500	18	00 15 a5 00 c5 f1 e6 00 00 00	1746084953.268355276
2252	0xa5fc	29	fc a5 7d b0 00 00 00 00 30 45	1746084953.734560183
2253	0xa5fc	29	fc a5 7d b0 00 00 00 00 30 45	1746084953.734655495
2254	0x300	41	00 03 5a 58 09 93 fa 53 7b 8a	1746084953.734655675
2255	0xa5fc	29	fc a5 7d c9 00 00 00 00 f0 61	1746084954.141112051
2256	0xa5fc	29	fc a5 7d c9 00 00 00 00 f0 61	1746084954.220220416
2257	0x300	88	00 03 5a 78 9c 33 f8 53 6b cd	1746084954.243873354
2258	0x1500	18	00 15 a5 00 c6 a0 5c 00 00 00	1746084954.268401903
2259	0xa5fc	29	fc a5 7d 3d 01 00 00 00 70 42	1746084954.552464628
2260	0x300	46	00 03 5a 58 09 93 fa 53 6b cb	1746084954.553146945
2261	0xa5fc	29	fc a5 7d c7 00 00 00 00 80 69	1746084954.553251378
2262	0xa5fc	29	fc a5 7d b0 00 00 00 00 60 44	1746084954.606753187
2263	0xa5fc	29	fc a5 7d c7 00 00 00 00 80 69	1746084954.638845054
2264	0xa5fc	29	fc a5 7d ca 00 00 00 00 00 06	1746084954.670499621
2265	0x300	64	00 03 5a 58 09 93 fa 53 bb 81	1746084954.735672756
2266	0xa5fc	29	fc a5 7d ca 00 00 00 00 80 05	1746084955.062940622
2267	0x300	78	00 03 5a 78 9c 33 f8 53 6b c3	1746084955.246997156
2268	0x1500	18	00 15 a5 00 c7 90 ca 00 00 00	1746084955.2686125
2269	0xa5fc	29	fc a5 7d ca 00 00 00 00 80 05	1746084955.317428763
2270	0xa5fc	29	fc a5 7d c9 00 00 00 00 40 5b	1746084955.575163939
2271	0xa5fc	29	fc a5 7d d1 02 00 00 00 90 c0	1746084955.575644974
2272	0x300	41	00 03 5a 58 09 93 fa 53 7b 92	1746084955.624862785
2273	0xa5fc	29	fc a5 7d c7 00 00 00 00 f0 69	1746084955.657142411
2274	0x300	43	00 03 5a 58 09 93 fa 53 7b 9c	1746084955.882562773
2275	0xa5fc	29	fc a5 7d d1 02 00 00 00 10 be	1746084955.994179303
2276	0xa5fc	29	fc a5 7d b0 00 00 00 00 60 43	1746084956.043977069
2277	0x300	41	00 03 5a 58 09 93 fa 53 bb 81	1746084956.141100245
2278	0x300	87	00 03 5a 78 9c 13 62 e0 64 38	1746084956.238979577
2279	0x300	18	00 03 a5 04 00 15 00 c8 04 00	1746084956.270285524
2280	0x900	222	00 09 5a 58 09 63 e6 10 31 67	1746084956.304571573
2281	0x300	146	00 03 5a 58 09 4b 66 e0 64 e6	1746084956.314827109
2282	0x900	222	00 09 5a 58 09 63 e6 10 31 67	1746084956.314827265
2283	0x300	146	00 03 5a 58 09 4b 66 e0 64 e6	1746084956.331115834
2284	0x1500	7	00 15 a5 03 0c d8 31	1746084956.343635871
2285	0xd00	26	00 0d 5a 78 9c 63 38 c5 c0 20	1746084956.343948394
2286	0xd00	20	00 0d 5a 78 9c 63 38 cd 30 0a	1746084956.344435637
2287	0xd00	20	00 0d 5a 78 9c 63 38 c3 30 0a	1746084956.344584368
2288	0xd00	20	00 0d 5a 78 9c 63 38 cb 30 0a	1746084956.344764529
2289	0xd00	20	00 0d 5a 78 9c 63 38 c7 30 0a	1746084956.345151598
2290	0xd00	20	00 0d 5a 78 9c 63 38 cf 30 0a	1746084956.345477632
2291	0xd00	20	00 0d 5a 78 9c 63 b8 c0 30 0a	1746084956.345621138
2292	0xd00	20	00 0d 5a 78 9c 63 b8 c8 30 0a	1746084956.345900046
2293	0xa5fc	29	fc a5 7d c9 00 00 00 00 70 57	1746084956.363406099
2294	0x300	37	00 03 5a 58 09 63 61 10 65 38	1746084956.379265982
2297	0xd00	18	00 0d 5a 78 9c 63 b8 c4 40 55	1746084956.510912955
2298	0xa5fc	29	fc a5 7d 3d 01 00 00 00 c0 41	1746084956.515108025
2299	0xa5fc	29	fc a5 7d 3d 01 00 00 00 c0 41	1746084956.52386717
2300	0x1500	18	00 15 a5 00 d2 74 21 00 00 00	1746084956.539201916
2301	0x0	37	00 00 00 00 00 01 00 00 00 00	1746084956.701283288
2302	0x300	56	00 03 5a 58 09 93 fa 53 6b c3	1746084956.701850126
2303	0xa5fc	29	fc a5 7d c7 00 00 00 00 50 6a	1746084956.907028145
2304	0xa5fc	29	fc a5 7d b0 00 00 00 00 e0 42	1746084956.907028404
2305	0xa5fc	29	fc a5 7d c7 00 00 00 00 50 6a	1746084956.943012998
2306	0x300	46	00 03 5a 58 09 93 fa 53 7b 91	1746084956.975205479
2307	0x300	72	00 03 5a 78 9c 33 f8 53 6b c7	1746084957.270848072
2308	0x1500	18	00 15 a5 00 d3 44 b7 00 00 00	1746084957.298537068
2309	0x300	43	00 03 5a 58 09 93 fa 53 7b 92	1746084957.36234603
2310	0x300	58	00 03 5a 58 09 93 fa 53 6b c3	1746084957.622635638
2311	0x900	18	00 09 00 06 00 00 76 b5 00 00	1746084957.703040111
2312	0x1500	6	00 15 00 06 1b c7	1746084957.712052547
2313	0x900	18	00 09 00 06 00 00 76 b5 00 00	1746084957.718861415
2314	0x1500	6	00 15 00 06 1b c7	1746084957.729095217
2315	0x300	55	00 03 5a 58 09 93 fa 53 6b c3	1746084957.785571933
2316	0x300	44	00 03 5a 58 09 93 fa 53 bb 81	1746084957.844802326
2317	0x300	46	00 03 5a 58 09 93 fa 53 6b cb	1746084957.877242999
2318	0xa5fc	29	fc a5 7d d1 02 00 00 00 70 c4	1746084958.238582872
2319	0xa5fc	29	fc a5 7d c7 00 00 00 00 c0 6a	1746084958.238583164
2320	0x300	58	00 03 5a 58 09 93 fa 53 6b c3	1746084958.263514297
2321	0x300	72	00 03 5a 78 9c 33 f8 53 eb c0	1746084958.279461693
2322	0x1500	18	00 15 a5 00 d4 d1 14 00 00 00	1746084958.316487413
2323	0xa5fc	29	fc a5 7d d1 02 00 00 00 70 c4	1746084958.328169143
2324	0x300	40	00 03 5a 58 09 93 fa 53 7b 9c	1746084958.360828583
2325	0xa5fc	29	fc a5 7d c9 00 00 00 00 80 5d	1746084958.64790041
2326	0x300	41	00 03 5a 58 09 93 fa 53 7b 92	1746084958.647900594
2327	0xa5fc	29	fc a5 7d b0 00 00 00 00 d0 43	1746084959.056449887
2328	0x300	44	00 03 5a 58 09 93 fa 53 bb 81	1746084959.10114451
2329	0x300	72	00 03 5a 78 9c 33 f8 53 eb c4	1746084959.313738333
2330	0x1500	18	00 15 a5 00 d5 e1 82 00 00 00	1746084959.3435671
2331	0xa5fc	29	fc a5 7d c7 00 00 00 00 10 6b	1746084959.375775283
2332	0x300	58	00 03 5a 58 09 93 fa 53 6b c3	1746084959.408104807
2333	0x300	42	00 03 5a 58 09 93 fa 53 7b 9c	1746084959.505231158
2334	0xa5fc	29	fc a5 7d c9 00 00 00 00 d0 62	1746084959.602444508
2335	0x300	55	00 03 5a 58 09 93 fa 53 6b c3	1746084959.667420716
2336	0x300	41	00 03 5a 58 09 93 fa 53 7b 92	1746084959.732167797
2337	0xa5fc	29	fc a5 7d 3d 01 00 00 00 40 42	1746084960.081963505
2338	0x300	46	00 03 5a 58 09 93 fa 53 6b cb	1746084960.119798376
2339	0x300	58	00 03 5a 58 09 93 fa 53 6b c3	1746084960.184268562
2340	0x300	79	00 03 5a 78 9c 33 f8 53 eb cc	1746084960.306862906
2341	0x1500	18	00 15 a5 00 d6 b0 38 00 00 00	1746084960.329913247
2342	0xa5fc	29	fc a5 7d c7 00 00 00 00 70 6b	1746084960.593078921
2343	0xa5fc	29	fc a5 7d d1 02 00 00 00 80 d0	1746084960.635931526
2344	0x300	42	00 03 5a 58 09 93 fa 53 7b 9c	1746084960.668496467
2345	0x300	46	00 03 5a 58 09 93 fa 53 7b 91	1746084960.765414301
2346	0xa5fc	29	fc a5 7d c9 00 00 00 00 80 69	1746084961.10450697
2347	0xa5fc	51	fc a5 7d 44 08 d3 02 00 00 00	1746084961.125432144
2348	0xa5fc	29	fc a5 7d c9 00 00 00 00 80 69	1746084961.152889605
2349	0xa5fc	29	fc a5 7d 3d 01 00 00 00 a0 42	1746084961.201263283
2350	0x300	46	00 03 5a 58 09 93 fa 53 6b c3	1746084961.233649957
2351	0x300	46	00 03 5a 58 09 93 fa 53 6b cb	1746084961.265846822
2352	0x300	82	00 03 5a 78 9c 33 f8 53 eb ca	1746084961.415535263
2353	0x1500	18	00 15 a5 00 d7 80 ae 00 00 00	1746084961.446133415
2354	0xa5fc	51	fc a5 7d 53 08 d3 02 00 00 00	1746084961.70507986
2355	0xa5fc	29	fc a5 7d c9 00 00 00 00 50 6d	1746084961.923770951
2356	0xa5fc	29	fc a5 7d c7 00 00 00 00 d0 6b	1746084961.975640951
2357	0xa5fc	51	fc a5 7d 63 08 d3 02 00 00 00	1746084961.988794089
2358	0xa5fc	29	fc a5 7d 3d 01 00 00 00 e0 42	1746084962.231207494
2359	0x300	43	00 03 5a 58 09 93 fa 53 6b cb	1746084962.232251408
2360	0x300	62	00 03 5a 58 09 93 fa 53 bb 81	1746084962.232358728
2361	0xa5fc	51	fc a5 7d 71 08 d3 02 00 00 00	1746084962.275178355
2362	0x300	79	00 03 a5 18 00 09 00 d8 c6 46	1746084962.458945354
2363	0x1500	18	00 15 a5 00 d8 9d 3f 00 00 00	1746084962.492458547
2364	0xa5fc	29	fc a5 7d d1 02 00 00 00 10 da	1746084962.589594085
2365	0x300	43	00 03 5a 58 09 93 fa 53 7b 91	1746084962.742885475
2366	0xa5fc	29	fc a5 7d d1 02 00 00 00 a0 da	1746084962.817218503
2367	0x300	43	00 03 5a 58 09 93 fa 53 7b 92	1746084962.881039978
2368	0xa5fc	51	fc a5 7d 9b 08 d3 02 00 00 00	1746084963.033154005
2369	0xa5fc	29	fc a5 7d c9 00 00 00 00 70 6c	1746084963.042952108
2370	0xa5fc	29	fc a5 7d c9 00 00 00 00 70 6c	1746084963.074238178
2371	0xa5fc	29	fc a5 7d 3d 01 00 00 00 40 43	1746084963.155268042
2372	0x300	44	00 03 5a 58 09 93 fa 53 bb 81	1746084963.254891353
2373	0x300	94	00 03 5a 78 9c 33 f8 53 bb 82	1746084963.321406403
2374	0x1500	18	00 15 a5 00 d9 ad a9 00 00 00	1746084963.349440403
2375	0xa5fc	29	fc a5 7d b0 00 00 00 00 f0 45	1746084963.414034975
2376	0xa5fc	29	fc a5 7d b0 00 00 00 00 f0 45	1746084963.446265893
2377	0xa5fc	51	fc a5 7d b9 08 d3 02 00 00 00	1746084963.61015569
2378	0xa5fc	29	fc a5 7d c7 00 00 00 00 30 70	1746084963.671930778
2379	0x300	42	00 03 5a 58 09 93 fa 53 7b 9c	1746084963.7679861
2380	0xa5fc	29	fc a5 7d aa 00 00 00 00 e0 e9	1746084963.863878649
2381	0xa5fc	51	fc a5 7d cb 08 d3 02 00 00 00	1746084963.894543542
2382	0x300	43	00 03 5a 58 09 93 fa 53 7b 91	1746084963.992726894
2383	0x300	43	00 03 5a 58 09 93 fa 53 6b cb	1746084964.176372566
2384	0xa5fc	51	fc a5 7d de 08 d3 02 00 00 00	1746084964.189021077
2385	0xa5fc	51	fc a5 7d f0 08 d3 02 00 00 00	1746084964.317849751
2386	0xd00	483	00 0d 5a 78 9c 55 d1 4f 48 14	1746084964.318083405
2387	0xd00	404	00 0d 5a 78 9c 55 cf 4f 48 d3	1746084964.318225
2388	0x300	18	00 03 a5 04 00 15 00 da 04 00	1746084964.346991256
2389	0xa5fc	29	fc a5 7d 3d 01 00 00 00 20 43	1746084964.689701621
2390	0x300	46	00 03 5a 58 09 93 fa 53 6b cb	1746084964.734031764
2391	0xa5fc	29	fc a5 7d c7 00 00 00 00 f0 73	1746084964.798651007
2392	0x300	63	00 03 5a 58 09 93 fa 53 bb 8a	1746084964.894597411
2393	0x900	19	00 09 a5 03 0d 8f 31 ca 00 00	1746084964.993664394
2394	0x900	19	00 09 a5 03 0d 8f 31 ca 00 00	1746084965.007658516
2395	0x1500	7	00 15 a5 03 0d e8 a7	1746084965.170125239
2396	0xa5fc	29	fc a5 7d ad 00 00 00 00 00 97	1746084965.172274493
2397	0x300	58	00 03 5a 58 09 93 fa 53 7b 91	1746084965.172380995
2398	0x300	70	00 03 5a 58 09 93 fa 53 7b 91	1746084965.251294949
2399	0xa5fc	51	fc a5 7d 2b 09 d3 02 00 00 00	1746084965.315086996
2400	0xd00	490	00 0d 5a 78 9c 55 d0 4b 48 54	1746084965.315466284
2401	0xd00	432	00 0d 5a 78 9c 55 cf 4d 48 d3	1746084965.315791679
2402	0x300	18	00 03 a5 04 00 15 00 dc 04 00	1746084965.345080543
2403	0xa5fc	29	fc a5 7d 3c 01 00 00 00 40 24	1746084965.714323612
2404	0x300	66	00 03 5a 58 09 93 fa 53 6b c3	1746084965.765515562
2405	0x300	43	00 03 5a 58 09 93 fa 53 6b cb	1746084965.915243686
2406	0xa5fc	29	fc a5 7d c7 00 00 00 00 90 78	1746084966.224686646
2407	0xa5fc	51	fc a5 7d 62 09 d3 02 00 00 00	1746084966.239606643
2408	0x300	54	00 03 5a 58 09 93 fa 53 7b 91	1746084966.280612483
2409	0xa5fc	29	fc a5 7d c7 00 00 00 00 90 78	1746084966.311925794
2410	0xd00	490	00 0d 5a 78 9c 55 ca 4d 48 93	1746084966.324353295
2411	0xd00	492	00 0d 5a 78 9c 55 c8 4d 48 93	1746084966.324979093
2412	0x300	18	00 03 a5 04 00 15 00 de 04 00	1746084966.360258725
2413	0x300	65	00 03 5a 58 09 93 fa 53 7b 91	1746084966.408277838
2414	0x300	110	00 03 a5 37 00 0d 00 e0 fe 14	1746084966.49260472
2415	0x1500	18	00 15 a5 00 e0 25 a1 00 00 00	1746084966.521077452
2416	0xa5fc	51	fc a5 7d 72 09 d3 02 00 00 00	1746084966.825721452
2417	0x600	18	00 06 04 96 00 00 00 00 00 00	1746084966.827738621
2418	0xa5fc	29	fc a5 7d 3c 01 00 00 00 80 1e	1746084967.044073644
2419	0x5afc	49	fc 5a 78 9c ab 2d e6 bc cc c4	1746084967.112381574
2420	0xa5fc	29	fc a5 7d 3d 01 00 00 00 70 42	1746084967.165098214
2421	0xa5fc	29	fc a5 7d c9 00 00 00 00 40 57	1746084967.197294882
2422	0x300	46	00 03 5a 58 09 93 fa 53 6b cb	1746084967.293754518
2423	0xa5fc	29	fc a5 7d c7 00 00 00 00 40 7c	1746084967.326083161
2424	0x5afc	49	fc 5a 78 9c ab 2d e1 bc cc c4	1746084967.3424532
2425	0xd00	505	00 0d 5a 78 9c 0d d0 4f 48 93	1746084967.342639919
2426	0xd00	500	00 0d 5a 78 9c 0d d0 4f 48 93	1746084967.342939119
2427	0x300	18	00 03 a5 04 00 15 00 e1 04 00	1746084967.374286528
2428	0xa5fc	29	fc a5 7d aa 00 00 00 00 10 e9	1746084967.422878949
2429	0xd00	143	00 0d a5 00 e3 40 0b c3 4c a0	1746084967.508788557
2430	0x300	43	00 03 5a 58 09 93 fa 53 7b 9c	1746084967.520024354
2431	0x1500	18	00 15 a5 00 e3 74 1b 00 00 00	1746084967.538096034
2432	0x300	63	00 03 5a 58 09 93 fa 53 bb 8a	1746084967.556228955
2433	0xa5fc	29	fc a5 7d d1 02 00 00 00 30 c8	1746084967.760369561
2434	0xa5fc	29	fc a5 7d d1 02 00 00 00 30 c8	1746084967.809816507
2435	0x300	46	00 03 5a 58 09 93 fa 53 6b c3	1746084968.067505408
2436	0x300	44	00 03 5a 58 09 93 fa 53 7b 92	1746084968.068318905
2437	0xa5fc	29	fc a5 7d c9 00 00 00 00 70 57	1746084968.100434622
2438	0x300	62	00 03 5a 78 9c e3 62 e0 64 78	1746084968.301168422
2439	0x1500	18	00 15 a5 00 e4 e1 b8 00 00 00	1746084968.325771561
2440	0xd00	495	00 0d 5a 78 9c 0d d1 4b 68 13	1746084968.344666801
2441	0xd00	479	00 0d 5a 78 9c 55 ca 4d 48 d3	1746084968.344996505
2442	0x300	22	00 03 a5 05 b1 37 73 00 64 0a	1746084968.35716976
2443	0x300	26	00 03 a5 0a 00 09 03 0e 72 02	1746084968.376043289
2444	0x300	41	00 03 5a 58 09 93 fa 53 7b 92	1746084968.389850246
2445	0x300	59	00 03 5a 78 9c 33 67 e0 65 78	1746084968.514684475
2446	0x900	18	00 09 a5 03 0f bc 16 00 00 00	1746084968.519124607
2447	0x300	37	00 03 a5 04 00 15 00 e7 1a fc	1746084968.55179536
2448	0x900	18	00 09 a5 03 0f bc 16 00 00 00	1746084968.567775077
2449	0x300	44	00 03 5a 58 09 93 fa 53 bb 81	1746084968.616624714
2450	0x1500	7	00 15 a5 03 0f 89 8b	1746084968.686738731
2451	0xa5fc	29	fc a5 7d b0 00 00 00 00 10 43	1746084968.77868924
2452	0x300	66	00 03 5a 58 09 93 fa 53 bb 81	1746084968.842946636
2453	0xa5fc	29	fc a5 7d d1 02 00 00 00 90 c2	1746084968.875075956
2454	0x300	46	00 03 5a 58 09 93 fa 53 7b 91	1746084968.972011175
2455	0xa5fc	51	fc a5 7d 76 09 d3 02 00 00 00	1746084968.979974956
2456	0xa5fc	29	fc a5 7d 3c 01 00 00 00 60 23	1746084969.00354606
2457	0xa5fc	29	fc a5 7d c7 00 00 00 00 00 83	1746084969.067901769
2458	0x300	46	00 03 5a 58 09 93 fa 53 6b c3	1746084969.100648111
2459	0x300	40	00 03 5a 58 09 93 fa 53 7b 9c	1746084969.133391739
2460	0xa5fc	51	fc a5 7d 77 09 d3 02 00 00 00	1746084969.270343952
2461	0xa5fc	29	fc a5 7d 3d 01 00 00 00 c0 41	1746084969.327042822
2462	0xa5fc	29	fc a5 7d 3d 01 00 00 00 c0 41	1746084969.359261138
2463	0x300	93	00 03 5a 78 9c f3 66 e0 64 78	1746084969.497921019
2464	0xa5fc	29	fc a5 7d 3d 01 00 00 00 b0 41	1746084969.51989874
2465	0x1500	18	00 15 a5 00 e8 ad 93 00 00 00	1746084969.538206745
2466	0xa5fc	29	fc a5 7d d1 02 00 00 00 10 be	1746084969.809607292
2467	0xa5fc	29	fc a5 7d aa 00 00 00 00 20 e8	1746084969.827842231
2468	0xa5fc	51	fc a5 7d 79 09 d3 02 00 00 00	1746084969.855580499
2469	0x300	43	00 03 5a 58 09 93 fa 53 bb 8a	1746084969.860156451
2470	0xa5fc	51	fc a5 7d 84 09 d3 02 00 00 00	1746084970.15021391
2471	0xa5fc	29	fc a5 7d 3c 01 00 00 00 60 28	1746084970.152248269
2472	0xa5fc	29	fc a5 7d c7 00 00 00 00 c0 87	1746084970.152269745
2473	0xa5fc	29	fc a5 7d 3c 01 00 00 00 60 28	1746084970.247835405
2474	0xa5fc	29	fc a5 7d c7 00 00 00 00 c0 87	1746084970.280107229
2475	0x300	79	00 03 a5 30 fc 7d 97 09 d3 02	1746084970.442840562
2476	0x1500	18	00 15 a5 00 e9 9d 05 00 00 00	1746084970.474699926
2477	0x300	46	00 03 5a 58 09 93 fa 53 7b 91	1746084970.629011327
2478	0x300	43	00 03 5a 58 09 93 fa 53 6b cb	1746084970.700205209
2479	0x300	101	00 03 5a 78 9c f3 60 e0 64 78	1746084970.719186818
2480	0x1500	18	00 15 a5 00 ea cc bf 00 00 00	1746084970.748593286
2481	0x900	45	00 09 5a 58 09 63 16 d0 d5 f6	1746084970.7569832
2482	0x900	375	00 09 5a 58 09 63 16 6c 66 60	1746084970.75735189
2483	0xd00	281	00 0d 5a 58 09 63 16 62 60 10	1746084970.757762102
2484	0xd00	230	00 0d 5a 58 09 63 16 ce 4d 2d	1746084970.757906938
2485	0xd00	20	00 0d 5a 58 09 63 16 61 18 05	1746084970.757907036
2486	0xd00	20	00 0d 5a 58 09 63 16 65 18 05	1746084970.757907108
2487	0xd00	20	00 0d 5a 58 09 63 16 63 18 05	1746084970.757907179
2488	0xd00	20	00 0d 5a 58 09 63 16 67 18 05	1746084970.757907251
2489	0xd00	20	00 0d 5a 58 09 63 96 60 18 05	1746084970.757907322
2490	0xd00	20	00 0d 5a 58 09 63 96 64 18 05	1746084970.757907394
2491	0xd00	44	00 0d 5a 58 09 63 96 62 18 16	1746084970.757907466
2492	0x900	45	00 09 5a 58 09 63 16 d0 d5 f6	1746084970.764401189
2493	0x900	375	00 09 5a 58 09 63 16 6c 66 60	1746084970.764401433
2494	0xd00	281	00 0d 5a 58 09 63 16 62 60 10	1746084970.764626615
2495	0xd00	230	00 0d 5a 58 09 63 16 ce 4d 2d	1746084970.764626748
2496	0xd00	20	00 0d 5a 58 09 63 16 61 18 05	1746084970.764626808
2497	0xd00	20	00 0d 5a 58 09 63 16 65 18 05	1746084970.764626878
2498	0xd00	20	00 0d 5a 58 09 63 16 63 18 05	1746084970.764626952
2499	0xd00	20	00 0d 5a 58 09 63 16 67 18 05	1746084970.764627022
2500	0xd00	20	00 0d 5a 58 09 63 96 60 18 05	1746084970.764627094
2501	0xd00	20	00 0d 5a 58 09 63 96 64 18 05	1746084970.765130397
2502	0xd00	44	00 0d 5a 58 09 63 96 62 18 16	1746084970.765130568
2503	0x1500	7	00 15 a5 03 1a 6d 60	1746084970.925554471
2504	0xa5fc	29	fc a5 7d 73 00 00 00 00 a0 bb	1746084970.927633442
2505	0x300	85	00 03 5a 78 9c 33 f8 53 bb 86	1746084971.441998053
2506	0x1500	18	00 15 a5 00 eb fc 29 00 00 00	1746084971.47487575
2507	0xa5fc	29	fc a5 7d 3c 01 00 00 00 b0 2e	1746084971.538828559
2508	0xa5fc	29	fc a5 7d c7 00 00 00 00 e0 8d	1746084971.757113711
2509	0x300	46	00 03 5a 58 09 93 fa 53 6b c3	1746084971.757214044
2510	0x300	66	00 03 5a 58 09 93 fa 53 7b 91	1746084971.757214159
2511	0xa5fc	29	fc a5 7d 3d 01 00 00 00 f0 41	1746084971.764212053
2512	0x300	46	00 03 5a 58 09 93 fa 53 6b cb	1746084971.796542937
2513	0x300	43	00 03 5a 58 09 93 fa 53 7b 91	1746084971.899082314
2514	0xa5fc	29	fc a5 7d aa 00 00 00 00 a0 e7	1746084971.95935204
2515	0x300	44	00 03 5a 58 09 93 fa 53 bb 8a	1746084972.054949273
2516	0x5afc	49	fc 5a 78 9c ab 5d cb 79 99 89	1746084972.357838369
2517	0xd00	471	00 0d 5a 78 9c 55 c8 4d 48 d3	1746084972.358159878
2518	0x1500	18	00 15 a5 00 ec 69 8a 00 00 00	1746084972.390439123
2519	0xd00	135	00 0d 5a 78 9c 63 78 1b 79 78	1746084972.521770765
2520	0x1500	18	00 15 a5 00 ed 59 1c 00 00 00	1746084972.550286932
2521	0x900	18	00 09 a5 03 1b 79 2a 98 15 00	1746084972.631650482
2522	0x900	18	00 09 a5 03 1b 79 2a 98 15 00	1746084972.675949227
2523	0x300	57	00 03 5a 58 09 93 fa 53 6b c3	1746084972.695918049
2524	0xa5fc	29	fc a5 7d c7 00 00 00 00 60 92	1746084972.727456025
2525	0x1500	7	00 15 a5 03 1b 5d f6	1746084972.809215723
2526	0xa5fc	29	fc a5 7d 3c 01 00 00 00 b0 33	1746084972.811606093
2527	0xa5fc	29	fc a5 7d c9 00 00 00 00 50 6d	1746084972.983566548
2528	0xa5fc	29	fc a5 7d b0 00 00 00 00 10 46	1746084972.983566713
2529	0xa5fc	29	fc a5 7d d1 02 00 00 00 30 ca	1746084973.289991181
2530	0x300	46	00 03 5a 58 09 93 fa 53 7b 91	1746084973.289991514
2531	0x5afc	49	fc 5a 78 9c ab 5d c7 79 99 89	1746084973.372801746
2532	0x900	235	00 09 5a 78 9c 55 ca 3d 4b 82	1746084973.373468769
2533	0x1500	18	00 15 a5 00 ee 08 a6 00 00 00	1746084973.452319818
2534	0xa5fc	29	fc a5 7d c7 00 00 00 00 20 97	1746084973.80223432
2535	0x300	71	00 03 5a 58 09 93 fa 53 7b 9c	1746084974.006938241
2536	0xa5fc	29	fc a5 7d c7 00 00 00 00 70 97	1746084974.006938574
2537	0xa5fc	29	fc a5 7d 3c 01 00 00 00 70 39	1746084974.007358354
2538	0x300	44	00 03 5a 58 09 93 fa 53 bb 81	1746084974.034219172
2539	0xa5fc	29	fc a5 7d c9 00 00 00 00 70 6c	1746084974.065372144
2540	0xa5fc	29	fc a5 7d c9 00 00 00 00 70 6c	1746084974.097637759
2541	0xa5fc	29	fc a5 7d b0 00 00 00 00 f0 45	1746084974.311928285
2542	0xa5fc	29	fc a5 7d b0 00 00 00 00 f0 45	1746084974.311962243
2543	0x300	72	00 03 5a 78 9c 33 f8 53 bb 9e	1746084974.477461237
2544	0xa5fc	29	fc a5 7d d1 02 00 00 00 e0 d0	1746084974.487590484
2545	0x300	46	00 03 5a 58 09 93 fa 53 7b 91	1746084974.48759083
2546	0x1500	18	00 15 a5 00 ef 38 30 00 00 00	1746084974.516049033
2547	0x300	46	00 03 5a 58 09 93 fa 53 6b c3	1746084975.135277013
2548	0x300	40	00 03 5a 58 09 93 fa 53 7b 9c	1746084975.160565951
2549	0x900	17	00 09 a5 00 f0 a6 08 00 00 00	1746084975.282567294
2550	0x1500	18	00 15 a5 00 f0 35 c5 00 00 00	1746084975.30640786
2551	0x300	72	00 03 5a 78 9c 33 f8 53 bb 81	1746084975.487586012
2552	0x1500	18	00 15 a5 00 f1 05 53 00 00 00	1746084975.54892009
2553	0xa5fc	29	fc a5 7d 3d 01 00 00 00 30 43	1746084975.646168242
2554	0x600	18	00 06 04 96 00 00 00 00 00 00	1746084975.734671246
2555	0xa5fc	29	fc a5 7d 3d 01 00 00 00 30 43	1746084975.777513353
2556	0xa5fc	29	fc a5 7d d1 02 00 00 00 10 d8	1746084975.870549792
2557	0x300	46	00 03 5a 58 09 93 fa 53 7b 91	1746084975.903027543
2558	0xa5fc	29	fc a5 7d 3d 01 00 00 00 40 43	1746084975.935448987
2559	0x300	81	00 03 5a 78 9c 93 63 e0 64 f8	1746084976.359080387
2560	0xa5fc	29	fc a5 7d c7 00 00 00 00 10 92	1746084976.363402738
2561	0x1500	18	00 15 a5 00 f2 54 e9 00 00 00	1746084976.387811001
2562	0x900	33	00 09 a5 03 1c ed 4f 73 00 00	1746084976.401198363
2563	0xd00	143	00 0d 5a 58 09 63 96 65 60 60	1746084976.401885586
2564	0xd00	51	00 0d 5a 58 09 63 96 63 60 f8	1746084976.40195688
2565	0xd00	154	00 0d 5a 58 09 63 96 67 60 60	1746084976.401957152
2566	0xd00	43	00 0d 5a 58 09 63 56 60 20 0c	1746084976.401957302
2567	0xd00	167	00 0d 5a 58 09 63 56 64 60 60	1746084976.401957462
2568	0xd00	45	00 0d 5a 58 09 63 56 62 80 83	1746084976.40195764
2569	0xd00	163	00 0d 5a 58 09 63 56 66 60 60	1746084976.401957794
2570	0xd00	45	00 0d 5a 58 09 63 56 61 80 83	1746084976.40195795
2571	0xd00	148	00 0d 5a 58 09 63 56 65 60 60	1746084976.401958107
2572	0xd00	52	00 0d 5a 58 09 63 56 63 00 83	1746084976.402142023
2573	0xd00	147	00 0d 5a 58 09 63 56 67 60 60	1746084976.402142222
2574	0xd00	53	00 0d 5a 58 09 63 d6 60 00 83	1746084976.402142374
2575	0xd00	146	00 0d 5a 58 09 63 d6 64 60 60	1746084976.402142523
2576	0xd00	49	00 0d 5a 58 09 63 d6 62 40 00	1746084976.40214268
2577	0xd00	146	00 0d 5a 58 09 63 d6 66 60 60	1746084976.403114834
2578	0xd00	49	00 0d 5a 58 09 63 d6 61 80 00	1746084976.403191764
2579	0xd00	143	00 0d 5a 58 09 63 d6 65 60 60	1746084976.403191988
2580	0xd00	49	00 0d 5a 58 09 63 d6 fb ff ff	1746084976.403192167
2581	0xd00	146	00 0d 5a 58 09 63 d6 67 60 60	1746084976.403192322
2582	0xd00	52	00 0d 5a 58 09 63 36 60 00 83	1746084976.403192478
2583	0xd00	152	00 0d 5a 58 09 63 36 64 60 60	1746084976.403192624
2584	0xd00	51	00 0d 5a 58 09 63 36 62 40 02	1746084976.403192777
2585	0xd00	164	00 0d 5a 58 09 63 36 66 60 60	1746084976.403192933
2586	0xd00	52	00 0d 5a 58 09 63 36 61 80 82	1746084976.403410741
2587	0xd00	145	00 0d 5a 58 09 63 36 65 60 60	1746084976.403410977
2588	0xd00	51	00 0d 5a 58 09 63 36 63 80 82	1746084976.403411127
2589	0xd00	215	00 0d 5a 58 09 63 36 67 60 60	1746084976.403411286
2590	0xd00	49	00 0d 5a 58 09 63 b6 60 40 02	1746084976.403411436
2591	0xd00	177	00 0d 5a 58 09 63 b6 64 60 60	1746084976.403411589
2592	0xd00	47	00 0d 5a 58 09 63 b6 62 20 0c	1746084976.40341174
2593	0xd00	173	00 0d 5a 58 09 63 b6 66 60 60	1746084976.403411917
2594	0xd00	80	00 0d 5a 58 09 63 b6 71 63 20	1746084976.403640907
2595	0xd00	175	00 0d 5a 58 09 63 b6 65 60 60	1746084976.403641081
2596	0xd00	82	00 0d 5a 58 09 63 b6 63 60 70	1746084976.403641233
2597	0xd00	171	00 0d 5a 58 09 63 b6 67 60 60	1746084976.40364139
2598	0xd00	79	00 0d 5a 58 09 63 76 60 20 01	1746084976.40364154
2599	0xd00	171	00 0d 5a 58 09 63 76 64 60 60	1746084976.403641692
2600	0xd00	79	00 0d 5a 58 09 63 76 62 20 09	1746084976.403641848
2601	0x900	33	00 09 a5 03 1c ed 4f 73 00 00	1746084976.404507647
2602	0xd00	143	00 0d 5a 58 09 63 96 65 60 60	1746084976.404563068
2603	0xd00	51	00 0d 5a 58 09 63 96 63 60 f8	1746084976.404563237
2604	0xd00	154	00 0d 5a 58 09 63 96 67 60 60	1746084976.404565158
2605	0xd00	43	00 0d 5a 58 09 63 56 60 20 0c	1746084976.404565308
2606	0xd00	167	00 0d 5a 58 09 63 56 64 60 60	1746084976.404565461
2607	0xd00	45	00 0d 5a 58 09 63 56 62 80 83	1746084976.40470737
2608	0xd00	163	00 0d 5a 58 09 63 56 66 60 60	1746084976.404707523
2609	0xd00	45	00 0d 5a 58 09 63 56 61 80 83	1746084976.40470952
2610	0xd00	148	00 0d 5a 58 09 63 56 65 60 60	1746084976.40470967
2611	0xd00	52	00 0d 5a 58 09 63 56 63 00 83	1746084976.404867428
2612	0xd00	147	00 0d 5a 58 09 63 56 67 60 60	1746084976.404867589
2613	0xd00	53	00 0d 5a 58 09 63 d6 60 00 83	1746084976.40486774
2614	0xd00	146	00 0d 5a 58 09 63 d6 64 60 60	1746084976.404867896
2615	0xd00	49	00 0d 5a 58 09 63 d6 62 40 00	1746084976.404868075
2616	0xd00	146	00 0d 5a 58 09 63 d6 66 60 60	1746084976.404914303
2617	0xd00	49	00 0d 5a 58 09 63 d6 61 80 00	1746084976.404914454
2618	0xd00	143	00 0d 5a 58 09 63 d6 65 60 60	1746084976.404914606
2619	0xd00	49	00 0d 5a 58 09 63 d6 fb ff ff	1746084976.404914765
2620	0xd00	146	00 0d 5a 58 09 63 d6 67 60 60	1746084976.404914911
2621	0xd00	52	00 0d 5a 58 09 63 36 60 00 83	1746084976.4051676
2622	0xd00	152	00 0d 5a 58 09 63 36 64 60 60	1746084976.405167777
2623	0xd00	51	00 0d 5a 58 09 63 36 62 40 02	1746084976.405167931
2624	0xd00	164	00 0d 5a 58 09 63 36 66 60 60	1746084976.405168084
2625	0xd00	52	00 0d 5a 58 09 63 36 61 80 82	1746084976.405168235
2626	0xd00	145	00 0d 5a 58 09 63 36 65 60 60	1746084976.405168389
2627	0xd00	51	00 0d 5a 58 09 63 36 63 80 82	1746084976.405168543
2628	0xd00	215	00 0d 5a 58 09 63 36 67 60 60	1746084976.405168722
2629	0xd00	49	00 0d 5a 58 09 63 b6 60 40 02	1746084976.405204739
2630	0xd00	177	00 0d 5a 58 09 63 b6 64 60 60	1746084976.406815134
2631	0xd00	47	00 0d 5a 58 09 63 b6 62 20 0c	1746084976.406978151
2632	0xd00	173	00 0d 5a 58 09 63 b6 66 60 60	1746084976.406978339
2633	0xd00	80	00 0d 5a 58 09 63 b6 71 63 20	1746084976.406978518
2634	0xd00	175	00 0d 5a 58 09 63 b6 65 60 60	1746084976.406978666
2635	0xd00	82	00 0d 5a 58 09 63 b6 63 60 70	1746084976.406978823
2636	0xd00	171	00 0d 5a 58 09 63 b6 67 60 60	1746084976.406978977
2637	0xd00	79	00 0d 5a 58 09 63 76 60 20 01	1746084976.40697913
2638	0xd00	171	00 0d 5a 58 09 63 76 64 60 60	1746084976.406979303
2639	0xd00	79	00 0d 5a 58 09 63 76 62 20 09	1746084976.407017018
2640	0x300	35	00 03 a5 18 00 09 00 f3 c6 46	1746084976.422661597
2641	0x900	25	00 09 5a 78 9c 63 f8 b2 40 9f	1746084976.422857892
2642	0x300	43	00 03 5a 58 09 93 fa 53 7b 9c	1746084976.436675141
2643	0x300	18	00 03 a5 04 00 15 00 f3 04 00	1746084976.453406052
2644	0xd00	43	00 0d 5a 58 09 63 56 60 20 0c	1746084976.453574479
2645	0xd00	167	00 0d 5a 58 09 63 56 64 60 60	1746084976.453574657
2646	0xd00	45	00 0d 5a 58 09 63 56 62 80 83	1746084976.453574758
2647	0xd00	163	00 0d 5a 58 09 63 56 66 60 60	1746084976.453574833
2648	0xd00	45	00 0d 5a 58 09 63 56 61 80 83	1746084976.45357491
2649	0xd00	148	00 0d 5a 58 09 63 56 65 60 60	1746084976.453574987
2650	0xd00	52	00 0d 5a 58 09 63 56 63 00 83	1746084976.453575062
2651	0xd00	147	00 0d 5a 58 09 63 56 67 60 60	1746084976.453575139
2652	0xd00	53	00 0d 5a 58 09 63 d6 60 00 83	1746084976.453598288
2653	0xd00	146	00 0d 5a 58 09 63 d6 64 60 60	1746084976.453598364
2654	0xd00	49	00 0d 5a 58 09 63 d6 62 40 00	1746084976.453753986
2655	0xd00	146	00 0d 5a 58 09 63 d6 66 60 60	1746084976.453754096
2656	0xd00	49	00 0d 5a 58 09 63 d6 61 80 00	1746084976.453754182
2657	0xd00	143	00 0d 5a 58 09 63 d6 65 60 60	1746084976.453754272
2658	0xd00	49	00 0d 5a 58 09 63 d6 fb ff ff	1746084976.453812794
2659	0xd00	146	00 0d 5a 58 09 63 d6 67 60 60	1746084976.453812858
2660	0xd00	52	00 0d 5a 58 09 63 36 60 00 83	1746084976.453812993
2661	0xd00	152	00 0d 5a 58 09 63 36 64 60 60	1746084976.453813067
2662	0xd00	51	00 0d 5a 58 09 63 36 62 40 02	1746084976.453813144
2663	0xd00	164	00 0d 5a 58 09 63 36 66 60 60	1746084976.45402997
2664	0xd00	52	00 0d 5a 58 09 63 36 61 80 82	1746084976.45403005
2665	0xd00	145	00 0d 5a 58 09 63 36 65 60 60	1746084976.454030127
2666	0xd00	51	00 0d 5a 58 09 63 36 63 80 82	1746084976.455136414
2667	0xd00	215	00 0d 5a 58 09 63 36 67 60 60	1746084976.455202286
2668	0xd00	49	00 0d 5a 58 09 63 b6 60 40 02	1746084976.455202351
2669	0xd00	177	00 0d 5a 58 09 63 b6 64 60 60	1746084976.455202411
2670	0xd00	47	00 0d 5a 58 09 63 b6 62 20 0c	1746084976.455202473
2671	0xd00	173	00 0d 5a 58 09 63 b6 66 60 60	1746084976.455202534
2672	0xd00	80	00 0d 5a 58 09 63 b6 71 63 20	1746084976.455202596
2673	0xd00	175	00 0d 5a 58 09 63 b6 65 60 60	1746084976.455202657
2674	0xd00	82	00 0d 5a 58 09 63 b6 63 60 70	1746084976.455202717
2675	0xd00	171	00 0d 5a 58 09 63 b6 67 60 60	1746084976.455400946
2676	0xd00	79	00 0d 5a 58 09 63 76 60 20 01	1746084976.45540101
2677	0xd00	171	00 0d 5a 58 09 63 76 64 60 60	1746084976.45540107
2678	0xd00	79	00 0d 5a 58 09 63 76 62 20 09	1746084976.455401131
2679	0x1500	7	00 15 a5 03 42 b4 a6	1746084976.574942784
2680	0xa5fc	29	fc a5 7d d1 02 00 00 00 20 de	1746084977.082371037
2681	0x300	43	00 03 5a 58 09 93 fa 53 6b cb	1746084977.114575406
2682	0x300	46	00 03 5a 58 09 93 fa 53 7b 91	1746084977.181608039
2683	0xa5fc	29	fc a5 7d c7 00 00 00 00 40 8d	1746084977.486512852
2684	0x300	72	00 03 5a 78 9c 33 f8 53 bb 85	1746084977.508240743
2685	0x1500	18	00 15 a5 00 f5 c1 4a 00 00 00	1746084977.538919288
2686	0xa5fc	29	fc a5 7d c7 00 00 00 00 40 8d	1746084977.599677077
2687	0xa5fc	29	fc a5 7d 3d 01 00 00 00 20 43	1746084977.631887584
2688	0x300	46	00 03 5a 58 09 93 fa 53 6b cb	1746084977.696930162
2689	0xa5fc	29	fc a5 7d c9 00 00 00 00 40 57	1746084978.308292497
2690	0xa5fc	29	fc a5 7d b0 00 00 00 00 e0 42	1746084978.3400835
2691	0xa5fc	29	fc a5 7d d1 02 00 00 00 f0 e4	1746084978.513836111
2692	0x300	79	00 03 5a 78 9c 33 f8 53 bb 95	1746084978.520770996
2693	0x1500	18	00 15 a5 00 f6 90 f0 00 00 00	1746084978.549336461
2694	0x300	46	00 03 5a 58 09 93 fa 53 7b 91	1746084978.615564425
2695	0xa5fc	29	fc a5 7d c7 00 00 00 00 50 87	1746084978.925784138
2696	0x300	40	00 03 5a 58 09 93 fa 53 7b 9c	1746084978.999909252
2697	0x300	44	00 03 5a 58 09 93 fa 53 7b 92	1746084979.09709505
2698	0xa5fc	29	fc a5 7d c9 00 00 00 00 70 57	1746084979.129575619
2699	0x300	44	00 03 5a 58 09 93 fa 53 bb 81	1746084979.435019052
2700	0x300	41	00 03 5a 58 09 93 fa 53 7b 92	1746084979.435019331
2701	0xa5fc	29	fc a5 7d 3c 01 00 00 00 40 24	1746084979.451911273
2702	0x300	46	00 03 5a 58 09 93 fa 53 6b c3	1746084979.484104093
2703	0x300	79	00 03 5a 78 9c 33 f8 53 bb 9d	1746084979.537232867
2704	0xa5fc	29	fc a5 7d b0 00 00 00 00 10 43	1746084979.548189583
2705	0x1500	18	00 15 a5 00 f7 a0 66 00 00 00	1746084979.564305085
2706	0xa5fc	29	fc a5 7d c9 00 00 00 00 60 58	1746084979.580611641
2707	0x300	43	00 03 5a 58 09 93 fa 53 bb 81	1746084979.611941723
2708	0x300	41	00 03 5a 58 09 93 fa 53 7b 92	1746084979.947613741
2709	0xa5fc	29	fc a5 7d d1 02 00 00 00 c0 eb	1746084979.947614387
2710	0x300	46	00 03 5a 58 09 93 fa 53 7b 91	1746084979.999431983
2711	0xa5fc	29	fc a5 7d c7 00 00 00 00 80 82	1746084980.063553853
2712	0x300	40	00 03 5a 58 09 93 fa 53 7b 9c	1746084980.160447721
2713	0x700	35	00 07 5a 78 9c fb e5 ce c0 c0	1746084980.49779695
2714	0x800	34	00 08 5a 58 09 fb e5 ce c0 c0	1746084980.524872269
2715	0x300	72	00 03 5a 78 9c 33 f8 53 bb 83	1746084980.540128115
2716	0x1500	18	00 15 a5 00 f8 bd f7 00 00 00	1746084980.564806211
2717	0xa5fc	29	fc a5 7d 3c 01 00 00 00 80 1e	1746084980.763297057
2718	0xa5fc	29	fc a5 7d c7 00 00 00 00 00 7e	1746084981.175412596
2719	0xa5fc	29	fc a5 7d d1 02 00 00 00 10 f2	1746084981.178646212
2720	0x300	37	00 03 5a 58 09 93 fa 53 7b 9c	1746084981.211076749
2721	0x300	43	00 03 5a 58 09 93 fa 53 7b 91	1746084981.481984385
2722	0x300	79	00 03 5a 78 9c 33 f8 53 bb 93	1746084981.55444479
2723	0x1500	18	00 15 a5 00 f9 8d 61 00 00 00	1746084981.585920251
2724	0x300	43	00 03 5a 58 09 93 fa 53 6b c3	1746084981.789430429
2725	0x300	57	00 03 5a 58 09 93 fa 53 7b 91	1746084982.099243634
2726	0xa5fc	29	fc a5 7d 3d 01 00 00 00 c0 41	1746084982.18060813
2727	0x300	41	00 03 5a 58 09 93 fa 53 7b 91	1746084982.21273006
2728	0xa5fc	29	fc a5 7d c7 00 00 00 00 30 7a	1746084982.244278424
2729	0x300	66	00 03 5a 58 09 93 fa 53 7b 9c	1746084982.341639505
2730	0x300	72	00 03 5a 78 9c 33 f8 53 bb 8b	1746084982.568231528
2731	0x1500	18	00 15 a5 00 fa dc db 00 00 00	1746084982.600816002
2732	0xa5fc	29	fc a5 7d 3c 01 00 00 00 40 23	1746084982.814962327
2733	0x300	46	00 03 5a 58 09 93 fa 53 6b c3	1746084982.824291639
2734	0xa5fc	29	fc a5 7d d1 02 00 00 00 50 f8	1746084982.888952986
2735	0x300	46	00 03 5a 58 09 93 fa 53 7b 91	1746084982.937630829
2736	0x900	17	00 09 a5 00 fb 71 09 00 00 33	1746084983.063024602
2737	0x1500	18	00 15 a5 00 fb ec 4d 00 00 00	1746084983.098287988
2738	0xa5fc	29	fc a5 7d c7 00 00 00 00 80 76	1746084983.428585905
2739	0xa5fc	29	fc a5 7d c7 00 00 00 00 80 76	1746084983.485396781
2740	0x300	43	00 03 5a 58 09 93 fa 53 6b cb	1746084983.517658762
2741	0x300	72	00 03 5a 78 9c 33 f8 53 bb 9b	1746084983.579087453
2742	0x300	37	00 03 a5 04 00 15 00 fc 1a fc	1746084983.614211831
2743	0x300	66	00 03 5a 58 09 93 fa 53 7b 91	1746084983.711334771
2744	0xa5fc	29	fc a5 7d 3c 01 00 00 00 40 28	1746084983.940053847
2745	0xa5fc	29	fc a5 7d c9 00 00 00 00 50 6d	1746084983.940054118
2746	0x300	46	00 03 5a 58 09 93 fa 53 6b c3	1746084983.96911335
2747	0xa5fc	29	fc a5 7d d1 02 00 00 00 20 ff	1746084984.452188425
2748	0xa5fc	29	fc a5 7d 3d 01 00 00 00 f0 41	1746084984.549343725
2751	0x300	72	00 03 5a 78 9c 33 f8 53 bb 87	1746084984.593146199
2752	0x300	64	00 03 5a 58 09 93 fa 53 7b 81	1746084984.613848427
2753	0x1500	18	00 15 a5 00 fd 49 78 00 00 00	1746084984.62979582
2754	0x300	46	00 03 5a 58 09 93 fa 53 7b 91	1746084984.645218879
2755	0xa5fc	29	fc a5 7d d0 02 00 00 00 c0 1a	1746084984.742099036
2756	0x600	18	00 06 04 96 00 00 00 00 00 00	1746084984.743931957
2757	0x300	61	00 03 5a 58 09 93 fa 53 bb 81	1746084984.806873562
2758	0x300	40	00 03 5a 58 09 93 fa 53 7b 9c	1746084984.902972501
2759	0x300	43	00 03 5a 58 09 93 fa 53 7b 92	1746084984.935493002
2760	0xa5fc	29	fc a5 7d c9 00 00 00 00 70 6c	1746084985.169830954
2761	0xa5fc	29	fc a5 7d c9 00 00 00 00 70 6c	1746084985.170225956
2762	0xa5fc	29	fc a5 7d 3c 01 00 00 00 a0 2e	1746084985.374547408
2763	0xa5fc	29	fc a5 7d d1 02 00 00 00 40 02	1746084985.374981407
2764	0x300	74	00 03 5a 58 09 93 fa 53 7b 91	1746084985.3876548
2765	0x300	72	00 03 5a 78 9c 33 f8 53 bb 97	1746084985.5962285
2766	0x1500	18	00 15 a5 00 fe 18 c2 00 00 00	1746084985.629123958
2767	0xa5fc	29	fc a5 7d d0 02 00 00 00 e0 1a	1746084985.886227978
2768	0x300	59	00 03 a5 1a fc 7d d0 02 00 00	1746084985.903394276
2769	0x300	62	00 03 5a 58 09 93 fa 53 5b cc	1746084985.935585099
2770	0xa5fc	29	fc a5 7d b0 00 00 00 00 30 45	1746084985.968245646
2771	0x300	41	00 03 5a 58 09 93 fa 53 bb 81	1746084986.03355907
2772	0xa5fc	29	fc a5 7d d1 02 00 00 00 80 05	1746084986.065538678
2773	0x300	46	00 03 5a 58 09 93 fa 53 7b 91	1746084986.161495599
2774	0xa5fc	29	fc a5 7d 3c 01 00 00 00 b0 33	1746084986.500022231
2775	0x300	46	00 03 5a 58 09 93 fa 53 6b c3	1746084986.532742439
2776	0xa5fc	29	fc a5 7d c7 00 00 00 00 e0 6b	1746084986.565134928
2777	0x300	72	00 03 5a 78 9c 33 f8 53 bb 8f	1746084986.613045673
2778	0x1500	18	00 15 a5 00 ff 28 54 00 00 00	1746084986.810014705
2779	0xa5fc	29	fc a5 7d d1 02 00 00 00 d0 08	1746084986.823867207
2780	0x300	46	00 03 5a 58 09 93 fa 53 7b 91	1746084986.926264886
2781	0xa5fc	29	fc a5 7d d0 02 00 00 00 00 1b	1746084986.953013787
2782	0xa5fc	29	fc a5 7d b0 00 00 00 00 60 44	1746084987.050142466
2783	0xa5fc	29	fc a5 7d b0 00 00 00 00 60 44	1746084987.319034002
2784	0x300	64	00 03 5a 58 09 93 fa 53 6b c3	1746084987.62784538
2785	0x300	46	00 03 5a 58 09 93 fa 53 6b c3	1746084987.628423651
2786	0x300	72	00 03 5a 78 9c 33 f8 53 7b 80	1746084987.636626206
2787	0x300	37	00 03 a5 1a fc 7d d1 02 00 00	1746084987.691918718
2788	0x300	43	00 03 5a 58 09 93 fa 53 7b 91	1746084987.696795371
2789	0xa5fc	29	fc a5 7d 3c 01 00 00 00 70 39	1746084987.728738986
2790	0x300	43	00 03 5a 58 09 93 fa 53 7b 81	1746084988.03808475
2791	0xa5fc	29	fc a5 7d c7 00 00 00 00 30 6e	1746084988.241408809
2792	0x300	42	00 03 5a 58 09 93 fa 53 7b 9c	1746084988.241787733
2793	0xa5fc	29	fc a5 7d d1 02 00 00 00 a0 0f	1746084988.338687138
2794	0x300	55	00 03 5a 58 09 93 fa 53 bb 81	1746084988.54919348
2795	0x300	63	00 03 5a 58 09 93 fa 53 bb 81	1746084988.596284181
2796	0x300	72	00 03 5a 78 9c 33 f8 53 7b 90	1746084988.636097588
2797	0x1500	18	00 15 a5 01 01 c6 0e 00 00 00	1746084988.660552294
2798	0xa5fc	29	fc a5 7d 3d 01 00 00 00 40 43	1746084988.855424859
2799	0x300	46	00 03 5a 58 09 93 fa 53 7b 91	1746084988.856021053
2800	0x300	43	00 03 5a 58 09 93 fa 53 6b c3	1746084988.918532942
2801	0x300	58	00 03 5a 58 09 93 fa 53 7b 91	1746084989.367340969
2802	0x300	58	00 03 5a 58 09 93 fa 53 7b 9c	1746084989.367341335
2803	0xa5fc	29	fc a5 7d b0 00 00 00 00 e0 42	1746084989.368379965
2804	0x300	79	00 03 5a 78 9c 33 f8 53 7b 88	1746084989.633936813
2805	0x300	46	00 03 5a 58 09 93 fa 53 7b 91	1746084989.643531168
2806	0x1500	18	00 15 a5 01 02 97 b4 00 00 00	1746084989.713745302
2807	0xa5fc	29	fc a5 7d 3c 01 00 00 00 90 34	1746084989.981365515
2808	0x300	43	00 03 5a 58 09 93 fa 53 6b cb	1746084989.981936274
2809	0x300	46	00 03 5a 58 09 93 fa 53 6b c3	1746084990.001644807
2810	0xa5fc	29	fc a5 7d d1 02 00 00 00 50 14	1746084990.033862262
2811	0x300	44	00 03 5a 58 09 93 fa 53 7b 92	1746084990.130876624
2812	0xa5fc	29	fc a5 7d c9 00 00 00 00 70 57	1746084990.161994146
2813	0x300	44	00 03 5a 58 09 93 fa 53 bb 81	1746084990.3911277
2814	0x300	46	00 03 5a 58 09 93 fa 53 7b 91	1746084990.391666391
2815	0x300	55	00 03 5a 58 09 93 fa 53 bb 81	1746084990.453766172
2816	0x300	71	00 03 5a 58 09 93 fa 53 bb 81	1746084990.518377682
2817	0xa5fc	29	fc a5 7d c7 00 00 00 00 80 76	1746084990.602146239
2818	0x300	72	00 03 5a 78 9c 33 f8 53 7b 98	1746084990.65508456
2819	0x300	37	00 03 a5 1a fc 7d c7 00 00 00	1746084990.679778207
2820	0xa5fc	29	fc a5 7d d1 02 00 00 00 70 17	1746084991.005430081
2821	0xa5fc	29	fc a5 7d 3c 01 00 00 00 b0 2f	1746084991.005883143
2822	0x300	46	00 03 5a 58 09 93 fa 53 6b c3	1746084991.034951659
2823	0x300	46	00 03 5a 58 09 93 fa 53 7b 91	1746084991.067452739
2824	0x300	44	00 03 5a 58 09 93 fa 53 7b 92	1746084991.117111316
2825	0xa5fc	29	fc a5 7d c9 00 00 00 00 40 57	1746084991.132149422
2826	0x300	72	00 03 5a 78 9c 33 f8 53 7b 84	1746084991.673194239
2827	0xa5fc	29	fc a5 7d 3d 01 00 00 00 d0 42	1746084991.675449942
2828	0x300	43	00 03 5a 58 09 93 fa 53 6b cb	1746084991.676857796
2829	0x300	58	00 03 5a 58 09 93 fa 53 7b 91	1746084991.695742624
2830	0x1500	18	00 15 a5 01 04 32 81 00 00 00	1746084991.711289311
2831	0x300	42	00 03 5a 58 09 93 fa 53 7b 9c	1746084992.03377887
2832	0x300	41	00 03 5a 58 09 93 fa 53 7b 92	1746084992.034265754
2833	0x300	43	00 03 5a 58 09 93 fa 53 7b 91	1746084992.034265944
2834	0xa5fc	29	fc a5 7d 3c 01 00 00 00 40 29	1746084992.444577529
2835	0x300	46	00 03 5a 58 09 93 fa 53 6b c3	1746084992.445495458
2836	0xa5fc	29	fc a5 7d d1 02 00 00 00 20 1e	1746084992.643735995
2837	0x300	72	00 03 5a 78 9c 33 f8 53 7b 8c	1746084992.678075516
2838	0x300	46	00 03 5a 58 09 93 fa 53 7b 91	1746084992.697656427
2839	0x1500	18	00 15 a5 01 05 02 17 00 00 00	1746084992.713036948
2840	0xa5fc	29	fc a5 7d c7 00 00 00 00 00 7e	1746084992.951113745
2841	0xa5fc	29	fc a5 7d 3d 01 00 00 00 70 42	1746084992.955028895
2842	0x300	40	00 03 5a 58 09 93 fa 53 7b 9c	1746084993.019445788
2843	0x300	66	00 03 5a 58 09 93 fa 53 7b 91	1746084993.083570553
2844	0xa5fc	29	fc a5 7d d1 02 00 00 00 c0 21	1746084993.464226717
2845	0x300	57	00 03 5a 58 09 93 fa 53 7b 91	1746084993.469130522
2846	0x300	72	00 03 5a 78 9c 33 f8 53 7b 9c	1746084993.690218814
2847	0x300	46	00 03 5a 58 09 93 fa 53 6b c3	1746084993.705177898
2848	0x1500	18	00 15 a5 01 06 53 ad 00 00 00	1746084993.742473563
2849	0x600	18	00 06 04 96 00 00 00 00 00 00	1746084993.755816703
2850	0xa5fc	29	fc a5 7d c7 00 00 00 00 80 82	1746084994.077968957
2851	0xa5fc	29	fc a5 7d 3d 01 00 00 00 10 42	1746084994.11345566
2852	0x300	42	00 03 5a 58 09 93 fa 53 7b 9c	1746084994.146493201
2853	0x300	58	00 03 5a 58 09 93 fa 53 3b 97	1746084994.243588825
2854	0x300	46	00 03 5a 58 09 93 fa 53 7b 91	1746084994.487130972
2855	0xa5fc	29	fc a5 7d b0 00 00 00 00 10 46	1746084994.692527377
2856	0xa5fc	29	fc a5 7d d1 02 00 00 00 00 23	1746084994.69387785
2857	0x300	79	00 03 5a 78 9c 33 f8 53 7b 92	1746084994.705727252
2858	0x1500	18	00 15 a5 01 07 63 3b 00 00 00	1746084994.758318837
2859	0xa5fc	29	fc a5 7d 3c 01 00 00 00 80 1e	1746084994.794370834
2860	0xa5fc	29	fc a5 7d d1 02 00 00 00 50 25	1746084995.205100833
2861	0xa5fc	29	fc a5 7d c7 00 00 00 00 50 87	1746084995.205605707
2862	0x300	69	00 03 5a 58 09 93 fa 53 7b 91	1746084995.29320186
2863	0xa5fc	29	fc a5 7d 3d 01 00 00 00 b0 41	1746084995.513541755
2864	0x300	58	00 03 5a 58 09 93 fa 53 bb 81	1746084995.517188443
2865	0x300	72	00 03 5a 78 9c 33 f8 53 7b 9a	1746084995.718402947
2866	0x1500	18	00 15 a5 01 08 7e aa 00 00 00	1746084995.775656263
2867	0x300	43	00 03 5a 58 09 93 fa 53 6b c3	1746084995.807721891
2868	0xa5fc	29	fc a5 7d d1 02 00 00 00 e0 28	1746084996.02360833
2869	0xa5fc	29	fc a5 7d c9 00 00 00 00 70 6c	1746084996.065559109
2870	0x300	66	00 03 5a 58 09 93 fa 53 7b 91	1746084996.161953797
2871	0xa5fc	29	fc a5 7d c9 00 00 00 00 50 6d	1746084996.432899656
2872	0x300	79	00 03 5a 58 09 93 fa 53 bb 81	1746084996.48313851
2873	0xa5fc	29	fc a5 7d c7 00 00 00 00 40 8d	1746084996.579877355
2874	0x300	79	00 03 5a 78 9c 33 f8 53 7b 86	1746084996.717327749
2875	0xa5fc	29	fc a5 7d c7 00 00 00 00 40 8d	1746084996.719592088
2876	0x1500	18	00 15 a5 01 09 4e 3c 00 00 00	1746084996.76724532
2877	0xa5fc	29	fc a5 7d 3c 01 00 00 00 40 23	1746084996.80628462
2878	0xa5fc	29	fc a5 7d d1 02 00 00 00 60 2c	1746084996.838402117
2879	0x300	74	00 03 5a 58 09 93 fa 53 7b 91	1746084996.934650882
2880	0x300	41	00 03 5a 58 09 93 fa 53 bb 81	1746084997.354190115
2881	0x300	43	00 03 5a 58 09 93 fa 53 7b 92	1746084997.559658435
2882	0xa5fc	29	fc a5 7d 3d 01 00 00 00 f0 41	1746084997.55975486
2883	0x300	46	00 03 5a 58 09 93 fa 53 6b cb	1746084997.579937539
2884	0xa5fc	29	fc a5 7d d1 02 00 00 00 c0 2f	1746084997.612363264
2885	0x300	79	00 03 5a 78 9c 33 f8 53 7b 96	1746084997.740453285
2886	0x300	68	00 03 5a 58 09 93 fa 53 7b 91	1746084997.742373527
2887	0x1500	18	00 15 a5 01 0a 1f 86 00 00 00	1746084997.776999688
2888	0x300	43	00 03 5a 58 09 93 fa 53 7b 9c	1746084997.871016437
2889	0xa5fc	29	fc a5 7d 3c 01 00 00 00 60 28	1746084998.0709574
2890	0xa5fc	29	fc a5 7d 3c 01 00 00 00 60 28	1746084998.081321524
2891	0xa5fc	29	fc a5 7d d1 02 00 00 00 f0 32	1746084998.481183495
2892	0x300	46	00 03 5a 58 09 93 fa 53 7b 91	1746084998.502017842
2893	0x300	72	00 03 5a 78 9c 33 f8 53 7b 8e	1746084998.740440393
2894	0x1500	18	00 15 a5 01 0b 2f 10 00 00 00	1746084998.775061065
2895	0xa5fc	29	fc a5 7d c7 00 00 00 00 70 97	1746084999.094976721
2896	0xa5fc	29	fc a5 7d 3c 01 00 00 00 b0 2e	1746084999.400095312
2897	0x300	46	00 03 5a 58 09 93 fa 53 6b c3	1746084999.607808183
2898	0x300	72	00 03 5a 78 9c 33 f8 53 7b 9e	1746084999.754684932
2899	0x300	44	00 03 5a 58 09 93 fa 53 7b 8a	1746084999.757362946
2900	0x1500	18	00 15 a5 01 0c ba b3 00 00 00	1746084999.790444734
2901	0xa5fc	29	fc a5 7d d1 02 00 00 00 60 38	1746084999.855141571
2902	0xa5fc	29	fc a5 7d ca 00 00 00 00 00 06	1746084999.919589594
2903	0x300	41	00 03 5a 58 09 93 fa 53 7b 8a	1746085000.017044658
2904	0x300	70	00 03 5a 58 09 93 fa 53 7b 91	1746085000.081056964
2905	0xa5fc	29	fc a5 7d c7 00 00 00 00 20 97	1746085000.145427874
2906	0x300	43	00 03 5a 58 09 93 fa 53 7b 9c	1746085000.209177606
2907	0xa5fc	29	fc a5 7d 3c 01 00 00 00 b0 33	1746085000.631403385
2908	0xa5fc	29	fc a5 7d 3c 01 00 00 00 b0 33	1746085000.646104097
2909	0x300	72	00 03 5a 78 9c 33 f8 53 7b 81	1746085000.770982137
2910	0xa5fc	29	fc a5 7d d1 02 00 00 00 60 3a	1746085000.797623763
2911	0x300	46	00 03 5a 58 09 93 fa 53 7b 91	1746085000.798686175
2912	0x1500	18	00 15 a5 01 0d 8a 25 00 00 00	1746085000.823676501
2913	0x300	309	00 03 5a 58 09 93 fa 53 7b 91	1746085000.839002096
2914	0x300	220	00 03 5a 58 09 93 fa 53 bb 82	1746085000.840093108
2915	0xa5fc	29	fc a5 7d ca 00 00 00 00 90 08	1746085001.1461391
2916	0xa5fc	29	fc a5 7d c7 00 00 00 00 60 92	1746085001.228062544
2917	0xa5fc	29	fc a5 7d c7 00 00 00 00 60 92	1746085001.324975872
2918	0x300	55	00 03 5a 58 09 93 fa 53 bb 81	1746085001.422213579
2919	0x300	85	00 03 5a 58 09 93 fa 53 7b 91	1746085001.655135675
2920	0xa5fc	29	fc a5 7d c9 00 00 00 00 60 58	1746085001.6551361
2921	0x300	44	00 03 5a 58 09 93 fa 53 7b 92	1746085001.679984741
2922	0x300	56	00 03 5a 58 09 93 fa 53 bb 81	1746085001.712292075
2923	0x600	4	00 06 04 96	1746085001.735269411
2924	0x300	72	00 03 5a 78 9c 33 f8 53 7b 91	1746085001.763201458
2925	0x1500	18	00 15 a5 01 0e db 9f 00 00 00	1746085001.816722798
2926	0x300	84	00 03 5a 58 09 93 fa 53 7b 91	1746085001.840728631
2927	0x300	44	00 03 5a 58 09 93 fa 53 7b 8a	1746085002.167588447
2928	0x300	63	00 03 5a 58 09 93 fa 53 7b 92	1746085002.260117989
2929	0xa5fc	29	fc a5 7d c9 00 00 00 00 40 57	1746085002.292480023
2930	0x300	62	00 03 5a 58 09 93 fa 53 7b 9c	1746085002.335141901
2931	0x300	43	00 03 5a 58 09 93 fa 53 7b 9c	1746085002.35627456
2932	0x300	72	00 03 5a 78 9c 33 f8 53 7b 89	1746085002.76789584
2933	0x600	18	00 06 04 96 00 00 00 00 00 00	1746085002.769918643
2934	0x1500	18	00 15 a5 01 0f eb 09 00 00 00	1746085002.790090188
2935	0x300	44	00 03 5a 58 09 93 fa 53 bb 81	1746085002.871273101
2936	0x300	67	00 03 5a 58 09 93 fa 53 6b c3	1746085002.903492332
2937	0xa5fc	29	fc a5 7d d1 02 00 00 00 b0 3e	1746085003.19108715
2938	0x300	46	00 03 5a 58 09 93 fa 53 7b 91	1746085003.225693508
2939	0x300	41	00 03 5a 58 09 93 fa 53 7b 92	1746085003.501552688
2940	0xa5fc	29	fc a5 7d b0 00 00 00 00 60 43	1746085003.565080756
2941	0x300	41	00 03 5a 58 09 93 fa 53 bb 81	1746085003.600861798
2942	0xa5fc	29	fc a5 7d c7 00 00 00 00 c0 87	1746085003.662158208
2943	0xa5fc	29	fc a5 7d c7 00 00 00 00 c0 87	1746085003.75907496
2944	0x300	72	00 03 5a 78 9c 33 f8 53 7b 85	1746085003.785288095
2945	0x1500	18	00 15 a5 01 10 e6 fc 00 00 00	1746085003.807020153
2946	0x300	58	00 03 5a 58 09 93 fa 53 7b 91	1746085004.01042256
2947	0x300	46	00 03 5a 58 09 93 fa 53 6b c3	1746085004.010931161
2948	0x300	46	00 03 5a 58 09 93 fa 53 7b 91	1746085004.318727225
2949	0x300	72	00 03 5a 78 9c 33 f8 53 7b 8d	1746085004.796896369
2950	0xa5fc	29	fc a5 7d d1 02 00 00 00 00 3f	1746085004.798948622
2951	0xa5fc	29	fc a5 7d c7 00 00 00 00 00 83	1746085004.799039757
2952	0x1500	18	00 15 a5 01 11 d6 6a 00 00 00	1746085004.824716213
2953	0x300	61	00 03 5a 58 09 93 fa 53 bb 81	1746085005.03479301
2954	0x300	89	00 03 5a 58 09 93 fa 53 7b 91	1746085005.035771439
2955	0x300	46	00 03 5a 58 09 93 fa 53 6b c3	1746085005.23917396
2956	0xa5fc	29	fc a5 7d d1 02 00 00 00 70 3f	1746085005.649480384
2957	0xa5fc	29	fc a5 7d ca 00 00 00 00 00 01	1746085005.663676275
2958	0x300	46	00 03 5a 58 09 93 fa 53 7b 91	1746085005.696177205
2959	0xa5fc	29	fc a5 7d 3d 01 00 00 00 70 42	1746085005.761021698
2960	0x300	67	00 03 5a 58 09 93 fa 53 7b 8a	1746085005.77721564
2961	0x300	79	00 03 5a 78 9c 33 f8 53 7b 9d	1746085005.813411908
2962	0x1500	18	00 15 a5 01 12 87 d0 00 00 00	1746085005.841816886
2963	0xa5fc	29	fc a5 7d ca 00 00 00 00 b0 00	1746085005.939617106
2964	0xa5fc	29	fc a5 7d b0 00 00 00 00 30 45	1746085006.035853501
2965	0x300	41	00 03 5a 58 09 93 fa 53 bb 81	1746085006.264027368
2966	0xa5fc	29	fc a5 7d d1 02 00 00 00 a0 40	1746085006.3271392
2967	0x300	68	00 03 5a 58 09 93 fa 53 7b 91	1746085006.424175938
2968	0xa5fc	29	fc a5 7d c7 00 00 00 00 40 7c	1746085006.456377907
2969	0xa5fc	29	fc a5 7d 3c 01 00 00 00 40 29	1746085006.552553508
2970	0x300	42	00 03 5a 58 09 93 fa 53 7b 9c	1746085006.617428597
2971	0xa5fc	29	fc a5 7d 3d 01 00 00 00 10 42	1746085006.875495441
2972	0x300	81	00 03 5a 78 9c d3 64 e0 64 14	1746085006.934456824
2973	0xa5fc	29	fc a5 7d 3d 01 00 00 00 10 42	1746085006.937864098
2974	0x1500	18	00 15 a5 01 13 b7 46 00 00 00	1746085006.971488225
2975	0x300	62	00 03 5a 58 09 93 fa 53 7b 91	1746085007.184690746
2976	0xa5fc	29	fc a5 7d 9d 00 00 00 00 70 3c	1746085007.197193251
2977	0x300	46	00 03 5a 58 09 93 fa 53 7b 91	1746085007.229735847
2978	0xa5fc	29	fc a5 7d ca 00 00 00 00 10 01	1746085007.260752866
2979	0x300	60	00 03 5a 58 09 93 fa 53 bb 81	1746085007.326047831
2980	0xa5fc	29	fc a5 7d 3c 01 00 00 00 50 24	1746085007.59436387
2981	0x300	43	00 03 5a 58 09 93 fa 53 6b c3	1746085007.594364154
2982	0xa5fc	29	fc a5 7d c9 00 00 00 00 70 6c	1746085007.615949355
2983	0xa5fc	29	fc a5 7d c7 00 00 00 00 90 78	1746085007.648133369
2984	0xa5fc	29	fc a5 7d c9 00 00 00 00 70 6c	1746085007.712810813
2985	0xa5fc	29	fc a5 7d c7 00 00 00 00 90 78	1746085007.745526946
2986	0xa5fc	29	fc a5 7d c9 00 00 00 00 50 6d	1746085007.903056366
2987	0xa5fc	29	fc a5 7d d1 02 00 00 00 10 43	1746085007.907186598
2988	0x300	72	00 03 5a 78 9c 33 f8 53 7b 8b	1746085007.952566802
2989	0x300	46	00 03 5a 58 09 93 fa 53 7b 91	1746085007.972084724
2990	0x1500	18	00 15 a5 01 14 22 e5 00 00 00	1746085007.988776657
2991	0xa5fc	29	fc a5 7d 3d 01 00 00 00 b0 41	1746085008.208871455
2992	0x300	41	00 03 5a 58 09 93 fa 53 bb 81	1746085008.51589064
2993	0xa5fc	29	fc a5 7d d1 02 00 00 00 b0 43	1746085008.516328916
2994	0xa5fc	29	fc a5 7d 9d 00 00 00 00 80 3e	1746085008.823467062
2995	0xa5fc	29	fc a5 7d 3c 01 00 00 00 80 1e	1746085008.823989617
2996	0x300	73	00 03 5a 78 9c 93 60 e0 64 14	1746085008.950434625
2997	0x1500	18	00 15 a5 01 15 12 73 00 00 00	1746085008.987689424
2998	0xa5fc	29	fc a5 7d c7 00 00 00 00 f0 73	1746085009.019756863
2999	0x300	43	00 03 5a 58 09 93 fa 53 7b 92	1746085009.058956752
3000	0x300	42	00 03 5a 58 09 93 fa 53 7b 9c	1746085009.149371457
3001	0x300	43	00 03 5a 58 09 93 fa 53 6b cb	1746085009.181692957
3002	0x300	46	00 03 5a 58 09 93 fa 53 7b 91	1746085009.43945359
3003	0xa5fc	29	fc a5 7d d1 02 00 00 00 20 44	1746085009.744754939
3004	0x300	46	00 03 5a 58 09 93 fa 53 6b c3	1746085009.828361469
3005	0x300	73	00 03 5a 78 9c 93 60 e0 64 14	1746085009.951702593
3006	0x1500	18	00 15 a5 01 16 43 c9 00 00 00	1746085009.989490975
3007	0xa5fc	29	fc a5 7d c7 00 00 00 00 30 70	1746085010.257763722
3008	0x300	59	00 03 a5 1a fc 7d d0 02 00 00	1746085010.257764093
3009	0x300	46	00 03 5a 58 09 93 fa 53 6b cb	1746085010.278428267
3010	0x300	42	00 03 5a 58 09 93 fa 53 7b 9c	1746085010.34322704
3011	0x700	34	00 07 5a 78 9c cb 6f 63 60 60	1746085010.51273814
3012	0x300	46	00 03 5a 58 09 93 fa 53 7b 91	1746085010.514936078
3013	0x800	34	00 08 5a 58 09 cb 6f 63 60 60	1746085010.535179294
3014	0xa5fc	29	fc a5 7d 3c 01 00 00 00 50 23	1746085010.871597931
3015	0x300	56	00 03 5a 58 09 93 fa 53 7b 91	1746085010.871598298
3016	0xa5fc	29	fc a5 7d 3c 01 00 00 00 50 23	1746085010.906908003
3017	0x300	43	00 03 5a 58 09 93 fa 53 7b 91	1746085010.939292289
3018	0x300	73	00 03 5a 78 9c 93 60 e0 64 14	1746085010.967602416
3019	0x1500	18	00 15 a5 01 17 73 5f 00 00 00	1746085011.003427156
3020	0xa5fc	29	fc a5 7d 3d 01 00 00 00 30 42	1746085011.179947182
3021	0x300	46	00 03 5a 58 09 93 fa 53 6b cb	1746085011.383584901
3022	0xa5fc	29	fc a5 7d d0 02 00 00 00 00 1b	1746085011.383585325
3023	0xa5fc	29	fc a5 7d d1 02 00 00 00 30 44	1746085011.586846155
3024	0x300	46	00 03 5a 58 09 93 fa 53 7b 91	1746085011.586912438
3025	0x600	18	00 06 04 96 00 00 00 00 00 00	1746085011.790899636
3026	0xa5fc	29	fc a5 7d c7 00 00 00 00 d0 6b	1746085011.810050041
3027	0x300	44	00 03 5a 58 09 93 fa 53 7b 8a	1746085011.874928089
3028	0xa5fc	29	fc a5 7d 3c 01 00 00 00 60 28	1746085011.939743713
3029	0x300	40	00 03 5a 58 09 93 fa 53 7b 9c	1746085011.972196087
3030	0x300	80	00 03 5a 78 9c d3 64 e0 64 94	1746085011.979151611
3031	0x1500	18	00 15 a5 01 18 6e ce 00 00 00	1746085012.004892187
3032	0xa5fc	29	fc a5 7d ca 00 00 00 00 30 08	1746085012.037350212
3033	0x300	73	00 03 5a 58 09 93 fa 53 6b c3	1746085012.069562316
3034	0x300	43	00 03 5a 58 09 93 fa 53 7b 81	1746085012.306190662
3035	0xa5fc	29	fc a5 7d b0 00 00 00 00 10 43	1746085012.610126093
3036	0x300	44	00 03 5a 58 09 93 fa 53 bb 81	1746085012.610711036
3037	0xa5fc	29	fc a5 7d b0 00 00 00 00 e0 42	1746085012.922311844
3038	0x300	84	00 03 5a 78 9c 93 60 e0 64 94	1746085012.995611642
3039	0x300	18	00 03 a5 04 00 15 01 19 04 00	1746085013.022776423
3040	0xa5fc	29	fc a5 7d c9 00 00 00 00 60 58	1746085013.117720661
3041	0x300	44	00 03 5a 58 09 93 fa 53 7b 92	1746085013.215135472
3044	0xa5fc	29	fc a5 7d c7 00 00 00 00 70 6b	1746085013.434226055
3045	0xa5fc	29	fc a5 7d 3c 01 00 00 00 90 2e	1746085013.434279647
3046	0x300	61	00 03 5a 58 09 93 fa 53 7b 9c	1746085013.434279827
3047	0xa5fc	29	fc a5 7d 3c 01 00 00 00 90 2e	1746085013.473569878
3048	0x900	41	00 09 a5 01 1b dd 0d 73 00 00	1746085013.596703573
3049	0x1500	18	00 15 a5 01 1b 3f 74 00 00 00	1746085013.641472975
3050	0xd00	147	00 0d 5a 58 09 63 76 66 60 60	1746085013.64151522
3051	0xd00	49	00 0d 5a 58 09 63 76 61 40 00	1746085013.641515347
3052	0x900	35	00 09 5a 58 09 63 76 bd cb 5b	1746085013.641515431
3053	0xd00	147	00 0d 5a 58 09 63 76 66 60 60	1746085013.641515499
3054	0xd00	49	00 0d 5a 58 09 63 76 61 40 00	1746085013.641515566
3055	0x900	35	00 09 5a 58 09 63 76 bd cb 5b	1746085013.65603998
3056	0x300	35	00 03 a5 04 00 15 03 45 18 00	1746085013.82753557
3057	0x300	44	00 03 5a 58 09 93 fa 53 7b 92	1746085013.866335637
3058	0xa5fc	29	fc a5 7d c9 00 00 00 00 40 57	1746085013.867631975
3059	0x300	49	00 03 5a 58 09 63 61 10 65 94	1746085013.89849118
3060	0x5afc	49	fc 5a 78 9c ab 7d c4 79 99 89	1746085014.036329978
3061	0xa5fc	29	fc a5 7d d1 02 00 00 00 40 44	1746085014.251193607
3062	0xa5fc	29	fc a5 7d 3d 01 00 00 00 30 43	1746085014.252161268
3063	0x300	43	00 03 5a 58 09 93 fa 53 7b 91	1746085014.317099227
3064	0xa5fc	29	fc a5 7d 3d 01 00 00 00 30 43	1746085014.381897848
3065	0xa5fc	29	fc a5 7d c7 00 00 00 00 10 6b	1746085014.427077595
3066	0x300	78	00 03 5a 58 09 93 fa 53 6b c3	1746085014.558134237
3067	0xa5fc	29	fc a5 7d 3c 01 00 00 00 b0 33	1746085014.624112359
3068	0x300	73	00 03 5a 78 9c 93 60 e0 64 94	1746085014.994007067
3069	0x300	41	00 03 5a 58 09 93 fa 53 7b 92	1746085015.011794352
3070	0x1500	18	00 15 a5 01 1d 9a 41 00 00 00	1746085015.027553242
3071	0xa5fc	29	fc a5 7d ca 00 00 00 00 00 01	1746085015.480372021
3072	0x300	41	00 03 5a 58 09 93 fa 53 7b 8a	1746085015.527602774
3073	0xa5fc	29	fc a5 7d c7 00 00 00 00 c0 6a	1746085015.56009631
3074	0xa5fc	29	fc a5 7d d1 02 00 00 00 60 42	1746085015.624604451
3075	0x300	46	00 03 5a 58 09 93 fa 53 7b 91	1746085015.656307727
3076	0x300	58	00 03 5a 58 09 93 fa 53 7b 9c	1746085015.688810981
3077	0x300	46	00 03 5a 58 09 93 fa 53 6b cb	1746085015.73517202
3078	0xa5fc	29	fc a5 7d 3c 01 00 00 00 70 39	1746085015.818354362
3079	0x300	73	00 03 5a 78 9c 93 60 e0 64 94	1746085016.002157529
3080	0xa5fc	29	fc a5 7d d1 02 00 00 00 c0 41	1746085016.298334092
3081	0x300	46	00 03 5a 58 09 93 fa 53 7b 91	1746085016.302119528
3082	0x900	27	00 09 a5 01 1e c6 46 2b fa 05	1746085016.524978102
3083	0x1500	18	00 15 a5 01 1e cb fb 00 00 00	1746085016.560759733
3084	0xa5fc	29	fc a5 7d d1 02 00 00 00 70 41	1746085016.593168828
3085	0x300	46	00 03 5a 58 09 93 fa 53 7b 91	1746085016.913952731
3086	0x300	44	00 03 5a 58 09 93 fa 53 7b 8a	1746085016.914500398
3087	0x300	46	00 03 5a 58 09 93 fa 53 6b c3	1746085016.914617204
3088	0x300	54	00 03 5a 58 09 93 fa 53 7b 9c	1746085016.999777822
3089	0x300	81	00 03 5a 78 9c d3 64 e0 64 94	1746085017.001331942
3090	0x1500	18	00 15 a5 01 1f fb 6d 00 00 00	1746085017.026105867
3091	0x300	44	00 03 5a 58 09 93 fa 53 7b 8a	1746085017.074933642
3092	0xa5fc	29	fc a5 7d c7 00 00 00 00 50 6a	1746085017.10721231
3093	0xa5fc	29	fc a5 7d d1 02 00 00 00 c0 40	1746085017.323278532
3094	0xa5fc	29	fc a5 7d d1 02 00 00 00 c0 40	1746085017.527756395
3095	0x900	18	00 09 00 07 00 00 1c 82 00 00	1746085017.838293159
3096	0x900	18	00 09 00 07 00 00 1c 82 00 00	1746085017.838295323
3097	0x1500	6	00 15 00 07 2b 51	1746085017.839840026
3098	0x300	73	00 03 5a 78 9c 93 60 e0 64 54	1746085018.012846139
3099	0xa5fc	29	fc a5 7d b0 00 00 00 00 f0 45	1746085018.015368956
3100	0x1500	18	00 15 a5 01 20 d6 50 00 00 00	1746085018.042535616
3101	0xa5fc	29	fc a5 7d d1 02 00 00 00 e0 3f	1746085018.058852664
3102	0x300	41	00 03 5a 58 09 93 fa 53 bb 81	1746085018.091570053
3103	0x300	68	00 03 5a 58 09 93 fa 53 7b 91	1746085018.124124495
3104	0x300	59	00 03 5a 58 09 93 fa 53 bb 81	1746085018.346563928
3105	0x900	18	00 09 a5 03 46 79 2a 78 15 00	1746085018.652025067
3106	0x900	18	00 09 a5 03 46 79 2a 78 15 00	1746085018.657647952
3107	0x1500	7	00 15 a5 03 46 70 bf	1746085018.809119305
3108	0xa5fc	29	fc a5 7d d1 02 00 00 00 60 3f	1746085018.811255456
3109	0xa5fc	29	fc a5 7d 3c 01 00 00 00 90 2f	1746085018.960942197
3110	0x300	75	00 03 5a 58 09 93 fa 53 7b 91	1746085018.995603743
3111	0x300	81	00 03 5a 78 9c d3 64 e0 64 54	1746085019.037463071
3112	0x1500	18	00 15 a5 01 21 e6 c6 00 00 00	1746085019.060124347
3113	0xa5fc	29	fc a5 7d c9 00 00 00 00 70 6c	1746085019.156057825
3114	0xa5fc	29	fc a5 7d c9 00 00 00 00 70 6c	1746085019.252152487
3115	0xa5fc	29	fc a5 7d c7 00 00 00 00 80 69	1746085019.284470396
3116	0x300	57	00 03 5a 58 09 93 fa 53 7b 9c	1746085019.473091483
3117	0x300	41	00 03 5a 58 09 93 fa 53 bb 81	1746085019.473582429
3118	0xa5fc	29	fc a5 7d 3d 01 00 00 00 10 42	1746085019.681699452
3119	0xa5fc	29	fc a5 7d d1 02 00 00 00 20 3f	1746085019.682170656
3120	0x300	68	00 03 5a 58 09 93 fa 53 7b 91	1746085019.77007092
3121	0xa5fc	29	fc a5 7d d1 02 00 00 00 10 3f	1746085019.985262015
3122	0x300	93	00 03 5a 78 9c 93 60 e0 64 54	1746085020.036447796
3123	0x300	18	00 03 a5 04 00 15 01 22 04 00	1746085020.060859418
3124	0x300	23	00 03 a5 06 00 09 03 47 96 31	1746085020.077203715
3125	0x300	23	00 03 a5 06 00 09 03 47 96 31	1746085020.093354752
3126	0x1500	7	00 15 a5 03 48 5d b8	1746085020.244182104
3127	0xa5fc	29	fc a5 7d 3c 01 00 00 00 40 29	1746085020.271722918
3128	0x300	65	00 03 5a 58 09 93 fa 53 7b 91	1746085020.335447146
3129	0x300	72	00 03 5a 58 09 93 fa 53 6b c3	1746085020.400476821
3130	0x300	43	00 03 5a 58 09 93 fa 53 7b 92	1746085020.701674363
3131	0xa5fc	29	fc a5 7d ca 00 00 00 00 90 08	1746085020.702246701
3132	0xa5fc	29	fc a5 7d c7 00 00 00 00 00 69	1746085020.702355649
3133	0x300	37	00 03 5a 58 09 93 fa 53 7b 9c	1746085020.90809034
3134	0x300	46	00 03 5a 58 09 e3 63 e0 64 f6	1746085020.908090576
3135	0x900	18	00 09 a5 03 49 bc 16 00 00 00	1746085020.908709942
3136	0xa5fc	29	fc a5 7d 3d 01 00 00 00 b0 41	1746085020.948935291
3137	0x300	78	00 03 5a 78 9c 93 60 e0 64 54	1746085021.053754355
3138	0x1500	18	00 15 a5 01 24 12 49 00 00 00	1746085021.078017712
3139	0x300	43	00 03 5a 58 09 93 fa 53 7b 91	1746085021.11130427
3140	0xa5fc	29	fc a5 7d c9 00 00 00 00 80 69	1746085021.420412519
3141	0x300	58	00 03 5a 58 09 93 fa 53 6b c3	1746085021.431784003
3142	0x300	46	00 03 5a 58 09 93 fa 53 6b c3	1746085021.625175454
3143	0x300	62	00 03 5a 58 09 93 fa 53 7b 91	1746085021.721787717
3144	0x300	65	00 03 5a 58 09 93 fa 53 7b 91	1746085021.932104383
3145	0xa5fc	29	fc a5 7d c7 00 00 00 00 a0 68	1746085021.979754072
3146	0x300	43	00 03 5a 58 09 93 fa 53 6b cb	1746085022.011226493
3147	0x300	73	00 03 5a 78 9c 93 60 e0 64 54	1746085022.054264344
3148	0x1500	18	00 15 a5 01 25 22 df 00 00 00	1746085022.075664519
3149	0xa5fc	29	fc a5 7d c9 00 00 00 00 d0 62	1746085022.749725155
3150	0xa5fc	29	fc a5 7d 3c 01 00 00 00 80 1e	1746085022.751336386
3151	0xa5fc	29	fc a5 7d c9 00 00 00 00 d0 62	1746085022.847514581
3152	0xa5fc	29	fc a5 7d ca 00 00 00 00 00 06	1746085022.880139265
3153	0xa5fc	29	fc a5 7d ca 00 00 00 00 00 06	1746085022.976993642
3154	0xa5fc	29	fc a5 7d c7 00 00 00 00 40 68	1746085023.009369476
3155	0x300	73	00 03 5a 78 9c 93 60 e0 64 54	1746085023.047225096
3156	0x300	37	00 03 a5 1a fc 7d 3d 01 00 00	1746085023.073861833
3157	0x300	46	00 03 5a 58 09 93 fa 53 6b cb	1746085023.105404918
3158	0x300	42	00 03 5a 58 09 93 fa 53 7b 9c	1746085023.138933842
3159	0xa5fc	29	fc a5 7d d1 02 00 00 00 60 45	1746085023.201974019
3160	0x300	43	00 03 5a 58 09 93 fa 53 7b 91	1746085023.468886831
3161	0xa5fc	29	fc a5 7d b0 00 00 00 00 10 43	1746085023.555854476
3162	0x300	44	00 03 5a 58 09 93 fa 53 bb 81	1746085023.620903502
3163	0xa5fc	29	fc a5 7d b0 00 00 00 00 e0 42	1746085023.876257082
3164	0x300	46	00 03 5a 58 09 93 fa 53 6b c3	1746085023.876802395
3165	0xa5fc	29	fc a5 7d c9 00 00 00 00 80 5d	1746085023.878394464
3166	0xa5fc	29	fc a5 7d 3d 01 00 00 00 30 42	1746085023.959264776
3167	0x300	84	00 03 5a 58 09 93 fa 53 7b 92	1746085023.992118795
3168	0x300	73	00 03 5a 78 9c 93 60 e0 64 54	1746085024.068280592
3169	0x1500	18	00 15 a5 01 27 43 f3 00 00 00	1746085024.104077543
3170	0x300	44	00 03 5a 58 09 93 fa 53 7b 8a	1746085024.120546182
3171	0xa5fc	51	fc a5 7d 00 0a d3 02 00 00 00	1746085024.406072537
3172	0xa5fc	29	fc a5 7d c7 00 00 00 00 c0 67	1746085024.410369257
3173	0xa5fc	29	fc a5 7d c7 00 00 00 00 c0 67	1746085024.593328308
3174	0xa5fc	51	fc a5 7d 13 0a d3 02 00 00 00	1746085024.675754326
3175	0xa5fc	29	fc a5 7d 3c 01 00 00 00 50 23	1746085024.901096269
3176	0xa5fc	29	fc a5 7d d1 02 00 00 00 20 4a	1746085024.901096452
3177	0x300	46	00 03 5a 58 09 93 fa 53 6b c3	1746085024.901601509
3178	0x300	44	00 03 5a 58 09 93 fa 53 bb 81	1746085024.924725312
3179	0x300	79	00 03 a5 30 fc 7d 15 0a d3 02	1746085024.966798226
3180	0x1500	18	00 15 a5 01 28 5e 62 00 00 00	1746085024.988475771
3181	0x300	43	00 03 5a 58 09 93 fa 53 7b 91	1746085025.021099266
3182	0xa5fc	29	fc a5 7d 3d 01 00 00 00 90 42	1746085025.117152643
3183	0x300	59	00 03 5a 58 09 93 fa 53 7b 92	1746085025.149906456
3184	0xa5fc	51	fc a5 7d 16 0a d3 02 00 00 00	1746085025.258609809
3185	0xa5fc	29	fc a5 7d ca 00 00 00 00 00 01	1746085025.517328424
3186	0x300	41	00 03 5a 58 09 93 fa 53 7b 8a	1746085025.533842964
3187	0xa5fc	51	fc a5 7d 1a 0a d3 02 00 00 00	1746085025.562321813
3188	0xa5fc	29	fc a5 7d c7 00 00 00 00 50 67	1746085025.56655944
3189	0xa5fc	29	fc a5 7d d1 02 00 00 00 30 4c	1746085025.599464293
3190	0x300	83	00 03 5a 58 09 93 fa 53 7b 91	1746085025.695736078
3191	0xa5fc	51	fc a5 7d 2d 0a d3 02 00 00 00	1746085025.75084446
3192	0x900	63	00 09 5a 78 9c 63 d4 b4 f4 7a	1746085025.751313009
3193	0x1500	18	00 15 a5 01 29 6e f4 00 00 00	1746085025.775249107
3194	0xa5fc	29	fc a5 7d 3c 01 00 00 00 80 28	1746085026.03016225
3195	0xa5fc	29	fc a5 7d 3c 01 00 00 00 80 28	1746085026.051254976
3196	0x300	79	00 03 a5 18 00 09 01 2a c6 46	1746085026.082766794
3197	0x1500	18	00 15 a5 01 2a 3f 4e 00 00 00	1746085026.115103671
3198	0xa5fc	29	fc a5 7d 3d 01 00 00 00 e0 42	1746085026.179646361
3199	0x300	43	00 03 5a 58 09 93 fa 53 7b 92	1746085026.244672123
3200	0x300	43	00 03 5a 58 09 93 fa 53 6b cb	1746085026.309129859
3201	0xa5fc	29	fc a5 7d d1 02 00 00 00 00 4f	1746085026.373045872
3202	0x300	41	00 03 5a 58 09 93 fa 53 7b 91	1746085026.541474376
3203	0xa5fc	51	fc a5 7d 68 0a d3 02 00 00 00	1746085026.752406707
3204	0xa5fc	29	fc a5 7d c7 00 00 00 00 f0 66	1746085026.754477877
3205	0x600	18	00 06 04 96 00 00 00 00 00 00	1746085026.754564197
3206	0xa5fc	51	fc a5 7d 78 0a d3 02 00 00 00	1746085026.939917263
3207	0xd00	459	00 0d 5a 78 9c 55 cb 4d 88 cc	1746085026.940315621
3208	0x300	68	00 03 5a 58 09 93 fa 53 7b 9c	1746085026.942611182
3209	0x1500	18	00 15 a5 01 2b 0f d8 00 00 00	1746085027.006706625
3210	0xa5fc	29	fc a5 7d c9 00 00 00 00 40 5b	1746085027.006707047
3211	0x300	41	00 03 5a 58 09 93 fa 53 7b 92	1746085027.084895004
3212	0xd00	159	00 0d 5a 78 9c 63 d4 09 3f dc	1746085027.088672761
3213	0x300	37	00 03 a5 1a fc 7d d1 02 00 00	1746085027.11715404
3214	0xa5fc	51	fc a5 7d 8a 0a d3 02 00 00 00	1746085027.315772565
3215	0xa5fc	29	fc a5 7d 3d 01 00 00 00 40 43	1746085027.317715895
3216	0x300	64	00 03 5a 58 09 93 fa 53 7b 91	1746085027.343650049
3217	0xa5fc	51	fc a5 7d 9c 0a d3 02 00 00 00	1746085027.584074288
3218	0xa5fc	29	fc a5 7d 3c 01 00 00 00 c0 2e	1746085027.586206546
3219	0xa5fc	29	fc a5 7d d1 02 00 00 00 20 54	1746085027.871128794
3220	0xd00	478	00 0d 5a 78 9c 55 cc 5f 48 53	1746085027.945550188
3221	0x300	51	00 03 5a 58 09 63 61 10 65 d4	1746085027.972347664
3222	0xa5fc	29	fc a5 7d ca 00 00 00 00 40 03	1746085028.002817638
3223	0x300	44	00 03 5a 58 09 93 fa 53 7b 8a	1746085028.099969748
3224	0x300	258	00 03 a5 cb 00 0d 01 2e 4b c3	1746085028.111454507
3225	0xa5fc	29	fc a5 7d c7 00 00 00 00 70 66	1746085028.132110852
3226	0x1500	18	00 15 a5 01 2e fb 57 00 00 00	1746085028.148538946
3227	0xa5fc	29	fc a5 7d c7 00 00 00 00 70 66	1746085028.31364695
3228	0x300	43	00 03 5a 58 09 93 fa 53 6b cb	1746085028.319228561
3229	0xa5fc	29	fc a5 7d c9 00 00 00 00 f0 61	1746085028.358798129
3230	0x300	58	00 03 5a 58 09 93 fa 53 6b c3	1746085028.588305777
3231	0xa5fc	29	fc a5 7d d1 02 00 00 00 10 57	1746085028.588306131
3232	0x300	73	00 03 5a 58 09 93 fa 53 7b 91	1746085028.617755646
3233	0xa5fc	51	fc a5 7d de 0a d3 02 00 00 00	1746085028.631511236
3234	0xa5fc	29	fc a5 7d 3d 01 00 00 00 20 43	1746085028.893840887
3235	0x300	46	00 03 5a 58 09 93 fa 53 6b cb	1746085028.89439882
3236	0xa5fc	51	fc a5 7d f2 0a d3 02 00 00 00	1746085028.902109232
3237	0xd00	476	00 0d 5a 78 9c 4d d1 4d 48 d3	1746085028.963949777
3238	0xd00	485	00 0d 5a 78 9c 55 d0 5d 48 93	1746085028.964268495
3239	0x300	18	00 03 a5 04 00 15 01 2f 04 00	1746085028.987731087
3240	0xa5fc	29	fc a5 7d b0 00 00 00 00 f0 45	1746085029.03633629
3241	0x300	61	00 03 5a 58 09 93 fa 53 bb 81	1746085029.133751361
3242	0x300	110	00 03 a5 37 00 0d 01 31 41 0e	1746085029.133834487
3243	0x1500	18	00 15 a5 01 31 f6 a2 00 00 00	1746085029.165770903
3244	0x300	57	00 03 5a 58 09 93 fa 53 7b 91	1746085029.261913225
3245	0xa5fc	29	fc a5 7d b0 00 00 00 00 10 46	1746085029.29339804
3246	0x300	44	00 03 5a 58 09 93 fa 53 7b 91	1746085029.391642812
3247	0xa5fc	51	fc a5 7d 17 0b d3 02 00 00 00	1746085029.484604504
3248	0xa5fc	29	fc a5 7d c9 00 00 00 00 40 67	1746085029.519236073
3249	0xa5fc	29	fc a5 7d c9 00 00 00 00 40 67	1746085029.713069656
3250	0xa5fc	29	fc a5 7d 3c 01 00 00 00 70 39	1746085029.7771245
3251	0xd00	496	00 0d 5a 78 9c 55 d0 5d 48 53	1746085029.971230569
3252	0xd00	498	00 0d 5a 78 9c 55 d0 5b 48 93	1746085029.972410769
3253	0x300	18	00 03 a5 04 00 15 01 32 04 00	1746085030.001721651
3254	0xa5fc	29	fc a5 7d d1 02 00 00 00 d0 5c	1746085030.050633851
3255	0x300	155	00 03 a5 59 00 0d 01 34 94 25	1746085030.139031104
3256	0x300	32	00 03 a5 04 00 15 01 34 04 00	1746085030.211423828
3257	0x900	18	00 09 a5 03 4a 72 02 00 00 00	1746085030.227540902
3258	0x1500	7	00 15 a5 03 4a 3c 94	1746085030.391571355
3259	0x300	43	00 03 5a 58 09 93 fa 53 7b 91	1746085030.393918334
3260	0x300	44	00 03 5a 58 09 93 fa 53 bb 81	1746085030.469950045
3261	0xa5fc	29	fc a5 7d ca 00 00 00 00 40 08	1746085030.534811614
3262	0x300	43	00 03 5a 58 09 93 fa 53 7b 8a	1746085030.738649252
3263	0xa5fc	29	fc a5 7d c9 00 00 00 00 50 6d	1746085030.790630047
3264	0xa5fc	29	fc a5 7d ca 00 00 00 00 90 08	1746085030.8227901
3265	0x300	46	00 03 5a 58 09 93 fa 53 6b c3	1746085030.856531372
3266	0xa5fc	51	fc a5 7d 1e 0b d3 02 00 00 00	1746085030.978120378
3267	0xd00	493	00 0d 5a 78 9c 55 cf 4d 48 d3	1746085030.978451251
3268	0xd00	486	00 0d 5a 78 9c 55 d0 4d 48 d3	1746085030.978691027
3269	0x300	42	00 03 a5 04 00 15 01 36 04 00	1746085031.016216685
3270	0x900	18	00 09 a5 03 4b bc 16 00 00 00	1746085031.112160674
3271	0x900	18	00 09 a5 03 4b bc 16 00 00 00	1746085031.128135724
3272	0x300	200	00 03 a5 8c 00 0d 01 38 35 3b	1746085031.143587269
3273	0x300	51	00 03 5a 58 09 63 61 10 65 b4	1746085031.176481371
3274	0x300	111	00 03 5a 78 9c 0b 61 e0 64 b4	1746085031.534056346
3275	0x300	353	00 03 5a 58 09 63 61 10 65 b4	1746085031.56864665
3276	0x300	211	00 03 5a 58 09 93 63 e0 64 0e	1746085031.570267275
3277	0xd00	396	00 0d 5a 58 09 63 0e 63 60 60	1746085031.570765386
3278	0xd00	432	00 0d 5a 58 09 63 0e 0f 4a cd	1746085031.570825248
3279	0xd00	52	00 0d a5 03 58 61 73 73 20 31	1746085031.570825343
3280	0x300	348	00 03 5a 58 09 73 65 e0 64 f6	1746085031.570825423
3281	0x300	211	00 03 5a 58 09 93 63 e0 64 0e	1746085031.57082549
3282	0xd00	396	00 0d 5a 58 09 63 0e 63 60 60	1746085031.571816232
3283	0xd00	432	00 0d 5a 58 09 63 0e 0f 4a cd	1746085031.571816396
3284	0xd00	52	00 0d a5 03 58 61 73 73 20 31	1746085031.586478754
3285	0x1500	7	00 15 a5 03 58 4d dc	1746085031.596966643
3286	0xd00	26	00 0d 5a 78 9c 63 b4 62 60 10	1746085031.597187364
3287	0xd00	20	00 0d 5a 78 9c 63 b4 66 18 05	1746085031.597276368
3288	0xd00	20	00 0d 5a 78 9c 63 b4 61 18 05	1746085031.597354046
3289	0xd00	20	00 0d 5a 78 9c 63 b4 65 18 05	1746085031.597451233
3290	0xd00	20	00 0d 5a 78 9c 63 b4 63 18 05	1746085031.597536149
3291	0xd00	20	00 0d 5a 78 9c 63 b4 67 18 05	1746085031.597614236
3292	0xd00	20	00 0d 5a 78 9c 63 74 60 18 05	1746085031.597714844
3293	0xd00	20	00 0d 5a 78 9c 63 74 64 18 05	1746085031.597790356
3294	0x300	36	00 03 5a 58 09 63 61 10 65 b4	1746085031.635554673
3295	0xd00	18	00 0d 5a 78 9c 63 74 62 a0 2a	1746085031.763643475
3296	0x1500	18	00 15 a5 01 42 d6 24 00 00 00	1746085031.797602929
3297	0x300	61	00 03 5a 58 09 93 fa 53 7b 91	1746085031.86417674
3298	0x300	46	00 03 5a 58 09 93 fa 53 7b 91	1746085031.958445376
3299	0x300	44	00 03 5a 58 09 93 fa 53 7b 8a	1746085031.990813962
3300	0x900	420	00 09 5a 78 9c 55 ca 4b 48 94	1746085031.993472716
3301	0x1500	18	00 15 a5 01 43 e6 b2 00 00 00	1746085032.023716879
3302	0xa5fc	51	fc a5 7d 52 0b d3 02 00 00 00	1746085032.158896455
3303	0xa5fc	29	fc a5 7d ae 00 00 00 00 00 97	1746085032.184175708
3304	0xa5fc	29	fc a5 7d c9 00 00 00 00 a0 69	1746085032.580646426
3305	0x300	44	00 03 5a 58 09 93 fa 53 7b 92	1746085032.587709791
3306	0xa5fc	29	fc a5 7d d1 02 00 00 00 20 67	1746085032.620171458
3307	0xa5fc	51	fc a5 7d 53 0b d3 02 00 00 00	1746085032.6213615
3308	0x300	46	00 03 5a 58 09 93 fa 53 7b 91	1746085032.716850616
3309	0xa5fc	51	fc a5 7d 54 0b d3 02 00 00 00	1746085032.907669577
3310	0x300	258	00 03 5a 78 9c bb cc c0 c9 e8	1746085033.160176613
3311	0xa5fc	29	fc a5 7d ca 00 00 00 00 00 06	1746085033.162208277
3312	0x1500	18	00 15 a5 01 44 73 11 00 00 00	1746085033.184780641
3313	0xa5fc	29	fc a5 7d ca 00 00 00 00 00 06	1746085033.232958775
3314	0xa5fc	29	fc a5 7d 3d 01 00 00 00 c0 41	1746085033.264728954
3315	0xa5fc	29	fc a5 7d 3d 01 00 00 00 c0 41	1746085033.361797835
3316	0xa5fc	51	fc a5 7d 57 0b d3 02 00 00 00	1746085033.638028932
3317	0xa5fc	29	fc a5 7d d1 02 00 00 00 a0 6a	1746085033.640138357
3318	0x300	46	00 03 5a 58 09 93 fa 53 7b 91	1746085033.640212173
3319	0xa5fc	29	fc a5 7d 3d 01 00 00 00 b0 41	1746085033.640212258
3320	0xa5fc	29	fc a5 7d b0 00 00 00 00 d0 43	1746085033.640212325
3321	0x300	62	00 03 5a 58 09 93 fa 53 bb 81	1746085033.64083369
3322	0xa5fc	29	fc a5 7d c9 00 00 00 00 30 64	1746085033.809100801
3323	0xa5fc	51	fc a5 7d 6d 0b d3 02 00 00 00	1746085033.992473214
3324	0xd00	495	00 0d 5a 78 9c 55 cf 5b 48 93	1746085033.992804835
3325	0x1500	18	00 15 a5 01 45 43 87 00 00 00	1746085034.024057423
3326	0x300	250	00 03 5a 78 9c bb c3 c0 cb e8	1746085034.157126274
3327	0xa5fc	29	fc a5 7d d1 02 00 00 00 30 6e	1746085034.167827638
3328	0x1500	18	00 15 a5 01 46 12 3d 00 00 00	1746085034.183340512
3329	0x300	66	00 03 5a 58 09 93 fa 53 7b 91	1746085034.264485427
3330	0x300	44	00 03 5a 58 09 93 fa 53 7b 8a	1746085034.423918678
3331	0xa5fc	29	fc a5 7d b2 00 00 00 00 90 72	1746085034.629883439
3332	0x300	43	00 03 5a 58 09 93 fa 53 6b cb	1746085034.715727509
3333	0xa5fc	29	fc a5 7d b0 00 00 00 00 e0 42	1746085034.813263524
3334	0xa5fc	29	fc a5 7d c9 00 00 00 00 00 5e	1746085035.037758937
3335	0x300	100	00 03 5a 78 9c b3 62 e0 64 74	1746085035.169949613
3336	0x1500	18	00 15 a5 01 47 22 ab 00 00 00	1746085035.200315601
3337	0xa5fc	29	fc a5 7d 3c 01 00 00 00 40 24	1746085035.298259805
3338	0x300	46	00 03 5a 58 09 93 fa 53 6b c3	1746085035.298260107
3339	0xa5fc	29	fc a5 7d b2 00 00 00 00 80 76	1746085035.549759223
3340	0xa5fc	29	fc a5 7d d1 02 00 00 00 60 75	1746085035.635430104
3341	0x300	81	00 03 5a 58 09 93 fa 53 7b 91	1746085035.667950623
3342	0xa5fc	29	fc a5 7d 3d 01 00 00 00 f0 41	1746085035.731724668
3343	0x600	18	00 06 04 96 00 00 00 00 00 00	1746085035.781044019
3344	0xa5fc	51	fc a5 7d e0 0b d3 02 00 00 00	1746085035.79275114
3345	0x300	69	00 03 5a 58 09 93 fa 53 7b 8a	1746085035.796587304
3346	0x300	44	00 03 5a 58 09 93 fa 53 bb 81	1746085035.861005775
3347	0xa5fc	29	fc a5 7d ca 00 00 00 00 b0 00	1746085035.959778381
3348	0xa5fc	51	fc a5 7d f2 0b d3 02 00 00 00	1746085035.999756244
3349	0xd00	466	00 0d 5a 78 9c 55 ca 5d 48 53	1746085036.000087501
3350	0x1500	18	00 15 a5 01 48 3f 3a 00 00 00	1746085036.05414143
3351	0xd00	104	00 0d a5 01 49 ee c2 ad 42 62	1746085036.169608763
3352	0x1500	18	00 15 a5 01 49 0f ac 00 00 00	1746085036.199430292
3353	0xa5fc	51	fc a5 7d 05 0c d3 02 00 00 00	1746085036.376424885
3354	0xa5fc	29	fc a5 7d d1 02 00 00 00 40 79	1746085036.408985789
3355	0x300	43	00 03 5a 58 09 93 fa 53 7b 91	1746085036.441555923
3356	0xa5fc	29	fc a5 7d 3c 01 00 00 00 80 1e	1746085036.473776715
3357	0x300	41	00 03 5a 58 09 93 fa 53 bb 89	1746085036.506325132
3358	0xa5fc	29	fc a5 7d b0 00 00 00 00 60 43	1746085036.602351679
3359	0x300	41	00 03 5a 58 09 93 fa 53 bb 81	1746085036.699477265
3360	0xa5fc	51	fc a5 7d 2c 0c d3 02 00 00 00	1746085036.978725344
3361	0xd00	499	00 0d 5a 78 9c 55 d0 4d 48 d3	1746085037.020057163
3362	0xd00	509	00 0d 5a 78 9c 0d ca 4f 48 93	1746085037.020433811
3363	0x300	18	00 03 a5 04 00 15 01 4a 04 00	1746085037.069963695
3364	0x300	44	00 03 5a 58 09 93 fa 53 7b 8a	1746085037.151475147
3365	0x300	144	00 03 a5 59 00 0d 01 4c 57 77	1746085037.187306169
3366	0x1500	18	00 15 a5 01 4c fb 23 00 00 00	1746085037.215723636
3367	0xa5fc	29	fc a5 7d ca 00 00 00 00 00 01	1746085037.390760983
3368	0x300	38	00 03 5a 58 09 93 fa 53 7b 8a	1746085037.391486274
3369	0x300	46	00 03 5a 58 09 93 fa 53 6b c3	1746085037.595686311
3370	0x300	23	00 03 a5 08 00 09 03 59 e8 08	1746085037.835151152
3371	0x300	23	00 03 a5 08 00 09 03 59 e8 08	1746085037.835151396
3372	0xa5fc	29	fc a5 7d d1 02 00 00 00 b0 80	1746085037.859408202
3373	0x300	46	00 03 5a 58 09 93 fa 53 7b 91	1746085038.008342702
3374	0x300	59	00 03 a5 04 00 15 03 5a 30 fc	1746085038.014780694
3375	0xa5fc	29	fc a5 7d b0 00 00 00 00 60 44	1746085038.021073368
3376	0xd00	505	00 0d 5a 78 9c 55 d0 4d 48 d3	1746085038.037590892
3377	0xd00	492	00 0d 5a 78 9c 55 d0 4d 48 d3	1746085038.037963855
3378	0xa5fc	29	fc a5 7d 9c 00 00 00 00 70 5d	1746085038.053239524
3379	0x300	18	00 03 a5 04 00 15 01 4d 04 00	1746085038.099610042
3380	0x300	43	00 03 5a 58 09 93 fa 53 bb 81	1746085038.117459101
3381	0x300	161	00 03 a5 6a 00 0d 01 4f 3e 8a	1746085038.201313779
3382	0x1500	18	00 15 a5 01 4f aa 99 00 00 00	1746085038.22922426
3383	0xa5fc	29	fc a5 7d 3c 01 00 00 00 50 23	1746085038.621861267
3384	0x300	62	00 03 5a 58 09 93 fa 53 6b c3	1746085038.632000214
3385	0x300	41	00 03 5a 58 09 93 fa 53 7b 8a	1746085038.826588965
3386	0xa5fc	29	fc a5 7d d1 02 00 00 00 d0 84	1746085038.827247398
3387	0x300	46	00 03 a5 0e 00 09 03 5b 9a 55	1746085038.874929552
3388	0x300	46	00 03 a5 0e 00 09 03 5b 9a 55	1746085038.889742391
3389	0x300	52	00 03 5a 58 09 93 fa 53 bb 96	1746085038.906422496
3390	0x1500	7	00 15 a5 03 5d b9 53	1746085039.026759928
3391	0xd00	505	00 0d 5a 78 9c 55 d0 4d 48 93	1746085039.027094413
3392	0xd00	507	00 0d 5a 78 9c 55 90 5d 48 93	1746085039.027352079
3393	0x300	18	00 03 a5 04 00 15 01 50 04 00	1746085039.067181269
3394	0x300	46	00 03 5a 58 09 93 fa 53 7b 91	1746085039.100275133
3395	0xa5fc	29	fc a5 7d b0 00 00 00 00 30 45	1746085039.137644028
3396	0x300	161	00 03 a5 6a 00 0d 01 52 3f 98	1746085039.176834941
3397	0x1500	18	00 15 a5 01 52 c6 40 00 00 00	1746085039.211830343
3398	0x300	38	00 03 5a 58 09 93 fa 53 bb 81	1746085039.260462324
3399	0x900	18	00 09 a5 03 5e 81 17 01 d1 02	1746085039.325320067
3400	0x900	18	00 09 a5 03 5e 81 17 01 d1 02	1746085039.34150959
3401	0x300	59	00 03 a5 04 00 15 03 5e 30 fc	1746085039.509392015
3402	0x300	55	00 03 5a 58 09 93 fa 53 bb 96	1746085039.511639231
3403	0x300	55	00 03 5a 58 09 93 fa 53 7b 8a	1746085039.777171113
3404	0x300	59	00 03 a5 1a fc 7d d0 02 00 00	1746085039.953592286
3405	0xa5fc	29	fc a5 7d 3d 01 00 00 00 40 43	1746085039.953592621
3406	0xd00	488	00 0d 5a 78 9c 55 cc 4b 48 d4	1746085040.032150183
3407	0xd00	489	00 0d 5a 78 9c 0d c8 6f 68 cc	1746085040.032855196
3408	0x300	46	00 03 5a 58 09 93 fa 53 7b 81	1746085040.034247664
3409	0x300	18	00 03 a5 04 00 15 01 53 04 00	1746085040.06686379
3410	0x300	212	00 03 a5 9d 00 0d 01 55 92 a6	1746085040.198835028
3411	0x300	44	00 03 5a 58 09 93 fa 53 3b 8b	1746085040.200948012
3412	0x1500	18	00 15 a5 01 55 53 e3 00 00 00	1746085040.228614794
3413	0xa5fc	29	fc a5 7d b0 00 00 00 00 f0 45	1746085040.261633059
3414	0x300	41	00 03 5a 58 09 93 fa 53 bb 81	1746085040.293129864
3415	0x900	18	00 09 a5 03 67 81 17 01 00 00	1746085040.358960086
3416	0x300	164	00 03 5a 58 09 33 63 e0 64 8e	1746085040.44069003
3417	0xa5fc	29	fc a5 7d b0 00 00 00 00 10 46	1746085040.457376401
3418	0x300	21	00 03 a5 0a 00 09 01 56 5d 07	1746085040.489889842
3419	0x1500	18	00 15 a5 01 56 02 59 00 00 00	1746085040.519709078
3420	0x700	34	00 07 5a 78 9c 7b 72 8a 81 81	1746085040.532623719
3421	0x300	60	00 03 5a 58 09 e3 62 e0 64 ce	1746085040.554202552
3422	0x800	35	00 08 5a 58 09 7b 72 8a 81 81	1746085040.554202927
3423	0x300	60	00 03 5a 58 09 e3 62 e0 64 ce	1746085040.568593748
3424	0x1500	7	00 15 a5 03 6b 2c ca	1746085040.740211346
3427	0xa5fc	29	fc a5 7d a3 00 00 00 00 70 4e	1746085040.908296219
3428	0xa5fc	29	fc a5 7d 9c 00 00 00 00 d0 65	1746085041.004346621
3429	0xd00	497	00 0d 5a 78 9c 55 c8 4d 48 d3	1746085041.053784189
3430	0xd00	500	00 0d 5a 78 9c 0d ca 5d 48 53	1746085041.054103606
3431	0x300	18	00 03 a5 04 00 15 01 57 04 00	1746085041.085285334
3432	0x300	62	00 03 5a 58 09 93 fa 53 7b 8a	1746085041.101485881
3433	0x300	144	00 03 a5 59 00 0d 01 59 f0 b2	1746085041.219266129
3434	0x1500	18	00 15 a5 01 59 1f c8 00 00 00	1746085041.24703467
3435	0x900	18	00 09 a5 03 6c bc 16 00 00 00	1746085041.387262931
3436	0x900	18	00 09 a5 03 6c bc 16 00 00 00	1746085041.392472241
3437	0x1500	7	00 15 a5 03 6c b9 69	1746085041.574462293
3438	0xa5fc	29	fc a5 7d b2 00 00 00 00 00 62	1746085041.576496406
3439	0x300	41	00 03 5a 58 09 93 fa 53 bb 81	1746085041.633474641
3440	0x300	44	00 03 5a 58 09 93 fa 53 bb 98	1746085042.001675897
3441	0x300	41	00 03 5a 58 09 93 fa 53 3b 87	1746085042.023819744
3442	0x900	383	00 09 5a 78 9c 55 ca 4f 48 d3	1746085042.053078321
3443	0x1500	18	00 15 a5 01 5a 4e 72 00 00 00	1746085042.085288613
3444	0x300	44	00 03 5a 58 09 93 fa 53 7b 8a	1746085042.117670781
3445	0x5afc	48	fc 5a 78 9c ab bd c1 73 99 89	1746085042.261348722
3446	0xa5fc	29	fc a5 7d ca 00 00 00 00 40 08	1746085042.279457092
3447	0x300	44	00 03 5a 58 09 93 fa 53 7b 8a	1746085042.34463596
3448	0xa5fc	51	fc a5 7d e2 0c d3 02 00 00 00	1746085042.550425828
3449	0xa5fc	29	fc a5 7d 3c 01 00 00 00 90 38	1746085043.127564429
3450	0xa5fc	29	fc a5 7d 3c 01 00 00 00 90 38	1746085043.127564739
3451	0x300	94	00 03 a5 0e 00 09 01 5b 71 09	1746085043.129861791
3452	0x300	18	00 03 a5 04 00 15 01 5b 04 00	1746085043.152920167
3453	0xa5fc	29	fc a5 7d 3c 01 00 00 00 70 39	1746085043.332197185
3454	0xa5fc	51	fc a5 7d 23 0d d3 02 00 00 00	1746085043.549253252
3455	0xa5fc	29	fc a5 7d ca 00 00 00 00 70 05	1746085043.621099124
3456	0xa5fc	51	fc a5 7d 37 0d d3 02 00 00 00	1746085043.839012353
3457	0x300	57	00 03 5a 58 09 93 fa 53 7b 81	1746085043.839844561
3458	0x300	41	00 03 5a 58 09 93 fa 53 7b 81	1746085044.049931621
3459	0x300	43	00 03 5a 58 09 93 fa 53 3b 97	1746085044.049931979
3460	0x300	79	00 03 a5 30 fc 7d 4b 0d d3 02	1746085044.126860375
3461	0x1500	18	00 15 a5 01 5d db d1 00 00 00	1746085044.154063235
3462	0xa5fc	29	fc a5 7d 9d 00 00 00 00 70 3d	1746085044.356660154
3463	0x300	46	00 03 5a 58 09 93 fa 53 6b c3	1746085044.39695316
3464	0xa5fc	51	fc a5 7d 5e 0d d3 02 00 00 00	1746085044.417867097
3465	0xa5fc	29	fc a5 7d 9d 00 00 00 00 60 3c	1746085044.561685855
3466	0xa5fc	29	fc a5 7d 9d 00 00 00 00 70 3c	1746085044.654853791
3467	0xa5fc	29	fc a5 7d 3d 01 00 00 00 80 43	1746085044.751211209
3468	0x600	18	00 06 04 96 00 00 00 00 00 00	1746085044.759828519
3469	0x300	62	00 03 5a 58 09 93 fa 53 7b 8a	1746085044.783481249
3470	0x300	81	00 03 5a 58 09 93 fa 53 6b c3	1746085044.972097658
3471	0xa5fc	29	fc a5 7d 9c 00 00 00 00 70 5d	1746085045.010383883
3472	0x300	46	00 03 5a 58 09 93 fa 53 6b c3	1746085045.042772938
3473	0xa5fc	51	fc a5 7d 8f 0d d3 02 00 00 00	1746085045.082048036
3474	0xd00	496	00 0d 5a 78 9c 55 d0 4b 48 54	1746085045.082394064
3475	0xd00	410	00 0d a5 01 5f 22 c3 a2 cc 60	1746085045.082659219
3476	0x300	18	00 03 a5 04 00 15 01 5e 04 00	1746085045.10702352
3477	0xa5fc	29	fc a5 7d 9a 00 00 00 00 20 59	1746085045.278236541
3478	0xa5fc	51	fc a5 7d a1 0d d3 02 00 00 00	1746085045.496985966
3479	0xa5fc	29	fc a5 7d 3d 01 00 00 00 80 43	1746085045.499005633
3480	0x300	43	00 03 5a 58 09 93 fa 53 3b 97	1746085045.575640977
3481	0xa5fc	29	fc a5 7d b0 00 00 00 00 10 43	1746085045.790737922
3482	0x300	44	00 03 5a 58 09 93 fa 53 bb 81	1746085045.80198367
3483	0x300	58	00 03 5a 58 09 93 fa 53 3b 97	1746085045.995439826
3484	0x300	55	00 03 5a 58 09 93 fa 53 6b c3	1746085046.06131775
3485	0xd00	487	00 0d 5a 78 9c 55 cc 4d 48 93	1746085046.099495242
3486	0xd00	490	00 0d 5a 78 9c 55 90 5d 48 93	1746085046.100656097
3487	0x300	18	00 03 a5 04 00 15 01 60 04 00	1746085046.125095883
3488	0x300	46	00 03 5a 58 09 93 fa 53 6b c3	1746085046.190094045
3489	0x300	263	00 03 a5 d0 00 0d 01 62 cf c1	1746085046.269230186
3490	0x1500	18	00 15 a5 01 62 f6 ec 00 00 00	1746085046.303807398
3491	0xa5fc	29	fc a5 7d b2 00 00 00 00 90 4d	1746085046.611661975
3492	0xa5fc	29	fc a5 7d a3 00 00 00 00 d0 3d	1746085047.020069007
3493	0xd00	502	00 0d 5a 78 9c 55 c8 5d 48 d3	1746085047.093778232
3494	0xd00	491	00 0d 5a 78 9c 2d ca 4b 48 54	1746085047.094116215
3495	0x300	70	00 03 5a 58 09 93 fa 53 bb 81	1746085047.111961721
3496	0x300	18	00 03 a5 04 00 15 01 63 04 00	1746085047.127386336
3497	0x300	127	00 03 a5 48 00 0d 01 65 6c bd	1746085047.26072599
3498	0xa5fc	29	fc a5 7d ca 00 00 00 00 00 01	1746085047.271668325
3499	0x1500	18	00 15 a5 01 65 63 4f 00 00 00	1746085047.287494064
3500	0x300	38	00 03 5a 58 09 93 fa 53 7b 8a	1746085047.336298202
3501	0xa5fc	29	fc a5 7d 3c 01 00 00 00 80 2d	1746085047.368355985
3502	0xa5fc	29	fc a5 7d b2 00 00 00 00 80 49	1746085047.465444403
3503	0xa5fc	29	fc a5 7d 3c 01 00 00 00 80 2d	1746085047.497739919
3504	0xa5fc	29	fc a5 7d 9f 00 00 00 00 d0 3b	1746085048.045200044
3505	0xa5fc	51	fc a5 7d 45 0e d3 02 00 00 00	1746085048.064757231
3506	0xd00	488	00 0d 5a 78 9c 55 cf 5d 48 93	1746085048.106925893
3507	0xd00	496	00 0d 5a 78 9c 15 d0 5b 48 93	1746085048.107240003
3508	0x300	18	00 03 a5 04 00 15 01 66 04 00	1746085048.141189148
3509	0x300	127	00 03 a5 48 00 0d 01 68 ee bd	1746085048.273858412
3510	0xa5fc	29	fc a5 7d d0 02 00 00 00 90 19	1746085048.27629467
3511	0x1500	18	00 15 a5 01 68 1f f2 00 00 00	1746085048.301796452
3512	0x300	63	00 03 5a 58 09 93 fa 53 bb 98	1746085048.367092653
3513	0x300	44	00 03 5a 58 09 93 fa 53 bb 89	1746085048.430512574
3514	0xa5fc	29	fc a5 7d d0 02 00 00 00 90 19	1746085048.526787175
3515	0x300	61	00 03 5a 58 09 93 fa 53 bb 98	1746085048.622738153
3516	0xa5fc	29	fc a5 7d 9a 00 00 00 00 b0 4c	1746085048.719440218
3517	0xa5fc	51	fc a5 7d 71 0e d3 02 00 00 00	1746085048.732853811
3518	0x300	41	00 03 5a 58 09 93 fa 53 7b 8a	1746085048.751824467
3519	0xa5fc	29	fc a5 7d aa 00 00 00 00 30 e7	1746085048.850065935
3520	0xa5fc	29	fc a5 7d aa 00 00 00 00 30 e7	1746085048.881112451
3521	0xa5fc	51	fc a5 7d 84 0e d3 02 00 00 00	1746085049.045046696
3522	0xd00	482	00 0d 5a 78 9c 55 c8 4d 48 d3	1746085049.107182181
3523	0xd00	494	00 0d 5a 78 9c 15 ce 5b 48 d3	1746085049.107461769
3524	0x300	18	00 03 a5 04 00 15 01 69 04 00	1746085049.140948051
3525	0x300	144	00 03 a5 59 00 0d 01 6b 00 bf	1746085049.272736791
3526	0x1500	18	00 15 a5 01 6b 4e 48 00 00 00	1746085049.30188462
3527	0xa5fc	51	fc a5 7d ac 0e d3 02 00 00 00	1746085049.625835395
3528	0x300	44	00 03 5a 58 09 93 fa 53 3b 8b	1746085049.689703047
3529	0x300	63	00 03 5a 58 09 93 fa 53 3b 9f	1746085049.721098431
3530	0xa5fc	29	fc a5 7d ca 00 00 00 00 00 06	1746085049.78603122
3531	0xa5fc	51	fc a5 7d c0 0e d3 02 00 00 00	1746085049.921777727
3532	0xa5fc	29	fc a5 7d ca 00 00 00 00 00 06	1746085049.923794623
3533	0xa5fc	29	fc a5 7d aa 00 00 00 00 20 e7	1746085049.947680111
3534	0xa5fc	29	fc a5 7d 9c 00 00 00 00 30 4e	1746085050.011326763
3535	0x300	41	00 03 5a 58 09 93 fa 53 bb 8a	1746085050.044014067
3536	0xd00	486	00 0d 5a 78 9c 55 d0 4b 48 54	1746085050.131226082
3537	0xd00	490	00 0d 5a 78 9c 55 d0 7f 68 cc	1746085050.131515166
3538	0x300	18	00 03 a5 04 00 15 01 6c 04 00	1746085050.157672879
3539	0x300	161	00 03 a5 6a 00 0d 01 6e 3b c0	1746085050.295095335
3540	0x1500	18	00 15 a5 01 6e ba c7 00 00 00	1746085050.317068832
3541	0x300	41	00 03 5a 58 09 93 fa 53 3b 9f	1746085050.367470378
3542	0xa5fc	29	fc a5 7d 9d 00 00 00 00 c0 26	1746085050.705514592
3543	0xa5fc	29	fc a5 7d a0 00 00 00 00 00 2f	1746085050.717078045
3544	0xa5fc	29	fc a5 7d a0 00 00 00 00 40 30	1746085051.012425392
3545	0xa5fc	29	fc a5 7d ca 00 00 00 00 90 08	1746085051.073060202
3546	0xd00	473	00 0d 5a 78 9c 55 c8 4b 48 54	1746085051.135980359
3547	0xd00	466	00 0d 5a 78 9c 55 cf 4d 48 54	1746085051.136300717
3548	0x300	18	00 03 a5 04 00 15 01 6f 04 00	1746085051.17031627
3549	0xa5fc	29	fc a5 7d b0 00 00 00 00 f0 45	1746085051.234882162
3550	0xa5fc	29	fc a5 7d a3 00 00 00 00 10 30	1746085051.29948373
3551	0x300	161	00 03 a5 6a 00 0d 01 71 be c3	1746085051.299938287
3552	0x300	47	00 03 5a 58 09 93 fa 53 bb 81	1746085051.332028957
3553	0xa5fc	29	fc a5 7d b0 00 00 00 00 10 46	1746085051.524659462
3554	0x300	43	00 03 5a 58 09 93 fa 53 3b 97	1746085051.73298615
3555	0xa5fc	29	fc a5 7d d0 02 00 00 00 a0 19	1746085051.799563162
3556	0x300	46	00 03 5a 58 09 93 fa 53 7b 81	1746085051.83199535
3557	0xd00	462	00 0d 5a 78 9c 55 d0 4b 48 54	1746085052.157713514
3558	0xd00	457	00 0d 5a 78 9c 55 d0 4d 48 d4	1746085052.15795567
3559	0x300	41	00 03 5a 58 09 93 fa 53 7b 8a	1746085052.160709128
3560	0x300	18	00 03 a5 04 00 15 01 72 04 00	1746085052.185223218
3561	0x300	44	00 03 5a 58 09 93 fa 53 bb 98	1746085052.282349726
3562	0x300	195	00 03 a5 8c 00 0d 01 74 8a cf	1746085052.322326841
3563	0x1500	18	00 15 a5 01 74 43 bd 00 00 00	1746085052.347335004
3564	0xa5fc	29	fc a5 7d ca 00 00 00 00 00 08	1746085052.379573642
3565	0x300	38	00 03 5a 58 09 93 fa 53 7b 8a	1746085052.475629237
3566	0x300	45	00 03 5a 58 09 93 fa 53 7b 98	1746085052.508553047
3567	0x300	41	00 03 5a 58 09 93 fa 53 bb 81	1746085052.754182535
3568	0xa5fc	29	fc a5 7d a5 00 00 00 00 70 d9	1746085053.062195326
3569	0xd00	469	00 0d 5a 78 9c 55 d1 5b 48 d3	1746085053.168251125
3570	0xd00	459	00 0d 5a 78 9c 15 c8 4f 48 54	1746085053.168507407
3571	0x300	18	00 03 a5 04 00 15 01 75 04 00	1746085053.202032107
3572	0x300	41	00 03 5a 58 09 93 fa 53 bb 96	1746085053.250823666
3573	0x300	110	00 03 a5 37 00 0d 01 77 36 de	1746085053.334677741
3574	0x1500	18	00 15 a5 01 77 12 07 00 00 00	1746085053.368373236
3575	0xa5fc	29	fc a5 7d b2 00 00 00 00 10 5e	1746085053.44549299
3576	0xa5fc	51	fc a5 7d aa 0f d3 02 00 00 00	1746085053.668999559
3577	0x600	18	00 06 04 96 00 00 00 00 00 00	1746085053.880618059
3578	0xa5fc	29	fc a5 7d c2 00 00 00 00 70 0d	1746085053.914980363
3579	0xa5fc	51	fc a5 7d bd 0f d3 02 00 00 00	1746085053.959655076
3580	0xa5fc	29	fc a5 7d a0 00 00 00 00 20 40	1746085053.977852536
3581	0xd00	461	00 0d 5a 78 9c 55 d0 7f 68 cc	1746085054.169717449
3582	0xd00	461	00 0d 5a 78 9c 15 d0 4f 48 14	1746085054.170006203
3583	0xa5fc	29	fc a5 7d 9a 00 00 00 00 30 5d	1746085054.171936331
3584	0x300	18	00 03 a5 04 00 15 01 78 04 00	1746085054.203165084
3585	0x300	161	00 03 a5 6a 00 0d 01 7a 2e eb	1746085054.33569344
3586	0x1500	18	00 15 a5 01 7a 6e ba 00 00 00	1746085054.366414461
3587	0x300	44	00 03 5a 58 09 93 fa 53 3b 8b	1746085054.396032105
3588	0x300	54	00 03 5a 58 09 93 fa 53 3b 87	1746085054.701350216
3589	0xa5fc	29	fc a5 7d 9d 00 00 00 00 70 33	1746085054.784330896
3590	0x300	41	00 03 5a 58 09 93 fa 53 bb 80	1746085055.108348843
3591	0xa5fc	29	fc a5 7d a5 00 00 00 00 d0 e3	1746085055.170101146
3592	0xd00	466	00 0d 5a 78 9c 55 cf 7f 68 cc	1746085055.189883725
3593	0xd00	465	00 0d 5a 78 9c 15 d1 4b 48 54	1746085055.190263632
3594	0x300	18	00 03 a5 04 00 15 01 7b 04 00	1746085055.226611745
3595	0xa5fc	29	fc a5 7d ad 00 00 00 00 00 97	1746085055.266630028
3596	0x300	93	00 03 a5 26 00 0d 01 7d c2 f9	1746085055.358114153
3597	0xa5fc	29	fc a5 7d 9f 00 00 00 00 c0 36	1746085055.362851324
3598	0x1500	18	00 15 a5 01 7d fb 19 00 00 00	1746085055.379570737
3599	0xa5fc	29	fc a5 7d c2 00 00 00 00 00 0e	1746085055.427416239
3600	0xa5fc	29	fc a5 7d 9f 00 00 00 00 20 36	1746085055.624672495
3601	0x300	44	00 03 5a 58 09 93 fa 53 3b 87	1746085055.625218994
3602	0xa5fc	29	fc a5 7d ca 00 00 00 00 f0 00	1746085055.82548969
3603	0x300	44	00 03 5a 58 09 93 fa 53 7b 8a	1746085055.826002339
3604	0xa5fc	29	fc a5 7d ca 00 00 00 00 b0 00	1746085056.034408876
3605	0x300	41	00 03 5a 58 09 93 fa 53 7b 88	1746085056.034989254
3606	0xa5fc	29	fc a5 7d ad 00 00 00 00 00 97	1746085056.041197601
3607	0xd00	458	00 0d 5a 78 9c 55 cd 5d 48 53	1746085056.201426379
3608	0xd00	464	00 0d 5a 78 9c 55 ca 4b 48 54	1746085056.202178506
3609	0x300	51	00 03 5a 58 09 63 61 10 65 ac	1746085056.235774669
3610	0xa5fc	29	fc a5 7d d0 02 00 00 00 30 1a	1746085056.268264654
3611	0xa5fc	29	fc a5 7d d0 02 00 00 00 30 1a	1746085056.332261851
3612	0x300	195	00 03 a5 8c 00 0d 01 80 b1 00	1746085056.351050308
3613	0x1500	18	00 15 a5 01 80 75 b8 00 00 00	1746085056.380400852
3614	0x300	43	00 03 5a 58 09 93 fa 53 3b 9f	1746085056.461346484
3615	0xa5fc	29	fc a5 7d 9d 00 00 00 00 a0 3a	1746085056.491742529
3616	0xa5fc	51	fc a5 7d 6f 10 d3 02 00 00 00	1746085056.648006677
3617	0xa5fc	29	fc a5 7d b0 00 00 00 00 10 43	1746085056.849291711
3618	0x300	44	00 03 5a 58 09 93 fa 53 bb 81	1746085056.849292135
3619	0xa5fc	29	fc a5 7d cb 00 00 00 00 f0 ed	1746085056.91215896
3620	0xd00	468	00 0d 5a 78 9c 55 cf 5d 48 93	1746085057.209766782
3621	0xd00	476	00 0d 5a 78 9c 0d d0 4b 48 d4	1746085057.210381539
3622	0xa5fc	29	fc a5 7d b0 00 00 00 00 e0 42	1746085057.212161439
3623	0x300	64	00 03 5a 58 09 93 fa 53 3b 97	1746085057.212161989
3624	0x300	18	00 03 a5 04 00 15 01 81 04 00	1746085057.232887347
3625	0x300	58	00 03 5a 58 09 93 fa 53 bb 98	1746085057.307366441
3626	0x300	103	00 03 5a 58 09 93 fa 53 3b 97	1746085057.361610137
3627	0x300	161	00 03 a5 6a 00 0d 01 83 8e 02	1746085057.377916138
3628	0x1500	18	00 15 a5 01 83 24 02 00 00 00	1746085057.409122052
3629	0x300	60	00 03 5a 58 09 93 fa 53 3b 97	1746085057.49030259
3630	0x300	62	00 03 5a 58 09 93 fa 53 bb 81	1746085057.55876056
3631	0x300	41	00 03 5a 58 09 93 fa 53 bb 81	1746085057.976353717
3632	0xa5fc	29	fc a5 7d b0 00 00 00 00 b0 42	1746085057.976353964
3633	0xd00	484	00 0d 5a 78 9c 55 ca 5f 48 53	1746085058.210780107
3634	0xd00	499	00 0d 5a 78 9c 0d c8 4d 48 54	1746085058.21106572
3635	0x300	18	00 03 a5 04 00 15 01 84 04 00	1746085058.248942159
3636	0x300	212	00 03 a5 9d 00 0d 01 86 51 04	1746085058.379073386
3637	0x1500	18	00 15 a5 01 86 d0 8d 00 00 00	1746085058.409998264
3638	0x300	64	00 03 5a 58 09 93 fa 53 3b 97	1746085058.442486305
3639	0xa5fc	29	fc a5 7d 9a 00 00 00 00 f0 6a	1746085058.474826771
3640	0xa5fc	29	fc a5 7d 9d 00 00 00 00 70 3d	1746085058.693209972
3641	0xd00	445	00 0d 5a 78 9c 55 ca 4d 48 54	1746085059.22459923
3642	0xd00	425	00 0d 5a 78 9c 25 d0 4f 48 93	1746085059.225199264
3643	0x300	44	00 03 5a 58 09 93 fa 53 bb 81	1746085059.22658785
3644	0x300	18	00 03 a5 04 00 15 01 87 04 00	1746085059.24933058
3645	0xa5fc	29	fc a5 7d 9d 00 00 00 00 a0 3a	1746085059.340304741
3646	0x300	206	00 03 5a 78 9c 5b c7 c0 cb d8	1746085059.391584444
3647	0xa5fc	29	fc a5 7d b2 00 00 00 00 80 76	1746085059.411127422
3648	0x1500	18	00 15 a5 01 89 cd 1c 00 00 00	1746085059.42756517
3649	0x300	44	00 03 5a 58 09 93 fa 53 3b 8b	1746085059.44387819
3650	0xa5fc	29	fc a5 7d a5 00 00 00 00 b0 d3	1746085059.475965504
3651	0x300	44	00 03 5a 58 09 93 fa 53 bb 94	1746085059.71736689
3652	0xd00	380	00 0d 5a 78 9c 55 c8 49 28 84	1746085060.231180587
3653	0xd00	378	00 0d 5a 78 9c 2d d0 49 28 c4	1746085060.231482881
3654	0xa5fc	29	fc a5 7d a0 00 00 00 00 40 26	1746085060.231812914
3655	0x300	18	00 03 a5 04 00 15 01 8a 04 00	1746085060.263412685
3656	0xa5fc	29	fc a5 7d 9f 00 00 00 00 a0 34	1746085060.343387146
3657	0x300	41	00 03 5a 58 09 93 fa 53 bb 89	1746085060.394392454
3658	0x300	118	00 03 5a 78 9c f3 60 e0 65 ec	1746085060.398145432
3659	0x1500	18	00 15 a5 01 8c 39 93 00 00 00	1746085060.423156392
3660	0xa5fc	29	fc a5 7d 9c 00 00 00 00 60 4f	1746085060.740443487
3661	0x300	57	00 03 5a 58 09 93 fa 53 7b 81	1746085060.740443717
3662	0x300	40	00 03 5a 58 09 93 fa 53 7b 98	1746085060.740443814
3663	0xa5fc	51	fc a5 7d 74 11 d3 02 00 00 00	1746085060.750202203
3664	0x300	73	00 03 5a 58 09 93 fa 53 7b 81	1746085060.827474796
3665	0xa5fc	51	fc a5 7d 88 11 d3 02 00 00 00	1746085061.037305402
3666	0x300	73	00 03 5a 58 09 93 fa 53 7b 81	1746085061.039253854
3667	0x300	294	00 03 5a 58 09 93 fa 53 7b 96	1746085061.073373344
3668	0x300	155	00 03 5a 58 09 93 fa 53 bb 98	1746085061.083589671
3669	0xd00	376	00 0d 5a 78 9c 55 d1 4b 28 44	1746085061.242942749
3670	0xd00	380	00 0d 5a 78 9c 2d d0 4d 28 03	1746085061.243284247
3671	0x1500	18	00 15 a5 01 8d 09 05 00 00 00	1746085061.276631818
3672	0x1500	18	00 15 a5 01 8e 58 bf 00 00 00	1746085061.291365502
3673	0xa5fc	29	fc a5 7d 9f 00 00 00 00 d0 31	1746085061.340123402
3674	0x300	144	00 03 a5 59 00 0d 01 8f 9f 04	1746085061.412808816
3675	0x300	37	00 03 a5 1a fc 7d a3 00 00 00	1746085061.436885425
3676	0xa5fc	29	fc a5 7d 9d 00 00 00 00 30 31	1746085061.534106265
3677	0xa5fc	51	fc a5 7d b3 11 d3 02 00 00 00	1746085061.722932265
3678	0xa5fc	29	fc a5 7d aa 00 00 00 00 40 e7	1746085061.790372657
3679	0x600	4	00 06 04 96	1746085061.856908099
3680	0xa5fc	29	fc a5 7d aa 00 00 00 00 30 e7	1746085061.91962904
3681	0x300	44	00 03 5a 58 09 93 fa 53 bb 8a	1746085062.174029697
3682	0x300	43	00 03 5a 58 09 93 fa 53 7b 81	1746085062.174586712
3683	0x300	44	00 03 5a 58 09 93 fa 53 7b 8a	1746085062.178976026
3684	0xd00	409	00 0d 5a 78 9c 55 d0 cb 4b 54	1746085062.246872338
3685	0xd00	421	00 0d 5a 78 9c 25 d0 4b 48 94	1746085062.247344055
3686	0xa5fc	29	fc a5 7d c2 00 00 00 00 80 2e	1746085062.250187562
3687	0x300	18	00 03 a5 04 00 15 01 90 04 00	1746085062.277577258
3688	0x300	143	00 03 5a 78 9c 8b 64 e0 65 9c	1746085062.418638594
3689	0x300	44	00 03 5a 58 09 93 fa 53 bb 98	1746085062.435476747
3690	0xa5fc	29	fc a5 7d cb 00 00 00 00 90 0a	1746085062.502145501
3691	0x300	44	00 03 5a 58 09 93 fa 53 3b 97	1746085062.563780173
3692	0x300	143	00 03 5a 78 9c 33 f8 53 fb 43	1746085062.74781415
3693	0x300	44	00 03 5a 58 09 93 fa 53 7b 88	1746085062.773051773
3694	0x600	18	00 06 04 96 00 00 00 00 00 00	1746085062.781393135
3695	0x1500	18	00 15 a5 01 92 04 f0 00 00 00	1746085062.805698989
3696	0xa5fc	29	fc a5 7d 9d 00 00 00 00 50 32	1746085062.821560313
3697	0xa5fc	29	fc a5 7d cb 00 00 00 00 80 0c	1746085062.85390219
3698	0x300	41	00 03 5a 58 09 93 fa 53 3b 97	1746085062.886463342
3699	0x300	41	00 03 5a 58 09 93 fa 53 bb 8b	1746085063.096627705
3700	0xd00	450	00 0d 5a 78 9c 55 cf 4b 48 94	1746085063.267736614
3701	0xd00	489	00 0d 5a 78 9c 55 90 4f 48 14	1746085063.268428376
3702	0x300	18	00 03 a5 04 00 15 01 93 04 00	1746085063.305899687
3703	0x300	161	00 03 a5 6a 00 0d 01 95 32 02	1746085063.43572317
3704	0x1500	18	00 15 a5 01 95 91 53 00 00 00	1746085063.467084834
3705	0xa5fc	29	fc a5 7d a0 00 00 00 00 80 15	1746085063.483600078
3706	0xa5fc	29	fc a5 7d b0 00 00 00 00 f0 45	1746085063.579562569
3707	0xa5fc	29	fc a5 7d a5 00 00 00 00 40 c1	1746085063.611866427
3708	0x300	41	00 03 5a 58 09 93 fa 53 bb 81	1746085063.644332063
3709	0xa5fc	51	fc a5 7d 38 12 d3 02 00 00 00	1746085063.765024056
3710	0xa5fc	29	fc a5 7d b0 00 00 00 00 10 46	1746085063.805335787
3711	0x300	43	00 03 5a 58 09 93 fa 53 7b 9a	1746085063.837433991
3712	0xa5fc	51	fc a5 7d 4f 12 d3 02 00 00 00	1746085064.155182756
3713	0xa5fc	51	fc a5 7d 62 12 d3 02 00 00 00	1746085064.281348388
3714	0xd00	495	00 0d 5a 78 9c 55 90 5b 48 93	1746085064.281863028
3715	0xd00	503	00 0d 5a 78 9c 0d 90 5d 48 53	1746085064.282148153
3716	0xa5fc	29	fc a5 7d aa 00 00 00 00 60 e7	1746085064.30133786
3717	0x300	18	00 03 a5 04 00 15 01 96 04 00	1746085064.336257058
3718	0x300	43	00 03 5a 58 09 93 fa 53 bb 80	1746085064.352610222
3719	0x300	41	00 03 5a 58 09 93 fa 53 bb 8a	1746085064.4170864
3720	0xd00	126	00 0d a5 01 98 38 fb c3 4c 7f	1746085064.445688943
3721	0xa5fc	29	fc a5 7d 9a 00 00 00 00 40 59	1746085064.449258123
3722	0x1500	18	00 15 a5 01 98 ed ee 00 00 00	1746085064.481397364
3723	0x300	44	00 03 5a 58 09 93 fa 53 bb 94	1746085064.578669286
3724	0x900	18	00 09 a5 03 6d 79 2a 58 15 00	1746085064.643131245
3725	0x900	18	00 09 a5 03 6d 79 2a 58 15 00	1746085064.6589344
3726	0x300	59	00 03 a5 30 fc 7d 74 12 d3 02	1746085064.717648669
3727	0xa5fc	29	fc a5 7d 9f 00 00 00 00 50 23	1746085064.771547015
3728	0x300	43	00 03 5a 58 09 93 fa 53 7b 98	1746085064.827616124
3729	0xa5fc	29	fc a5 7d 9d 00 00 00 00 a0 3a	1746085064.836686449
3730	0xa5fc	51	fc a5 7d 88 12 d3 02 00 00 00	1746085065.030997459
3731	0x300	44	00 03 5a 58 09 93 fa 53 bb 81	1746085065.033182453
3732	0xa5fc	29	fc a5 7d ba 00 00 00 00 a0 1a	1746085065.247339723
3733	0xa5fc	29	fc a5 7d 9c 00 00 00 00 70 5d	1746085065.247820332
3734	0xd00	487	00 0d 5a 78 9c 55 cf 41 48 93	1746085065.281005425
3735	0xd00	497	00 0d 5a 78 9c 15 cf 5f 48 93	1746085065.281474603
3736	0x300	18	00 03 a5 04 00 15 01 99 04 00	1746085065.303724333
3737	0x300	55	00 03 5a 58 09 93 fa 53 bb 89	1746085065.383918459
3738	0x300	144	00 03 a5 59 00 0d 01 9b 50 f3	1746085065.452562194
3739	0x300	37	00 03 a5 1a fc 7d cc 00 00 00	1746085065.481744464
3740	0x300	43	00 03 5a 58 09 93 fa 53 3b 9f	1746085065.758622992
3741	0x300	54	00 03 5a 58 09 93 fa 53 bb 8a	1746085065.758624834
3742	0x300	67	00 03 5a 58 09 93 fa 53 bb 8a	1746085065.835847298
3743	0xa5fc	29	fc a5 7d b0 00 00 00 00 c0 44	1746085065.900771035
3744	0x300	44	00 03 5a 58 09 93 fa 53 bb 81	1746085065.965276025
3745	0xa5fc	29	fc a5 7d ca 00 00 00 00 b0 00	1746085065.997849379
3746	0xa5fc	29	fc a5 7d 9d 00 00 00 00 40 40	1746085066.168205724
3747	0xd00	490	00 0d 5a 78 9c 55 c8 6f 68 8c	1746085066.279055601
3748	0xd00	498	00 0d 5a 78 9c 55 c8 5d 48 53	1746085066.27935403
3749	0x300	18	00 03 a5 04 00 15 01 9c 04 00	1746085066.304988839
3750	0x300	144	00 03 a5 59 00 0d 01 9e d5 ec	1746085066.442444564
3751	0x300	44	00 03 5a 58 09 93 fa 53 7b 86	1746085066.444400112
3752	0x1500	18	00 15 a5 01 9e 48 db 00 00 00	1746085066.465041064
3753	0xa5fc	29	fc a5 7d cd 00 00 00 00 80 fa	1746085066.52992031
3754	0xa5fc	29	fc a5 7d d0 02 00 00 00 60 1a	1746085066.562029757
3755	0x300	46	00 03 5a 58 09 93 fa 53 7b 81	1746085066.594422156
3756	0x300	43	00 03 5a 58 09 93 fa 53 7b 80	1746085066.625949766
3757	0x300	54	00 03 5a 58 09 93 fa 53 3b 9f	1746085066.922352379
3758	0x300	65	00 03 5a 58 09 93 fa 53 3b 9f	1746085066.979788713
3759	0x300	57	00 03 5a 58 09 93 fa 53 bb 81	1746085067.191722532
3760	0xd00	500	00 0d 5a 78 9c 55 cf 5f 48 53	1746085067.289298493
3761	0xd00	497	00 0d 5a 78 9c 55 d0 4d 48 54	1746085067.289939267
3762	0xa5fc	29	fc a5 7d ca 00 00 00 00 00 01	1746085067.302635661
3763	0x300	18	00 03 a5 04 00 15 01 9f 04 00	1746085067.318325251
3764	0x300	41	00 03 5a 58 09 93 fa 53 7b 8a	1746085067.367211943
3765	0xa5fc	29	fc a5 7d a3 00 00 00 00 e0 3d	1746085067.432212628
3766	0x300	161	00 03 a5 6a 00 0d 01 a1 7b ea	1746085067.455156597
3767	0x1500	18	00 15 a5 01 a1 65 e6 00 00 00	1746085067.48049057
3768	0xa5fc	29	fc a5 7d d0 02 00 00 00 30 1a	1746085067.704648677
3769	0x300	64	00 03 5a 58 09 93 fa 53 7b 81	1746085067.755054271
3770	0xa5fc	29	fc a5 7d 9f 00 00 00 00 70 2d	1746085067.851801892
3771	0xa5fc	29	fc a5 7d 9f 00 00 00 00 70 2d	1746085067.88413406
3772	0x300	54	00 03 5a 58 09 93 fa 53 3b 8b	1746085067.981167432
3773	0xa5fc	29	fc a5 7d c2 00 00 00 00 80 2e	1746085068.014271945
3774	0xa5fc	29	fc a5 7d 9c 00 00 00 00 d0 65	1746085068.215664995
3775	0xa5fc	29	fc a5 7d 9d 00 00 00 00 30 49	1746085068.238127909
3776	0xa5fc	51	fc a5 7d 61 13 d3 02 00 00 00	1746085068.297202097
3777	0xd00	497	00 0d 5a 78 9c 55 cc 5d 6c 4b	1746085068.297550803
3778	0xd00	498	00 0d 5a 78 9c 0d d0 4b 48 94	1746085068.304197669
3779	0x1500	18	00 15 a5 01 a2 34 5c 00 00 00	1746085068.319561102
3780	0x1500	18	00 15 a5 01 a3 04 ca 00 00 00	1746085068.334903116
3781	0xa5fc	29	fc a5 7d cd 00 00 00 00 50 fa	1746085068.432044816
3782	0xd00	109	00 0d a5 01 a4 aa ea c3 27 85	1746085068.448461422
3783	0x1500	18	00 15 a5 01 a4 91 69 00 00 00	1746085068.481046253
3786	0xa5fc	51	fc a5 7d 74 13 d3 02 00 00 00	1746085068.659057412
3787	0xa5fc	29	fc a5 7d aa 00 00 00 00 90 e7	1746085068.720858681
3788	0xa5fc	29	fc a5 7d a3 00 00 00 00 50 39	1746085068.786403094
3789	0x300	76	00 03 5a 58 09 93 fa 53 bb 98	1746085068.933697263
3790	0x300	65	00 03 5a 58 09 93 fa 53 3b 8b	1746085068.947769563
3791	0xa5fc	51	fc a5 7d 86 13 d3 02 00 00 00	1746085068.948473479
3792	0x300	61	00 03 5a 58 09 93 fa 53 3b 9f	1746085068.979622943
3793	0x300	44	00 03 5a 58 09 93 fa 53 3b 9f	1746085069.043398248
3794	0xa5fc	29	fc a5 7d ba 00 00 00 00 80 2e	1746085069.075565721
3795	0xa5fc	29	fc a5 7d c2 00 00 00 00 80 2e	1746085069.140358056
3796	0x300	41	00 03 5a 58 09 93 fa 53 7b 81	1746085069.173430532
3797	0xa5fc	51	fc a5 7d 9a 13 d3 02 00 00 00	1746085069.220629697
3798	0x300	44	00 03 5a 58 09 93 fa 53 3b 97	1746085069.241411237
3799	0xd00	495	00 0d 5a 78 9c 55 ca 5f 48 53	1746085069.30405436
3800	0xd00	492	00 0d 5a 78 9c 0d d0 4b 48 d4	1746085069.30434002
3801	0x300	18	00 03 a5 04 00 15 01 a5 04 00	1746085069.333166087
3802	0x300	161	00 03 a5 6a 00 0d 01 a7 d9 ea	1746085069.471338387
3803	0xa5fc	29	fc a5 7d cc 00 00 00 00 d0 71	1746085069.49485255
3804	0x1500	18	00 15 a5 01 a7 c0 d3 00 00 00	1746085069.510537692
3805	0xa5fc	29	fc a5 7d ab 00 00 00 00 70 63	1746085069.525837458
3806	0xa5fc	29	fc a5 7d a5 00 00 00 00 70 d9	1746085069.59059211
3807	0x300	63	00 03 5a 58 09 93 fa 53 bb 8b	1746085069.624678854
3808	0x300	41	00 03 5a 58 09 93 fa 53 bb 8a	1746085069.751834799
3809	0x300	54	00 03 5a 58 09 93 fa 53 bb 80	1746085069.768484546
3810	0x300	45	00 03 5a 58 09 93 fa 53 7b 98	1746085069.8005351
3811	0x300	58	00 03 5a 58 09 93 fa 53 3b 9f	1746085069.86599615
3812	0x300	41	00 03 5a 58 09 93 fa 53 3b 9f	1746085069.929152747
3813	0xd00	490	00 0d 5a 78 9c 55 cf 4b 48 54	1746085070.318838744
3814	0xd00	498	00 0d 5a 78 9c 0d d0 3b 68 53	1746085070.320035992
3815	0x300	44	00 03 5a 58 09 93 fa 53 bb 80	1746085070.320864224
3816	0x1500	18	00 15 a5 01 a8 dd 42 00 00 00	1746085070.348413401
3817	0x1500	18	00 15 a5 01 a9 ed d4 00 00 00	1746085070.369167716
3818	0x300	212	00 03 a5 9d 00 0d 01 aa 0b eb	1746085070.492121749
3819	0x1500	18	00 15 a5 01 aa bc 6e 00 00 00	1746085070.525649866
3820	0x700	34	00 07 5a 78 9c 8b fc c3 c0 c0	1746085070.534040499
3821	0x800	34	00 08 5a 58 09 8b fc c3 c0 c0	1746085070.55440792
3822	0x300	44	00 03 5a 58 09 93 fa 53 bb 8b	1746085070.639532455
3823	0xa5fc	29	fc a5 7d ca 00 00 00 00 30 08	1746085070.704187239
3824	0x300	61	00 03 5a 58 09 93 fa 53 3b 9f	1746085070.879366449
3825	0x300	44	00 03 5a 58 09 93 fa 53 3b 9f	1746085070.9620642
3826	0x900	13	00 09 a5 01 ab 5d 07 87 00 00	1746085070.993431059
3827	0xa5fc	29	fc a5 7d ca 00 00 00 00 90 08	1746085070.994237721
3828	0x300	27	00 03 a5 04 00 15 01 ab 05 b1	1746085071.026068344
3829	0x900	18	00 09 a5 03 6e 72 02 00 00 00	1746085071.042164295
3830	0x900	18	00 09 a5 03 6f bc 16 00 00 00	1746085071.185459135
3831	0x1500	7	00 15 a5 03 6f e8 d3	1746085071.202564121
3832	0xd00	502	00 0d 5a 78 9c 55 cc 5d 48 53	1746085071.330067027
3833	0xd00	501	00 0d 5a 78 9c 55 8f 5d 48 93	1746085071.330400341
3834	0xa5fc	29	fc a5 7d 9d 00 00 00 00 40 40	1746085071.33200427
3835	0x300	18	00 03 a5 04 00 15 01 ac 04 00	1746085071.36618623
3836	0x300	195	00 03 a5 8c 00 0d 01 ae da f2	1746085071.496164012
3837	0x1500	18	00 15 a5 01 ae 78 77 00 00 00	1746085071.52747533
3838	0xa5fc	29	fc a5 7d a5 00 00 00 00 d0 e3	1746085071.802768781
3839	0xa5fc	29	fc a5 7d cc 00 00 00 00 70 79	1746085071.80336121
3840	0x600	18	00 06 04 96 00 00 00 00 00 00	1746085071.803361339
3841	0xa5fc	51	fc a5 7d 4b 14 d3 02 00 00 00	1746085071.995263461
3842	0x300	57	00 03 5a 58 09 93 fa 53 7b 80	1746085072.212415512
3843	0x900	18	00 09 a5 03 70 e8 08 23 02 a4	1746085072.212415816
3844	0x900	18	00 09 a5 03 70 e8 08 23 02 a4	1746085072.212932751
3845	0xa5fc	29	fc a5 7d 9f 00 00 00 00 90 41	1746085072.219291294
3846	0xa5fc	29	fc a5 7d 9f 00 00 00 00 90 41	1746085072.25128143
3847	0x300	59	00 03 a5 30 fc 7d 5d 14 d3 02	1746085072.285886926
3848	0xd00	507	00 0d 5a 78 9c 55 cf 5b 48 d3	1746085072.348807133
3849	0xd00	508	00 0d 5a 78 9c 0d d0 db 4b 93	1746085072.351192563
3850	0x300	18	00 03 a5 04 00 15 01 af 04 00	1746085072.383823058
3851	0x300	144	00 03 a5 59 00 0d 01 b1 a7 00	1746085072.498859514
3852	0x1500	18	00 15 a5 01 b1 75 82 00 00 00	1746085072.525267801
3853	0xa5fc	29	fc a5 7d 9d 00 00 00 00 a0 3a	1746085072.623842341
3854	0x300	41	00 03 5a 58 09 93 fa 53 bb 94	1746085072.824533169
3855	0xa5fc	29	fc a5 7d 9f 00 00 00 00 80 44	1746085072.824533575
3856	0x900	23	00 09 a5 01 b2 00 19 06 9d 10	1746085072.889143844
3857	0x1500	18	00 15 a5 01 b2 24 38 00 00 00	1746085072.916712081
3858	0x900	21	00 09 a5 03 71 3f 21 7c 00 00	1746085072.944623477
3859	0x900	21	00 09 a5 03 71 3f 21 7c 00 00	1746085072.960484228
3860	0xa5fc	29	fc a5 7d a5 00 00 00 00 d0 e2	1746085072.97602284
3861	0x300	44	00 03 5a 58 09 93 fa 53 bb 94	1746085073.008515441
3862	0xa5fc	29	fc a5 7d c0 00 00 00 00 80 19	1746085073.040968956
3863	0x300	74	00 03 a5 30 fc 7d 90 14 d3 02	1746085073.074953674
3864	0x1500	18	00 15 a5 01 b3 14 ae 00 00 00	1746085073.105517263
3865	0xa5fc	29	fc a5 7d ca 00 00 00 00 00 06	1746085073.238165701
3866	0x300	41	00 03 5a 58 09 93 fa 53 7b 8a	1746085073.266384853
3867	0xa5fc	29	fc a5 7d c2 00 00 00 00 70 1b	1746085073.299040781
3868	0xa5fc	51	fc a5 7d 9d 14 d3 02 00 00 00	1746085073.347936373
3869	0xd00	495	00 0d 5a 78 9c 55 cf 4d 48 94	1746085073.349955019
3870	0xd00	495	00 0d 5a 78 9c 0d cf 5d 48 93	1746085073.352493467
3871	0x300	18	00 03 a5 04 00 15 01 b4 04 00	1746085073.37818647
3872	0x300	227	00 03 5a 58 09 63 67 e0 64 2e	1746085073.394709484
3873	0x300	200	00 03 5a 58 09 63 67 e0 64 2e	1746085073.410866186
3874	0xa5fc	29	fc a5 7d 87 00 00 00 00 80 db	1746085073.42739316
3875	0x300	64	00 03 5a 58 09 93 fa 53 3b 9f	1746085073.45982147
3876	0x300	57	00 03 5a 58 09 93 fa 53 3b 87	1746085073.492563027
3877	0x300	66	00 03 a5 37 00 0d 01 b6 06 08	1746085073.49795621
3878	0x300	62	00 03 5a 58 09 63 61 10 65 dc	1746085073.524483926
3879	0xa5fc	29	fc a5 7d d0 02 00 00 00 90 19	1746085073.589487972
3880	0xa5fc	51	fc a5 7d a5 14 d3 02 00 00 00	1746085073.68641793
3881	0xa5fc	29	fc a5 7d ca 00 00 00 00 80 05	1746085073.951973607
3882	0x300	43	00 03 5a 58 09 93 fa 53 3b 87	1746085073.951973766
3883	0xa5fc	51	fc a5 7d a7 14 d3 02 00 00 00	1746085073.956508334
3884	0xa5fc	29	fc a5 7d a3 00 00 00 00 70 45	1746085074.257678679
3885	0x900	18	00 09 a5 03 79 81 17 00 01 00	1746085074.257678919
3886	0x900	18	00 09 a5 03 79 81 17 00 01 00	1746085074.258164685
3887	0x300	59	00 03 a5 04 00 15 03 79 30 fc	1746085074.354343695
3888	0xd00	490	00 0d 5a 78 9c 55 8f 5f 48 93	1746085074.354544052
3889	0xd00	484	00 0d 5a 78 9c 55 cc 5d 68 cd	1746085074.354991427
3890	0x300	18	00 03 a5 04 00 15 01 b7 04 00	1746085074.379531443
3891	0xa5fc	29	fc a5 7d a3 00 00 00 00 70 45	1746085074.396176604
3892	0xd00	126	00 0d a5 01 b9 53 0e c4 22 ae	1746085074.504568157
3893	0xa5fc	29	fc a5 7d ab 00 00 00 00 70 49	1746085074.524695176
3894	0x1500	18	00 15 a5 01 b9 fd b0 00 00 00	1746085074.540601148
3895	0x300	63	00 03 5a 58 09 93 fa 53 3b 9f	1746085074.623742038
3896	0x300	43	00 03 5a 58 09 93 fa 53 3b 9f	1746085074.686530259
3897	0xa5fc	29	fc a5 7d aa 00 00 00 00 20 e8	1746085074.751086211
3898	0x5afc	49	fc 5a 78 9c ab 5d 29 72 99 89	1746085074.755988736
3899	0x300	42	00 03 5a 58 09 93 fa 53 7b 98	1746085074.815874051
3900	0x5afc	49	fc 5a 78 9c ab 5d 25 72 99 89	1746085075.050691832
3901	0xa5fc	29	fc a5 7d 9c 00 00 00 00 c0 62	1746085075.090264241
3902	0x300	44	00 03 5a 58 09 93 fa 53 3b 87	1746085075.187236939
3903	0xa5fc	51	fc a5 7d ab 14 d3 02 00 00 00	1746085075.357790047
3904	0xd00	486	00 0d 5a 78 9c 55 cf 4d 48 54	1746085075.358100283
3905	0xd00	319	00 0d 5a 78 9c 55 cc 4d 28 c3	1746085075.358377564
3906	0xa5fc	29	fc a5 7d a0 00 00 00 00 90 3e	1746085075.359903649
3907	0x300	18	00 03 a5 04 00 15 01 ba 04 00	1746085075.384466871
3908	0x300	46	00 03 5a 58 09 93 fa 53 6b c3	1746085075.446550496
3909	0x300	56	00 03 5a 58 09 93 fa 53 bb 80	1746085075.696206686
3910	0x300	102	00 03 5a 58 09 63 2b 2f bc cc	1746085075.696207018
3911	0x300	52	00 03 a5 09 00 09 03 7a b1 37	1746085075.696953304
3912	0xa5fc	29	fc a5 7d 9f 00 00 00 00 70 3e	1746085075.704606926
3913	0x300	59	00 03 a5 30 fc 7d ac 14 d3 02	1746085075.734171789
3914	0x300	44	00 03 5a 58 09 93 fa 53 3b 9f	1746085075.833979318
3915	0xa5fc	29	fc a5 7d ba 00 00 00 00 80 2e	1746085075.898592076
3916	0x5afc	49	fc 5a 78 9c ab 5d 2b 72 99 89	1746085076.022657315
3917	0xa5fc	29	fc a5 7d a5 00 00 00 00 b0 d3	1746085076.027067375
3918	0xa5fc	29	fc a5 7d c2 00 00 00 00 80 19	1746085076.205646323
3919	0xa5fc	29	fc a5 7d 9c 00 00 00 00 50 5e	1746085076.219959588
3920	0x300	44	00 03 5a 58 09 93 fa 53 bb 94	1746085076.252453489
3921	0x300	62	00 03 5a 58 09 93 fa 53 3b 87	1746085076.349438057
3922	0x300	89	00 03 5a 58 09 63 2b 2f 6c 67	1746085076.41434956
3923	0x300	59	00 03 a5 10 00 09 03 7c 28 28	1746085076.430358738
3924	0x300	207	00 03 5a 78 9c 3b c4 c0 c9 b8	1746085076.546446473
3925	0x1500	18	00 15 a5 01 bc 09 3f 00 00 00	1746085076.575482236
3926	0xa5fc	29	fc a5 7d 3c 01 00 00 00 b0 32	1746085076.640242974
3927	0x300	44	00 03 5a 58 09 93 fa 53 bb 80	1746085076.672591486
3928	0x300	40	00 03 5a 58 09 93 fa 53 7b 98	1746085076.705014276
3929	0x300	73	00 03 5a 58 09 93 fa 53 bb 94	1746085076.737667281
3930	0x300	51	00 03 5a 58 09 93 fa 53 7b 98	1746085076.76985129
3931	0xa5fc	29	fc a5 7d 9f 00 00 00 00 d0 3a	1746085077.127430238
3932	0x300	44	00 03 5a 58 09 93 fa 53 3b 9f	1746085077.327198236
3933	0x900	19	00 09 a5 03 7e 28 28 d3 02 59	1746085077.327269377
3934	0x900	19	00 09 a5 03 7e 28 28 d3 02 59	1746085077.32797154
3935	0xa5fc	29	fc a5 7d 9d 00 00 00 00 c0 26	1746085077.335033116
3936	0xa5fc	29	fc a5 7d a0 00 00 00 00 b0 3c	1746085077.43201211
3937	0x300	41	00 03 5a 58 09 93 fa 53 bb 80	1746085077.495969754
3938	0x300	95	00 03 5a 78 9c 63 61 10 65 ae	1746085077.500031514
3939	0x1500	18	00 15 a5 01 bd 39 a9 00 00 00	1746085077.528554209
3940	0xa5fc	29	fc a5 7d 9c 00 00 00 00 c0 58	1746085077.624606638
3941	0x900	18	00 09 00 08 00 00 5b bf 00 00	1746085077.721594803
3942	0x1500	6	00 15 00 08 36 c0	1746085077.727351334
3943	0x900	18	00 09 00 08 00 00 5b bf 00 00	1746085077.740354862
3944	0x1500	6	00 15 00 08 36 c0	1746085077.743111946
3945	0x300	59	00 03 a5 1a fc 7d 9c 00 00 00	1746085077.753007692
3946	0x300	46	00 03 5a 58 09 93 fa 53 6b c3	1746085077.947635584
3947	0xa5fc	29	fc a5 7d 9f 00 00 00 00 00 38	1746085078.353660297
3948	0x300	43	00 03 5a 58 09 93 fa 53 3b 97	1746085078.35366069
3949	0x300	159	00 03 5a 58 09 63 2b 2f bc cc	1746085078.397180851
3950	0x300	52	00 03 a5 09 00 09 03 7f b1 37	1746085078.41316418
3951	0x300	90	00 03 5a 78 9c d3 64 e0 64 dc	1746085078.556882805
3952	0x1500	18	00 15 a5 01 be 68 13 00 00 00	1746085078.590277638
3953	0x300	54	00 03 5a 58 09 93 fa 53 3b 87	1746085078.963344561
3954	0x300	64	00 03 5a 58 09 93 fa 53 3b 87	1746085078.964046074
3955	0xa5fc	29	fc a5 7d 9f 00 00 00 00 20 36	1746085079.040860992
3956	0x300	99	00 03 5a 58 09 63 2b 2f 6c 67	1746085079.481611116
3957	0x300	59	00 03 a5 10 00 09 03 81 28 28	1746085079.481611324
3958	0xa5fc	29	fc a5 7d ab 00 00 00 00 60 2f	1746085079.526110316
3959	0x300	189	00 03 5a 78 9c 5b c0 c0 c9 b8	1746085079.584949043
3960	0xa5fc	29	fc a5 7d 3c 01 00 00 00 90 38	1746085079.589560854
3961	0x300	37	00 03 a5 1a fc 7d d0 02 00 00	1746085079.623570342
3962	0x300	46	00 03 5a 58 09 93 fa 53 6b c3	1746085079.686490046
3963	0xa5fc	29	fc a5 7d aa 00 00 00 00 a0 e8	1746085079.750284633
3964	0x300	54	00 03 5a 58 09 93 fa 53 3b 87	1746085079.989760436
3965	0x300	56	00 03 5a 58 09 93 fa 53 3b 87	1746085080.073738073
3966	0x300	41	00 03 5a 58 09 93 fa 53 3b 9f	1746085080.106290248
3967	0xa5fc	29	fc a5 7d a5 00 00 00 00 40 c1	1746085080.503834112
3968	0x300	79	00 03 a5 18 00 09 01 c0 c6 46	1746085080.578455389
3969	0x1500	18	00 15 a5 01 c0 34 28 00 00 00	1746085080.607896161
3970	0xa5fc	29	fc a5 7d a0 00 00 00 00 c0 2d	1746085081.159186754
3971	0x300	84	00 03 5a 58 09 63 2b 2f bc cc	1746085081.251549278
3972	0x300	52	00 03 a5 09 00 09 03 83 b1 37	1746085081.251549894
3973	0xa5fc	29	fc a5 7d aa 00 00 00 00 c0 e8	1746085081.251550866
3974	0xa5fc	29	fc a5 7d 9f 00 00 00 00 50 39	1746085081.252915744
3975	0x300	104	00 03 5a 58 09 93 fa 53 3b 87	1746085081.349179618
3976	0x1500	7	00 15 a5 03 84 d3 23	1746085081.424486829
3977	0xa5fc	29	fc a5 7d 9c 00 00 00 00 40 4a	1746085081.47744789
3978	0x300	44	00 03 5a 58 09 93 fa 53 bb 94	1746085081.541358558
3979	0x300	79	00 03 a5 18 00 09 01 c1 c6 46	1746085081.612474849
3980	0x1500	18	00 15 a5 01 c1 04 be 00 00 00	1746085081.836699924
3981	0xa5fc	29	fc a5 7d a5 00 00 00 00 20 c2	1746085081.836700152
3982	0x300	41	00 03 5a 58 09 93 fa 53 bb 94	1746085081.83670022
3983	0x300	45	00 03 5a 58 09 93 fa 53 7b 98	1746085081.837708695
3984	0xa5fc	29	fc a5 7d ce 00 00 00 00 c0 e8	1746085081.863892532
3985	0x300	44	00 03 5a 58 09 93 fa 53 bb 8a	1746085082.245041793
3986	0xa5fc	29	fc a5 7d 9f 00 00 00 00 30 3c	1746085082.55228208
3987	0x300	66	00 03 a5 06 77 71 87 00 08 0a	1746085082.552954
3988	0x300	59	00 03 a5 10 00 09 03 85 28 28	1746085082.553040124
3989	0x300	60	00 03 5a 58 09 93 fa 53 3b 87	1746085082.5530402
3990	0xa5fc	29	fc a5 7d ba 00 00 00 00 00 0e	1746085082.607648608
3991	0x300	190	00 03 5a 78 9c 5b c0 c0 c9 78	1746085082.621901931
3992	0xa5fc	29	fc a5 7d 9c 00 00 00 00 d0 45	1746085082.640095255
3993	0x1500	18	00 15 a5 01 c2 55 04 00 00 00	1746085082.656185268
3994	0x300	41	00 03 5a 58 09 93 fa 53 7b 8e	1746085082.860325192
3995	0xa5fc	29	fc a5 7d a0 00 00 00 00 60 25	1746085082.947301146
3996	0xa5fc	29	fc a5 7d 9d 00 00 00 00 a0 3a	1746085083.01183022
3997	0x300	41	00 03 5a 58 09 93 fa 53 bb 8b	1746085083.045071074
3998	0x300	43	00 03 5a 58 09 93 fa 53 bb 80	1746085083.269625706
3999	0x900	19	00 09 a5 03 87 28 28 d3 02 43	1746085083.270195506
4000	0x900	19	00 09 a5 03 87 28 28 d3 02 43	1746085083.285490709
4001	0xa5fc	29	fc a5 7d ab 00 00 00 00 80 1b	1746085083.301588162
4002	0x1500	7	00 15 a5 03 87 82 99	1746085083.442266406
4003	0x300	79	00 03 a5 18 00 09 01 c3 c6 46	1746085083.630322074
4004	0x300	37	00 03 a5 04 00 15 01 c3 1a fc	1746085083.656357743
4005	0x300	63	00 03 5a 58 09 93 fa 53 3b 87	1746085083.884852037
4006	0x300	49	00 03 a5 06 77 71 d3 02 05 0a	1746085083.884852365
4007	0x900	38	00 09 5a 58 09 63 ee 10 cd 6f	1746085083.885434116
4008	0xa5fc	29	fc a5 7d 9f 00 00 00 00 c0 3f	1746085083.914977778
4009	0x1500	7	00 15 a5 03 88 9f 08	1746085084.06065419
4010	0xa5fc	29	fc a5 7d 3c 01 00 00 00 50 23	1746085084.075878583
4011	0x300	46	00 03 5a 58 09 93 fa 53 6b c3	1746085084.173700286
4012	0xa5fc	29	fc a5 7d a0 00 00 00 00 a0 21	1746085084.29338862
4013	0x300	43	00 03 5a 58 09 93 fa 53 bb 80	1746085084.303626009
4014	0xa5fc	29	fc a5 7d 9d 00 00 00 00 40 40	1746085084.335500647
4015	0x300	44	00 03 5a 58 09 93 fa 53 bb 9a	1746085084.367936591
4016	0x300	79	00 03 a5 18 00 09 01 c4 c6 46	1746085084.6198175
4017	0xa5fc	29	fc a5 7d d0 02 00 00 00 e0 1a	1746085084.626304455
4018	0x1500	18	00 15 a5 01 c4 f0 31 00 00 00	1746085084.659044157
4019	0xa5fc	29	fc a5 7d 9f 00 00 00 00 a0 42	1746085085.009682625
4020	0x300	54	00 03 5a 58 09 93 fa 53 3b 87	1746085085.078288051
4021	0xa5fc	29	fc a5 7d 3c 01 00 00 00 80 1e	1746085085.175579181
4022	0x300	67	00 03 5a 58 09 93 fa 53 3b 87	1746085085.210030525
4023	0x300	41	00 03 5a 58 09 93 fa 53 3b 9f	1746085085.420898313
4024	0x300	89	00 03 5a 58 09 63 2b 2f 6c 67	1746085085.449281646
4025	0x300	59	00 03 a5 10 00 09 03 89 28 28	1746085085.465395443
4026	0x300	206	00 03 5a 78 9c 63 61 10 65 ee	1746085085.615476033
4027	0x1500	18	00 15 a5 01 c5 c0 a7 00 00 00	1746085085.64317343
4028	0x300	65	00 03 5a 58 09 93 fa 53 bb 94	1746085085.708903892
4029	0xa5fc	29	fc a5 7d cb 00 00 00 00 00 08	1746085085.930079587
4030	0x300	46	00 03 5a 58 09 93 fa 53 6b c3	1746085086.240802418
4031	0xa5fc	29	fc a5 7d 9c 00 00 00 00 60 37	1746085086.240863372
4032	0xa5fc	29	fc a5 7d ce 00 00 00 00 a0 d6	1746085086.289291451
4033	0x300	43	00 03 5a 58 09 93 fa 53 3b 87	1746085086.353711086
4034	0x300	57	00 03 5a 58 09 93 fa 53 3b 97	1746085086.418598331
4035	0x300	79	00 03 a5 18 00 09 01 c6 c6 46	1746085086.645918183
4036	0x300	49	00 03 a5 06 77 71 d3 02 05 0a	1746085086.649443805
4037	0x900	38	00 09 5a 58 09 63 ee 16 cd 6f	1746085086.650025926
4038	0xa5fc	29	fc a5 7d 9f 00 00 00 00 a0 3e	1746085086.650136868
4039	0x300	54	00 03 5a 58 09 93 fa 53 7b 98	1746085086.650136951
4040	0x1500	18	00 15 a5 01 c6 91 1d 00 00 00	1746085086.680016811
4041	0x600	18	00 06 04 96 00 00 00 00 00 00	1746085086.747219944
4042	0xa5fc	29	fc a5 7d cb 00 00 00 00 80 0c	1746085086.773419626
4043	0x300	43	00 03 5a 58 09 93 fa 53 7b 81	1746085086.805662157
4044	0x1500	7	00 15 a5 03 8b ce b2	1746085086.831976033
4045	0x300	44	00 03 5a 58 09 93 fa 53 3b 9f	1746085086.870373703
4046	0x300	57	00 03 5a 58 09 93 fa 53 bb 8a	1746085087.261670257
4047	0xa5fc	29	fc a5 7d aa 00 00 00 00 30 e7	1746085087.275132294
4048	0xa5fc	29	fc a5 7d 3c 01 00 00 00 40 24	1746085087.33926091
4049	0x300	62	00 03 5a 58 09 93 fa 53 3b 87	1746085087.371788384
4050	0x300	44	00 03 5a 58 09 93 fa 53 3b 97	1746085087.436749644
4051	0x300	65	00 03 5a 58 09 93 fa 53 3b 87	1746085087.501561949
4052	0x300	120	00 03 5a 78 9c f3 66 e0 64 3c	1746085087.650868428
4053	0x1500	18	00 15 a5 01 c7 a1 8b 00 00 00	1746085087.679299451
4054	0x300	41	00 03 5a 58 09 93 fa 53 7b 80	1746085087.759474173
4055	0x300	43	00 03 5a 58 09 93 fa 53 7b 9a	1746085087.824437922
4056	0xa5fc	29	fc a5 7d 9f 00 00 00 00 80 39	1746085087.889218836
4057	0x300	43	00 03 5a 58 09 93 fa 53 7b 88	1746085087.921456552
4058	0x300	44	00 03 5a 58 09 93 fa 53 3b 9f	1746085088.017785084
4059	0xa5fc	29	fc a5 7d ba 00 00 00 00 20 0c	1746085088.050144714
4060	0x300	66	00 03 a5 06 77 71 87 00 08 0a	1746085088.489132463
4061	0x300	59	00 03 a5 10 00 09 03 8c 28 28	1746085088.489132867
4062	0x300	151	00 03 5a 78 9c 63 61 10 65 ee	1746085088.66206096
4063	0x900	18	00 09 a5 03 8e e8 08 23 02 4a	1746085088.664234617
4064	0x1500	18	00 15 a5 01 c8 bc 1a 00 00 00	1746085088.696201608
4065	0x900	18	00 09 a5 03 8e e8 08 23 02 4a	1746085088.71081957
4066	0x1500	7	00 15 a5 03 8e 3a 3d	1746085088.850120691
4067	0xa5fc	29	fc a5 7d 9c 00 00 00 00 70 2d	1746085088.852360463
4068	0x300	43	00 03 5a 58 09 93 fa 53 3b 87	1746085088.920812446
4069	0xa5fc	29	fc a5 7d a5 00 00 00 00 d0 e3	1746085089.108236204
4070	0x300	86	00 03 5a 58 09 63 2b 2f bc cc	1746085089.413945691
4071	0x300	58	00 03 5a 58 09 53 61 e0 64 ee	1746085089.41394599
4072	0xa5fc	29	fc a5 7d ab 00 00 00 00 90 35	1746085089.414516742
4073	0x300	44	00 03 5a 58 09 93 fa 53 3b 9f	1746085089.436669344
4074	0xa5fc	29	fc a5 7d 9d 00 00 00 00 40 40	1746085089.533683356
4075	0xa5fc	29	fc a5 7d ba 00 00 00 00 80 0b	1746085089.564834557
4076	0x300	84	00 03 a5 04 00 15 03 90 18 00	1746085089.590977439
4077	0x1500	18	00 15 a5 01 c9 8c 8c 00 00 00	1746085089.61321876
4078	0x300	56	00 03 5a 58 09 93 fa 53 3b 87	1746085090.027149108
4079	0x300	41	00 03 5a 58 09 93 fa 53 3b 87	1746085090.065862447
4080	0x300	65	00 03 5a 58 09 93 fa 53 bb 94	1746085090.131857921
4081	0xa5fc	29	fc a5 7d c2 00 00 00 00 80 25	1746085090.195339016
4082	0xa5fc	29	fc a5 7d 9c 00 00 00 00 50 28	1746085090.227495526
4083	0xa5fc	29	fc a5 7d 9f 00 00 00 00 40 2e	1746085090.437068421
4084	0x300	60	00 03 5a 58 09 93 fa 53 3b 9f	1746085090.454888556
4085	0x300	103	00 03 5a 78 9c b3 62 e0 64 3c	1746085090.686866557
4086	0x1500	18	00 15 a5 01 ca dd 36 00 00 00	1746085090.727036056
4087	0xa5fc	29	fc a5 7d 9d 00 00 00 00 a0 3a	1746085090.948937442
4088	0xa5fc	29	fc a5 7d a0 00 00 00 00 20 1c	1746085090.968890789
4089	0xa5fc	29	fc a5 7d a0 00 00 00 00 20 1c	1746085091.153582488
4090	0x300	43	00 03 5a 58 09 93 fa 53 7b 88	1746085091.161997932
4091	0x300	60	00 03 5a 58 09 93 fa 53 3b 87	1746085091.460943888
4092	0x300	106	00 03 5a 58 09 63 2b 2f 6c 67	1746085091.485264117
4093	0x300	71	00 03 5a 58 09 13 60 e0 64 9e	1746085091.501447135
4094	0x900	29	00 09 a5 03 94 24 10 00 00 00	1746085091.517843314
4095	0x300	170	00 03 5a 78 9c 63 61 10 65 9e	1746085091.65338705
4096	0x300	45	00 03 5a 58 09 93 fa 53 7b 98	1746085091.655725836
4097	0x1500	18	00 15 a5 01 cb ed a0 00 00 00	1746085091.680382346
4098	0xa5fc	29	fc a5 7d 3c 01 00 00 00 70 39	1746085091.776877933
4099	0xa5fc	29	fc a5 7d d0 02 00 00 00 50 1a	1746085091.808960592
4100	0x300	40	00 03 5a 58 09 93 fa 53 7b 98	1746085091.84142823
4101	0x300	84	00 03 5a 58 09 63 2b 2f bc cc	1746085092.074253075
4102	0x300	52	00 03 a5 09 00 09 03 95 b1 37	1746085092.074253531
4103	0x300	51	00 03 5a 58 09 93 fa 53 7b 98	1746085092.098171298
4104	0x1500	7	00 15 a5 03 96 a2 6b	1746085092.24866178
4105	0xa5fc	29	fc a5 7d a0 00 00 00 00 a0 20	1746085092.487035144
4106	0x300	57	00 03 5a 58 09 93 fa 53 bb 80	1746085092.502879559
4107	0xa5fc	29	fc a5 7d 9c 00 00 00 00 90 2d	1746085092.534917726
4108	0x300	44	00 03 5a 58 09 93 fa 53 3b 87	1746085092.632370912
4109	0xa5fc	29	fc a5 7d 9f 00 00 00 00 90 23	1746085092.696762691
4110	0x300	79	00 03 a5 18 00 09 01 cc c6 46	1746085092.707647565
4111	0x1500	18	00 15 a5 01 cc 78 03 00 00 00	1746085092.729113596
4112	0x300	44	00 03 5a 58 09 93 fa 53 3b 9f	1746085092.761524889
4113	0xa5fc	29	fc a5 7d 9f 00 00 00 00 50 23	1746085092.793837215
4114	0x300	46	00 03 5a 58 09 93 fa 53 6b c3	1746085092.825917483
4115	0xa5fc	29	fc a5 7d 9d 00 00 00 00 b0 31	1746085092.99718048
4116	0xa5fc	29	fc a5 7d a5 00 00 00 00 b0 d3	1746085093.41945369
4117	0xa5fc	29	fc a5 7d c2 00 00 00 00 80 19	1746085093.441290095
4118	0xa5fc	29	fc a5 7d d0 02 00 00 00 00 1a	1746085093.469008284
4119	0xa5fc	29	fc a5 7d a0 00 00 00 00 30 24	1746085093.533724533
4120	0x300	44	00 03 5a 58 09 93 fa 53 bb 94	1746085093.566283105
4121	0x300	80	00 03 5a 58 09 93 fa 53 3b 87	1746085093.663480185
4122	0x300	133	00 03 5a 78 9c 8b 61 e0 64 3c	1746085093.718485192
4123	0x1500	18	00 15 a5 01 cd 48 95 00 00 00	1746085093.743262571
4124	0x300	41	00 03 5a 58 09 93 fa 53 3b 87	1746085093.792052057
4125	0xa5fc	29	fc a5 7d c0 00 00 00 00 80 2e	1746085093.824296221
4126	0x300	67	00 03 5a 58 09 93 fa 53 3b 97	1746085094.024811871
4127	0x300	43	00 03 5a 58 09 93 fa 53 6b c3	1746085094.051151088
4128	0x300	43	00 03 5a 58 09 93 fa 53 3b 9f	1746085094.083351983
4129	0xa5fc	29	fc a5 7d c2 00 00 00 00 80 19	1746085094.430493738
4130	0x300	64	00 03 5a 58 09 93 fa 53 bb 9a	1746085094.431090109
4131	0x300	48	00 03 5a 58 09 63 2b 2f 6c 67	1746085094.503453871
4132	0x900	38	00 09 5a 58 09 63 9e 2e 9a 7f	1746085094.519532994
4133	0xa5fc	29	fc a5 7d c0 00 00 00 00 80 2e	1746085094.534869147
4134	0x300	126	00 03 5a 78 9c 63 61 10 65 9e	1746085094.688757815
4135	0x1500	18	00 15 a5 01 ce 19 2f 00 00 00	1746085094.713641023
4136	0x300	48	00 03 5a 58 09 63 2b 2f bc cc	1746085094.763347934
4137	0x900	38	00 09 5a 58 09 63 9e 21 9a df	1746085094.7784793
4138	0xa5fc	29	fc a5 7d a0 00 00 00 00 50 28	1746085094.8451298
4139	0x1500	7	00 15 a5 03 98 8f 6c	1746085094.937471538
4140	0x300	53	00 03 5a 58 09 93 fa 53 3b 87	1746085095.147143026
4141	0x300	65	00 03 5a 58 09 93 fa 53 3b 87	1746085095.198110179
4142	0xa5fc	29	fc a5 7d 9f 00 00 00 00 30 29	1746085095.263039806
4143	0x300	49	00 03 a5 10 00 09 03 99 28 28	1746085095.327770983
4144	0x900	19	00 09 a5 03 99 28 28 d3 02 23	1746085095.342986509
4145	0x300	44	00 03 5a 58 09 93 fa 53 7b 80	1746085095.39133226
4146	0x300	41	00 03 5a 58 09 93 fa 53 bb 80	1746085095.423613509
4147	0x1500	7	00 15 a5 03 99 bf fa	1746085095.512194899
4148	0x300	81	00 03 5a 78 9c d3 64 e0 64 3c	1746085095.740447601
4149	0x600	18	00 06 04 96 00 00 00 00 00 00	1746085095.756839588
4150	0x1500	18	00 15 a5 01 cf 29 b9 00 00 00	1746085095.778068738
4151	0xa5fc	29	fc a5 7d 9d 00 00 00 00 a0 3a	1746085096.172873066
4152	0xa5fc	29	fc a5 7d a0 00 00 00 00 c0 2b	1746085096.196879775
4153	0x300	60	00 03 5a 58 09 93 fa 53 3b 87	1746085096.230007469
4154	0x300	41	00 03 5a 58 09 93 fa 53 3b 87	1746085096.37672803
4155	0xa5fc	29	fc a5 7d 3c 01 00 00 00 80 28	1746085096.581809708
4156	0xa5fc	29	fc a5 7d 3c 01 00 00 00 80 28	1746085096.617779817
4159	0x300	74	00 03 5a 78 9c 93 60 e0 64 bc	1746085096.751315783
4160	0x1500	18	00 15 a5 01 d0 24 4c 00 00 00	1746085096.779174838
4161	0x300	45	00 03 5a 58 09 93 fa 53 7b 98	1746085097.195150332
4162	0xa5fc	29	fc a5 7d 9c 00 00 00 00 20 40	1746085097.195150741
4163	0xa5fc	29	fc a5 7d 9f 00 00 00 00 30 32	1746085097.195547724
4164	0x300	57	00 03 5a 58 09 93 fa 53 3b 9f	1746085097.262017506
4165	0x300	69	00 03 5a 58 09 93 fa 53 3b 87	1746085097.503999772
4166	0xa5fc	29	fc a5 7d 9d 00 00 00 00 40 40	1746085097.504000021
4167	0x300	69	00 03 5a 58 09 63 2b 2f bc cc	1746085097.505886969
4168	0x900	38	00 09 5a 58 09 63 9e 25 9a df	1746085097.505887102
4169	0x300	109	00 03 5a 58 09 63 2b 2f 6c 67	1746085097.527904273
4170	0x300	84	00 03 a5 04 00 15 03 9d 18 00	1746085097.680855551
4171	0xa5fc	29	fc a5 7d 3c 01 00 00 00 50 23	1746085097.682940108
4172	0x1500	18	00 15 a5 01 d1 14 da 00 00 00	1746085097.721208378
4173	0x300	46	00 03 5a 58 09 93 fa 53 6b c3	1746085097.769830632
4174	0xa5fc	29	fc a5 7d d0 02 00 00 00 90 19	1746085098.117540859
4175	0xa5fc	29	fc a5 7d ab 00 00 00 00 70 63	1746085098.155972842
4176	0x300	44	00 03 5a 58 09 93 fa 53 bb 94	1746085098.526634981
4177	0xa5fc	29	fc a5 7d 9c 00 00 00 00 10 45	1746085098.542329949
4178	0x300	62	00 03 5a 58 09 93 fa 53 3b 87	1746085098.732698239
4179	0xa5fc	29	fc a5 7d ab 00 00 00 00 40 66	1746085098.736475876
4180	0x300	79	00 03 a5 18 00 09 01 d2 c6 46	1746085098.760551909
4181	0xa5fc	29	fc a5 7d 3c 01 00 00 00 80 1e	1746085098.768971531
4182	0x300	50	00 03 5a 58 09 93 fa 53 bb 80	1746085098.800826209
4183	0x300	63	00 03 5a 58 09 93 fa 53 3b 9f	1746085099.138711699
4184	0x300	44	00 03 5a 58 09 93 fa 53 3b 9f	1746085099.187093251
4185	0xa5fc	29	fc a5 7d 9d 00 00 00 00 30 49	1746085099.553234666
4186	0xa5fc	29	fc a5 7d aa 00 00 00 00 e0 e9	1746085099.572218122
4187	0xa5fc	29	fc a5 7d 9c 00 00 00 00 60 49	1746085099.755456161
4188	0x300	46	00 03 5a 58 09 93 fa 53 6b c3	1746085099.755456483
4189	0x300	149	00 03 5a 78 9c cb 65 e0 64 bc	1746085099.778909176
4190	0x1500	18	00 15 a5 01 d3 75 f6 00 00 00	1746085099.813006831
4191	0x300	62	00 03 5a 58 09 93 fa 53 3b 87	1746085099.829524603
4192	0x300	66	00 03 5a 58 09 93 fa 53 bb 80	1746085100.062808538
4193	0x300	44	00 03 5a 58 09 93 fa 53 7b 8a	1746085100.169555234
4194	0x300	64	00 03 5a 58 09 63 2b 2f bc cc	1746085100.201515592
4195	0x300	52	00 03 a5 09 00 09 03 9e b1 37	1746085100.217757356
4196	0x300	56	00 03 5a 58 09 93 fa 53 7b 98	1746085100.23395718
4197	0xa5fc	29	fc a5 7d ca 00 00 00 00 00 06	1746085100.330888499
4198	0x1500	7	00 15 a5 03 9f 1a cf	1746085100.371982151
4199	0xa5fc	29	fc a5 7d c0 00 00 00 00 80 2e	1746085100.417828054
4200	0xa5fc	29	fc a5 7d 9f 00 00 00 00 90 41	1746085100.426447115
4201	0x300	65	00 03 5a 58 09 93 fa 53 3b 9f	1746085100.459392592
4202	0x300	44	00 03 5a 58 09 93 fa 53 3b 8b	1746085100.491707513
4203	0x300	77	00 03 5a 58 09 63 2b 2f 6c 67	1746085100.525195456
4204	0x700	35	00 07 5a 78 9c 3b af cf c0 c0	1746085100.537334621
4205	0x900	38	00 09 5a 58 09 63 5e 20 9a 7f	1746085100.540303695
4206	0x800	34	00 08 5a 58 09 3b af cf c0 c0	1746085100.558389013
4207	0x300	115	00 03 5a 78 9c 63 61 10 65 5e	1746085100.703632294
4208	0x300	60	00 03 5a 58 09 93 fa 53 bb 8a	1746085100.716755308
4209	0x1500	18	00 15 a5 01 d4 e0 55 00 00 00	1746085100.749587986
4210	0xa5fc	29	fc a5 7d 3c 01 00 00 00 40 24	1746085100.982212433
4211	0x300	46	00 03 5a 58 09 93 fa 53 6b c3	1746085100.984539376
4212	0xa5fc	29	fc a5 7d 9f 00 00 00 00 80 44	1746085101.039850975
4213	0x300	41	00 03 5a 58 09 93 fa 53 7b 80	1746085101.106454295
4214	0x300	54	00 03 5a 58 09 93 fa 53 3b 87	1746085101.137077764
4215	0x300	41	00 03 5a 58 09 93 fa 53 3b 87	1746085101.234284794
4216	0xa5fc	29	fc a5 7d ab 00 00 00 00 d0 71	1746085101.330135437
4217	0x900	19	00 09 a5 03 a1 28 28 d3 02 19	1746085101.362917617
4218	0x900	19	00 09 a5 03 a1 28 28 d3 02 19	1746085101.378806782
4219	0x1500	7	00 15 a5 03 a1 07 64	1746085101.542973629
4220	0xa5fc	29	fc a5 7d ca 00 00 00 00 90 08	1746085101.54499255
4221	0x300	41	00 03 5a 58 09 93 fa 53 3b 9f	1746085101.730503282
4222	0x300	74	00 03 5a 78 9c 93 60 e0 64 bc	1746085101.809865365
4223	0x1500	18	00 15 a5 01 d5 d0 c3 00 00 00	1746085101.831500194
4224	0xa5fc	29	fc a5 7d 3c 01 00 00 00 40 29	1746085102.110335884
4225	0xa5fc	29	fc a5 7d 3c 01 00 00 00 40 29	1746085102.13689245
4226	0x300	44	00 03 5a 58 09 93 fa 53 bb 80	1746085102.238120977
4227	0xa5fc	29	fc a5 7d 9c 00 00 00 00 20 53	1746085102.238121218
4228	0xa5fc	29	fc a5 7d 9c 00 00 00 00 20 53	1746085102.266496096
4229	0x300	44	00 03 5a 58 09 93 fa 53 7b 8a	1746085102.623954836
4230	0xa5fc	29	fc a5 7d 9d 00 00 00 00 40 40	1746085102.623955206
4231	0x300	44	00 03 5a 58 09 93 fa 53 7b 96	1746085102.638433898
4232	0xa5fc	29	fc a5 7d ca 00 00 00 00 30 08	1746085102.70306609
4233	0x300	44	00 03 5a 58 09 93 fa 53 7b 8a	1746085102.767890302
4234	0x300	74	00 03 5a 78 9c 93 60 e0 64 bc	1746085102.814565576
4235	0x1500	18	00 15 a5 01 d6 81 79 00 00 00	1746085102.848248882
4236	0x300	84	00 03 5a 58 09 63 2b 2f bc cc	1746085102.929703294
4237	0x300	52	00 03 a5 09 00 09 03 a2 b1 37	1746085102.945445287
4238	0xa5fc	29	fc a5 7d a0 00 00 00 00 b0 3c	1746085102.998549678
4239	0x300	44	00 03 5a 58 09 93 fa 53 bb 80	1746085103.027412012
4240	0x300	25	00 03 a5 04 00 15 03 a3 0e 00	1746085103.106207249
4241	0x1500	18	00 15 a5 01 d7 b1 ef 00 00 00	1746085103.139753121
4242	0xa5fc	29	fc a5 7d 9c 00 00 00 00 70 57	1746085103.340946202
4243	0x300	59	00 03 a5 1a fc 7d 9c 00 00 00	1746085103.413896504
4244	0xa5fc	29	fc a5 7d a5 00 00 00 00 70 d9	1746085103.446254511
4245	0x300	117	00 03 5a 58 09 63 2b 2f 6c 67	1746085103.544185704
4246	0x300	59	00 03 a5 10 00 09 03 a4 28 28	1746085103.558622639
4247	0xa5fc	29	fc a5 7d ab 00 00 00 00 70 79	1746085103.607660854
4248	0x300	44	00 03 5a 58 09 93 fa 53 7b 81	1746085103.672174338
4249	0x300	98	00 03 5a 78 9c 63 61 10 65 5e	1746085103.722454298
4250	0x1500	18	00 15 a5 01 d8 ac 7e 00 00 00	1746085103.782264895
4251	0xa5fc	29	fc a5 7d 9d 00 00 00 00 a0 3a	1746085103.953775447
4252	0xa5fc	29	fc a5 7d a0 00 00 00 00 20 38	1746085104.158449993
4253	0x300	44	00 03 5a 58 09 93 fa 53 bb 80	1746085104.190335204
4254	0xa5fc	29	fc a5 7d 9c 00 00 00 00 d0 5c	1746085104.773623396
4255	0x600	18	00 06 04 96 00 00 00 00 00 00	1746085104.773623538
4256	0x300	41	00 03 5a 58 09 93 fa 53 3b 87	1746085104.819772226
4257	0x300	79	00 03 a5 18 00 09 01 d9 c6 46	1746085104.835084328
4258	0x1500	18	00 15 a5 01 d9 9c e8 00 00 00	1746085104.869598017
4259	0xa5fc	29	fc a5 7d 9d 00 00 00 00 80 36	1746085104.884996193
4260	0x300	55	00 03 5a 58 09 93 fa 53 3b 8b	1746085104.950153849
4261	0x300	41	00 03 5a 58 09 93 fa 53 7b 88	1746085105.183264283
4262	0x300	45	00 03 5a 58 09 93 fa 53 7b 98	1746085105.273043802
4263	0xa5fc	29	fc a5 7d ab 00 00 00 00 70 7d	1746085105.370572052
4264	0xa5fc	29	fc a5 7d a0 00 00 00 00 60 32	1746085105.467176781
4265	0x300	78	00 03 5a 58 09 93 fa 53 bb 80	1746085105.694728599
4266	0x300	49	00 03 a5 06 77 71 d3 02 05 0a	1746085105.694728947
4267	0x900	39	00 09 a5 03 a6 15 6f 87 00 d3	1746085105.700469077
4268	0xa5fc	29	fc a5 7d aa 00 00 00 00 d0 e8	1746085105.700469237
4269	0x300	194	00 03 5a 78 9c db c8 c0 c9 78	1746085105.836661449
4270	0x1500	18	00 15 a5 01 da cd 52 00 00 00	1746085105.871308911
4271	0xa5fc	29	fc a5 7d 9c 00 00 00 00 30 61	1746085105.886632716
4272	0x300	41	00 03 5a 58 09 93 fa 53 3b 87	1746085105.98378633
4273	0x300	41	00 03 5a 58 09 93 fa 53 3b 8b	1746085106.016235993
4274	0x300	43	00 03 5a 58 09 93 fa 53 7b 98	1746085106.080551485
4275	0xa5fc	29	fc a5 7d ca 00 00 00 00 00 01	1746085106.112353265
4276	0x300	72	00 03 5a 58 09 93 fa 53 7b 80	1746085106.143937325
4277	0x300	41	00 03 5a 58 09 93 fa 53 7b 8a	1746085106.240980417
4278	0xa5fc	29	fc a5 7d ca 00 00 00 00 b0 00	1746085106.411681591
4279	0x300	48	00 03 5a 58 09 63 2b 2f 6c 67	1746085106.616790674
4280	0x900	38	00 09 5a 58 09 63 5e 2e 9a 7f	1746085106.617340947
4281	0xa5fc	29	fc a5 7d a0 00 00 00 00 c0 2d	1746085106.617341041
4282	0x300	46	00 03 5a 58 09 93 fa 53 6b c3	1746085106.677979252
4283	0xa5fc	29	fc a5 7d 9f 00 00 00 00 b0 36	1746085106.710117868
4284	0x300	65	00 03 5a 58 09 93 fa 53 bb 80	1746085106.743106024
4285	0x300	78	00 03 5a 78 9c 63 61 10 65 5e	1746085106.782545086
4286	0x300	47	00 03 5a 58 09 93 fa 53 bb 94	1746085106.806880315
4287	0xa5fc	29	fc a5 7d 9f 00 00 00 00 20 36	1746085106.903932949
4288	0x300	54	00 03 5a 58 09 93 fa 53 3b 87	1746085107.002114019
4289	0x300	64	00 03 5a 58 09 93 fa 53 3b 87	1746085107.230686326
4290	0x300	44	00 03 5a 58 09 93 fa 53 bb 98	1746085107.230686659
4291	0xa5fc	29	fc a5 7d c2 00 00 00 00 a0 1a	1746085107.259037224
4292	0xa5fc	29	fc a5 7d c0 00 00 00 00 00 0e	1746085107.356157795
4293	0x900	19	00 09 a5 03 a8 28 28 d3 02 0f	1746085107.388577251
4294	0x900	19	00 09 a5 03 a8 28 28 d3 02 0f	1746085107.404813882
4295	0xa5fc	29	fc a5 7d c2 00 00 00 00 70 1b	1746085107.453718156
4296	0x300	44	00 03 5a 58 09 93 fa 53 7b 8a	1746085107.54908085
4297	0x1500	7	00 15 a5 03 a8 bf c0	1746085107.563935212
4298	0xa5fc	29	fc a5 7d cd 00 00 00 00 d0 fa	1746085107.742963646
4299	0x300	54	00 03 5a 58 09 93 fa 53 3b 87	1746085107.742963845
4300	0xa5fc	29	fc a5 7d a0 00 00 00 00 20 29	1746085107.744207874
4301	0x300	71	00 03 5a 58 09 93 fa 53 3b 9f	1746085107.776394094
4302	0x300	41	00 03 5a 58 09 93 fa 53 7b 80	1746085107.808767783
4303	0xa5fc	29	fc a5 7d 3c 01 00 00 00 b0 33	1746085107.873525575
4304	0x300	80	00 03 5a 78 9c d3 64 e0 64 bc	1746085107.877542802
4305	0x300	37	00 03 a5 1a fc 7d 3c 01 00 00	1746085107.906094265
4306	0x300	41	00 03 5a 58 09 93 fa 53 bb 80	1746085108.156499127
4307	0x300	64	00 03 5a 58 09 63 2b 2f bc cc	1746085108.459890016
4308	0x300	52	00 03 a5 09 00 09 03 a9 b1 37	1746085108.459890212
4309	0xa5fc	29	fc a5 7d a7 00 00 00 00 70 79	1746085108.503459876
4310	0x1500	7	00 15 a5 03 aa de ec	1746085108.647471896
4311	0xa5fc	29	fc a5 7d d0 02 00 00 00 b0 1a	1746085108.695114804
4312	0x300	44	00 03 5a 58 09 93 fa 53 3b 87	1746085108.727776584
4313	0xa5fc	29	fc a5 7d 9d 00 00 00 00 c0 26	1746085108.792547218
4314	0x300	73	00 03 5a 78 9c 93 60 e0 64 bc	1746085108.873503667
4315	0x1500	18	00 15 a5 01 dd 58 f1 00 00 00	1746085108.907738915
4316	0x300	57	00 03 5a 58 09 93 fa 53 bb 80	1746085108.95369889
4317	0xa5fc	29	fc a5 7d 3c 01 00 00 00 90 2e	1746085109.050016872
4318	0x300	63	00 03 5a 58 09 93 fa 53 bb 80	1746085109.082891231
4319	0xa5fc	29	fc a5 7d d0 02 00 00 00 c0 1a	1746085109.179787794
4320	0x300	43	00 03 5a 58 09 93 fa 53 7b 81	1746085109.382617186
4321	0x300	66	00 03 a5 06 77 71 87 00 08 0a	1746085109.587493553
4322	0x300	59	00 03 a5 10 00 09 03 ab 28 28	1746085109.587493833
4323	0x300	65	00 03 5a 78 9c 63 61 10 65 5e	1746085109.761830437
4324	0x300	18	00 03 a5 04 00 15 01 de 04 00	1746085109.790637211
4325	0x300	44	00 03 5a 58 09 93 fa 53 bb 8b	1746085109.853918913
4326	0x300	41	00 03 5a 58 09 93 fa 53 3b 97	1746085109.886747382
4327	0xa5fc	29	fc a5 7d a0 00 00 00 00 a0 21	1746085110.2015008
4328	0x300	44	00 03 5a 58 09 93 fa 53 7b 96	1746085110.202559011
4329	0x300	43	00 03 5a 58 09 93 fa 53 bb 80	1746085110.207767133
4330	0xa5fc	29	fc a5 7d 3c 01 00 00 00 60 28	1746085110.30471204
4331	0x300	46	00 03 5a 58 09 93 fa 53 6b c3	1746085110.337294223
4332	0xa5fc	29	fc a5 7d d0 02 00 00 00 00 1b	1746085110.507828391
4333	0x900	18	00 09 a5 03 ad 79 2a 38 15 00	1746085110.817886131
4334	0x900	18	00 09 a5 03 ad 79 2a 38 15 00	1746085110.817886523
4335	0xa5fc	29	fc a5 7d aa 00 00 00 00 b0 e7	1746085110.817887638
4336	0xa5fc	29	fc a5 7d a7 00 00 00 00 d0 71	1746085110.818330147
4337	0x300	35	00 03 a5 18 00 09 01 e0 c6 46	1746085110.904629992
4338	0x1500	18	00 15 a5 01 e0 14 e0 00 00 00	1746085111.124530417
4339	0xa5fc	29	fc a5 7d 9a 00 00 00 00 70 5e	1746085111.124608437
4340	0xa5fc	29	fc a5 7d 9d 00 00 00 00 c0 2b	1746085111.125159587
4341	0x300	60	00 03 5a 58 09 93 fa 53 3b 97	1746085111.125340232
4342	0xa5fc	29	fc a5 7d c2 00 00 00 00 80 2e	1746085111.145922642
4343	0x300	45	00 03 5a 58 09 93 fa 53 7b 98	1746085111.178185637
4344	0xa5fc	29	fc a5 7d ca 00 00 00 00 90 08	1746085111.291290279
4345	0xa5fc	29	fc a5 7d 3c 01 00 00 00 50 23	1746085111.3556846
4346	0x300	63	00 03 5a 58 09 93 fa 53 bb 80	1746085111.532623927
4347	0x300	43	00 03 5a 58 09 93 fa 53 7b 81	1746085111.549992524
4348	0x300	41	00 03 5a 58 09 93 fa 53 bb 80	1746085111.614842867
4349	0xa5fc	29	fc a5 7d 9f 00 00 00 00 a0 34	1746085111.646722548
4350	0x300	44	00 03 5a 58 09 93 fa 53 7b 88	1746085111.678137378
4351	0xa5fc	29	fc a5 7d a5 00 00 00 00 b0 cb	1746085111.841123722
4352	0xa5fc	29	fc a5 7d c2 00 00 00 00 80 2e	1746085111.8411242
4353	0x900	145	00 09 5a 78 9c 63 7c 78 cc 2d	1746085111.90333145
4354	0x300	37	00 03 a5 04 00 15 01 e1 1a fc	1746085111.936618203
4355	0x300	44	00 03 5a 58 09 93 fa 53 3b 97	1746085112.004007559
4356	0x300	44	00 03 5a 58 09 93 fa 53 bb 98	1746085112.351906628
4357	0x300	44	00 03 5a 58 09 93 fa 53 7b 8a	1746085112.35190706
4358	0xa5fc	29	fc a5 7d a3 00 00 00 00 50 39	1746085112.559210813
4359	0x300	55	00 03 5a 58 09 93 fa 53 6b c3	1746085112.55921119
4360	0x300	65	00 03 5a 58 09 93 fa 53 bb 98	1746085112.559211263
4361	0x300	69	00 03 5a 58 09 63 2b 2f 6c 67	1746085112.580872034
4362	0x900	38	00 09 5a 58 09 63 5e 27 9a 7f	1746085112.596957801
4363	0xa5fc	29	fc a5 7d 9f 00 00 00 00 d0 31	1746085112.645970219
4364	0x300	60	00 03 5a 58 09 93 fa 53 bb 8a	1746085112.711979079
4365	0x300	35	00 03 a5 04 00 15 03 ae 18 00	1746085112.761022358
4366	0x300	41	00 03 5a 58 09 93 fa 53 3b 87	1746085112.786268046
4367	0x300	37	00 03 a5 1a fc 7d c0 00 00 00	1746085112.807978225
4368	0xa5fc	29	fc a5 7d 9d 00 00 00 00 f0 32	1746085112.840491517
4369	0xa5fc	29	fc a5 7d 9d 00 00 00 00 f0 32	1746085112.906618149
4370	0xa5fc	29	fc a5 7d 9d 00 00 00 00 70 33	1746085113.072015792
4371	0x300	61	00 03 5a 58 09 13 60 e0 64 5e	1746085113.482791885
4372	0x900	19	00 09 a5 03 af 28 28 d3 02 05	1746085113.484555985
4373	0x300	46	00 03 5a 58 09 93 fa 53 6b c3	1746085113.490353694
4374	0x300	71	00 03 5a 78 9c 63 61 10 65 5e	1746085113.654459989
4375	0x1500	18	00 15 a5 01 e3 45 5a 00 00 00	1746085113.700080246
4376	0x300	132	00 03 5a 58 09 63 2b 2f bc cc	1746085113.743740323
4377	0x300	71	00 03 a5 12 00 09 03 b0 4c 00	1746085113.759386587
4378	0x600	18	00 06 04 96 00 00 00 00 00 00	1746085113.80299725
4379	0xa5fc	29	fc a5 7d a7 00 00 00 00 30 67	1746085113.824106562
4380	0x300	78	00 03 5a 78 9c 63 61 10 65 de	1746085113.92574375
4381	0x300	37	00 03 a5 04 00 15 01 e4 1a fc	1746085113.955307082
4382	0xa5fc	29	fc a5 7d c0 00 00 00 00 80 0b	1746085114.396706949
4383	0xa5fc	29	fc a5 7d 9a 00 00 00 00 f0 6a	1746085114.605169269
4384	0xa5fc	29	fc a5 7d 9d 00 00 00 00 80 38	1746085114.605935043
4385	0xa5fc	29	fc a5 7d 3c 01 00 00 00 50 24	1746085114.664741069
4386	0x300	67	00 03 5a 58 09 93 fa 53 3b 97	1746085114.696404297
4387	0x300	41	00 03 5a 58 09 93 fa 53 bb 9c	1746085114.910587234
4388	0xa5fc	29	fc a5 7d ba 00 00 00 00 70 0d	1746085114.911117859
4389	0x300	73	00 03 5a 78 9c 93 60 e0 64 7c	1746085114.934358358
4390	0x1500	18	00 15 a5 01 e5 e0 6f 00 00 00	1746085114.956381812
4391	0x300	44	00 03 5a 58 09 93 fa 53 bb 94	1746085114.988690091
4392	0xa5fc	29	fc a5 7d cd 00 00 00 00 b0 fa	1746085115.218909183
4393	0x300	58	00 03 5a 58 09 93 fa 53 3b 97	1746085115.219425497
4394	0x300	44	00 03 5a 58 09 93 fa 53 3b 8b	1746085115.524859192
4395	0x300	84	00 03 5a 58 09 63 2b 2f 6c 67	1746085115.594710644
4396	0x300	77	00 03 5a 58 09 13 60 e0 64 de	1746085115.611719585
4397	0xa5fc	29	fc a5 7d 3c 01 00 00 00 40 29	1746085115.69030955
4398	0x300	78	00 03 5a 58 09 93 fa 53 3b 97	1746085115.722889687
4399	0x300	50	00 03 a5 04 00 15 03 b5 0e 00	1746085115.778088664
4400	0x300	18	00 03 a5 04 00 15 01 e6 04 00	1746085115.803199612
4401	0x300	54	00 03 5a 58 09 93 fa 53 3b 97	1746085115.85187485
4402	0x300	41	00 03 5a 58 09 93 fa 53 7b 8a	1746085116.037177174
4403	0xa5fc	29	fc a5 7d 9f 00 00 00 00 50 23	1746085116.078526175
4404	0xa5fc	29	fc a5 7d ca 00 00 00 00 b0 00	1746085116.143191934
4405	0x300	45	00 03 5a 58 09 93 fa 53 7b 98	1746085116.17557073
4406	0xa5fc	29	fc a5 7d ba 00 00 00 00 00 0e	1746085116.446437301
4407	0xa5fc	29	fc a5 7d d0 02 00 00 00 60 1a	1746085116.655236601
4408	0x300	41	00 03 5a 58 09 93 fa 53 3b 97	1746085116.856577633
4409	0x300	41	00 03 5a 58 09 93 fa 53 bb 8b	1746085116.902440535
4410	0x900	27	00 09 a5 01 e8 c6 46 04 94 12	1746085116.960504544
4411	0x300	44	00 03 5a 58 09 93 fa 53 3b 9f	1746085116.967124757
4412	0x1500	18	00 15 a5 01 e8 9c d2 00 00 00	1746085116.982883636
4413	0xa5fc	29	fc a5 7d 3c 01 00 00 00 90 2f	1746085116.999364314
4414	0xa5fc	29	fc a5 7d 3c 01 00 00 00 90 2f	1746085117.16395398
4415	0x300	44	00 03 5a 58 09 93 fa 53 7b 8a	1746085117.36930342
4416	0xa5fc	29	fc a5 7d ca 00 00 00 00 f0 00	1746085117.419842195
4417	0x300	44	00 03 5a 58 09 93 fa 53 7b 8a	1746085117.516944626
4418	0x300	77	00 03 5a 58 09 93 fa 53 3b 97	1746085117.549460918
4419	0xa5fc	29	fc a5 7d c2 00 00 00 00 80 2e	1746085117.778924308
4420	0xa5fc	29	fc a5 7d 9c 00 00 00 00 20 43	1746085117.808105631
4421	0xa5fc	29	fc a5 7d cc 00 00 00 00 70 7d	1746085117.840471561
4422	0x900	147	00 09 5a 78 9c 63 7c 79 cc 8d	1746085117.976057045
4423	0xa5fc	29	fc a5 7d c2 00 00 00 00 80 2e	1746085117.978231731
4424	0x1500	18	00 15 a5 01 e9 ac 44 00 00 00	1746085118.002782539
4425	0xa5fc	29	fc a5 7d 3c 01 00 00 00 90 34	1746085118.185080643
4426	0x300	51	00 03 5a 58 09 93 fa 53 7b 98	1746085118.244486537
4427	0x300	46	00 03 5a 58 09 93 fa 53 6b c3	1746085118.276757692
4428	0xa5fc	29	fc a5 7d 9d 00 00 00 00 90 43	1746085118.308985176
4429	0x300	68	00 03 5a 58 09 93 fa 53 3b 97	1746085118.406152695
4430	0xa5fc	29	fc a5 7d 9c 00 00 00 00 20 40	1746085118.502775808
4431	0x300	217	00 03 5a 58 09 63 2b 2f 6c 67	1746085118.701907914
4432	0x300	210	00 03 5a 58 09 e3 63 e0 64 de	1746085118.702963437
4433	0x900	18	00 09 a5 03 c2 25 2d 87 00 00	1746085118.702963614
4434	0xa5fc	29	fc a5 7d b0 00 00 00 00 10 46	1746085118.789356394
4435	0x300	128	00 03 5a 78 9c 63 61 10 65 3e	1746085118.868836947
4436	0x1500	18	00 15 a5 01 ea fd fe 00 00 00	1746085118.902809488
4437	0x300	56	00 03 5a 58 09 e3 63 e0 64 3e	1746085118.928854464
4438	0x300	56	00 03 5a 58 09 e3 63 e0 64 3e	1746085118.944997745
4439	0xa5fc	29	fc a5 7d c7 00 00 00 00 00 68	1746085119.042430384
4440	0x300	21	00 03 a5 04 00 15 03 c5 0a 00	1746085119.098667731
4441	0x1500	18	00 15 a5 01 eb cd 68 00 00 00	1746085119.12308
4442	0x900	18	00 09 a5 03 c6 00 00 00 f1 7b	1746085119.140990721
4443	0x500	18	00 05 a5 28 22 ec a3 25 47 00	1746085119.153577792
4444	0x300	24	00 03 a5 0a 00 09 03 c7 56 14	1746085119.153578278
4445	0x300	32	00 03 a5 07 00 09 03 c6 00 00	1746085119.156078645
4446	0x1d00	2	00 1d	1746085119.162307359
4447	0x1d00	2	00 1d	1746085119.163071389
4448	0x100	24	00 01 00 00 00 03 17 b0 1c a6	1746085119.525662924
4449	0x200	18	00 02 17 b0 1c a6 00 00 00 00	1746085119.55011468
4450	0x700	42	00 07 19 85 00 00 00 00 00 00	1746085119.566768703
4451	0x900	472	00 09 00 00 09 7a 38 31 00 32	1746085119.587545035
4452	0x800	42	00 08 19 85 00 00 00 01 00 00	1746085119.588637501
4453	0x1500	18	00 15 00 00 be f2 00 00 00 00	1746085119.616192348
4454	0xd00	511	00 0d 00 00 00 00 02 32 eb 7c	1746085119.630641662
4455	0xd00	67	00 0d 00 01 00 00 00 00 00 00	1746085119.631165882
4456	0xd00	511	00 0d 00 02 00 00 02 22 99 74	1746085119.63116636
4457	0x300	75	00 03 31 00 0d 00 03 00 00 00	1746085119.631814634
4458	0x1500	6	00 15 00 05 4a 7d	1746085119.693226908
4459	0x900	280	00 09 00 01 99 74 00 00 00 00	1746085119.693455179
4460	0x1500	18	00 15 00 01 8e 64 00 00 00 00	1746085119.728881978
4461	0xd00	512	00 0d 00 02 00 00 08 0a 13 0f	1746085119.817124495
4462	0xd00	512	00 0d 00 03 42 5b 17 00 9a 30	1746085119.817417989
4463	0xd00	512	00 0d 00 04 01 00 f8 b2 0b 00	1746085119.817501164
4464	0xd00	512	00 0d 00 05 15 14 00 00 00 00	1746085119.817633658
4465	0x300	24	00 03 04 00 15 00 02 04 00 15	1746085119.841611805
4466	0x300	154	00 03 2a 00 0d 00 06 65 a5 dc	1746085119.983746269
4467	0x300	32	00 03 a5 07 00 09 03 c6 00 00	1746085119.996193157
4469	0x300	121	00 03 04 00 15 00 06 04 00 15	1746085120.018242312
4470	0x900	108	00 09 00 06 18 2d 48 61 72 6f	1746085120.034676434
4471	0x300	88	00 03 04 00 15 00 06 4e 00 09	1746085120.189724542
4472	0x1500	18	00 15 00 08 36 c0 00 00 00 00	1746085120.227161969
4473	0x300	307	00 03 39 00 09 00 07 22 0c 57	1746085120.243632723
4474	0x300	307	00 03 39 00 09 00 07 22 0c 57	1746085120.259473109
4475	0x300	16	00 03 04 00 15 00 0a 06 00 09	1746085120.418215026
4476	0x1500	18	00 15 00 09 06 56 00 00 00 00	1746085120.453596381
4477	0x500	18	00 05 17 b0 1c a6 2d b0 00 00	1746085120.463786725
4478	0x100	24	00 01 00 00 00 03 18 b3 e6 79	1746085120.553169618
4479	0x200	18	00 02 18 b3 e6 79 ff ff ff ff	1746085120.575973331
4480	0x700	21	00 07 5a 78 9c 93 ed 64 c0 0d	1746085120.595368247
4481	0x800	27	00 08 5a 58 09 93 ed 64 60 60	1746085120.617404402
4482	0x900	85	00 09 a5 00 00 89 50 cd 3d cf	1746085120.667111432
4483	0x1500	18	00 15 a5 00 00 c7 d9 00 00 00	1746085120.688612582
4484	0xd00	94	00 0d 5a 58 09 63 00 02 0f 05	1746085120.721889801
4485	0xd00	103	00 0d 5a 58 09 63 60 64 18 48	1746085120.723281995
4486	0xd00	79	00 0d 5a 58 09 63 60 62 60 60	1746085120.723282312
4487	0xd00	20	00 0d 5a 58 09 63 60 66 18 05	1746085120.725054704
4488	0xd00	20	00 0d 5a 58 09 63 60 61 18 05	1746085120.725236
4489	0xd00	20	00 0d 5a 58 09 63 60 65 18 05	1746085120.725236303
4490	0xd00	20	00 0d 5a 58 09 63 60 63 18 05	1746085120.725236438
4491	0xd00	20	00 0d 5a 58 09 63 60 67 18 05	1746085120.725236572
4492	0xd00	20	00 0d 5a 58 09 63 e0 60 18 05	1746085120.72523671
4493	0xd00	98	00 0d 5a 58 09 63 e0 64 a0 16	1746085120.725236844
4494	0xd00	38	00 0d 5a 58 09 63 e0 62 60 60	1746085120.725236982
4495	0xd00	20	00 0d 5a 58 09 63 e0 66 18 05	1746085120.725237121
4496	0xd00	31	00 0d 5a 58 09 63 e0 61 18 05	1746085120.725299636
4497	0xd00	28	00 0d 5a 58 09 63 e0 65 18 05	1746085120.7252998
4498	0xd00	21	00 0d 5a 58 09 63 e0 fb 3f 0a	1746085120.725299938
4499	0xd00	21	00 0d 5a 58 09 63 e0 ff 3f 0a	1746085120.725300073
4500	0xd00	21	00 0d 5a 58 09 63 10 f8 3f 0a	1746085120.725300209
4501	0xd00	21	00 0d 5a 58 09 63 10 fc 3f 0a	1746085120.725300347
4502	0xd00	21	00 0d 5a 58 09 63 10 fa 3f 0a	1746085120.725300482
4503	0xd00	50	00 0d 5a 58 09 63 10 fe 3f b4	1746085120.725300614
4504	0xd00	39	00 0d 5a 58 09 63 10 61 20 1b	1746085120.725326581
4505	0xd00	40	00 0d 5a 58 09 63 10 65 20 04	1746085120.725362441
4506	0xd00	40	00 0d 5a 58 09 63 10 63 80 82	1746085120.725362615
4507	0xd00	40	00 0d 5a 58 09 63 10 ff ff ff	1746085120.725362767
4508	0xd00	40	00 0d 5a 58 09 63 90 60 20 0a	1746085120.725362905
4509	0xd00	39	00 0d 5a 58 09 63 90 64 40 06	1746085120.725363043
4510	0xd00	68	00 0d 5a 58 09 63 90 62 60 60	1746085120.725363177
4511	0xd00	47	00 0d 5a 58 09 63 90 66 60 60	1746085120.725363316
4512	0xd00	167	00 0d 5a 58 09 63 90 61 f8 ff	1746085120.725363454
4513	0xd00	32	00 0d 5a 58 09 63 90 fd ff 9f	1746085120.725477019
4514	0xd00	20	00 0d 5a 58 09 63 90 63 18 05	1746085120.725477151
4515	0xd00	38	00 0d 5a 58 09 63 90 67 a0 3a	1746085120.725477291
4516	0xd00	20	00 0d 5a 58 09 63 50 60 18 05	1746085120.725477425
4517	0xd00	20	00 0d 5a 58 09 63 50 64 18 05	1746085120.72547756
4518	0xd00	29	00 0d 5a 58 09 63 50 62 18 c1	1746085120.725477698
4519	0xd00	20	00 0d 5a 58 09 63 50 66 18 05	1746085120.72577855
4520	0xd00	20	00 0d 5a 58 09 63 50 61 18 05	1746085120.725778837
4521	0x900	141	00 09 5a 58 09 63 50 ed 0c f0	1746085120.725778978
4522	0x900	130	00 09 5a 58 09 63 50 eb 0c 48	1746085120.725779116
4523	0x900	130	00 09 5a 58 09 63 50 ef 0c 48	1746085120.725779251
4524	0x900	129	00 09 5a 58 09 63 d0 e8 0c 48	1746085120.725779393
4525	0x900	151	00 09 5a 58 09 63 d0 ec 0c 70	1746085120.725779527
4526	0x900	146	00 09 5a 58 09 63 d0 ea 0c 50	1746085120.725779667
4527	0x900	170	00 09 5a 58 09 63 d0 ee 0c 50	1746085120.725832106
4528	0x900	142	00 09 5a 58 09 63 d0 e9 0c 48	1746085120.725832286
4529	0x900	162	00 09 5a 58 09 63 d0 ed 0c 08	1746085120.725834191
4530	0x900	164	00 09 5a 58 09 63 d0 eb 0c 08	1746085120.725834328
4531	0x900	169	00 09 5a 58 09 63 d0 ef 0c 08	1746085120.725900882
4532	0x900	143	00 09 5a 58 09 63 30 e8 0c 50	1746085120.725901016
4533	0x900	156	00 09 5a 58 09 63 30 ec 0c f0	1746085120.725901152
4534	0x900	166	00 09 5a 58 09 63 30 ea 0c 70	1746085120.725901291
4535	0x900	176	00 09 5a 58 09 63 30 ee 0c 08	1746085120.726612802
4536	0x900	185	00 09 5a 58 09 63 30 e9 0c 08	1746085120.726695664
4537	0x900	177	00 09 5a 58 09 63 30 ed 0c 08	1746085120.726695812
4538	0x900	143	00 09 5a 58 09 63 30 eb 0c f0	1746085120.726695946
4539	0x900	133	00 09 5a 58 09 63 30 ef 0c 48	1746085120.72669608
4540	0x900	133	00 09 5a 58 09 63 b0 e8 0c 48	1746085120.72669622
4541	0x900	146	00 09 5a 58 09 63 b0 ec 0c 48	1746085120.726696353
4542	0x900	160	00 09 5a 58 09 63 b0 ea 0c 48	1746085120.726696487
4543	0x900	159	00 09 5a 58 09 63 b0 ee 0c 48	1746085120.726696629
4544	0x900	132	00 09 5a 58 09 63 b0 e9 0c 48	1746085120.72673695
4545	0x900	129	00 09 5a 58 09 63 b0 ed 0c 48	1746085120.726737082
4546	0x900	133	00 09 5a 58 09 63 b0 eb 0c 48	1746085120.72673923
4547	0x900	132	00 09 5a 58 09 63 b0 ef 0c 48	1746085120.726739367
4548	0x900	160	00 09 5a 58 09 63 70 e8 0c 70	1746085120.726984634
4549	0x900	160	00 09 5a 58 09 63 70 ec 0c 70	1746085120.726984997
4550	0x900	162	00 09 5a 58 09 63 70 ea 0c 08	1746085120.726986449
4551	0x900	152	00 09 5a 58 09 63 70 ee 0c 48	1746085120.726986586
4552	0x900	141	00 09 5a 58 09 63 70 e9 0c 48	1746085120.726986725
4553	0x900	133	00 09 5a 58 09 63 70 ed 0c 48	1746085120.726986866
4554	0x900	137	00 09 5a 58 09 63 70 eb 0c 48	1746085120.727186343
4555	0x900	129	00 09 5a 58 09 63 70 ef 0c 48	1746085120.727186641
4556	0x900	128	00 09 5a 58 09 63 f0 e8 0c 48	1746085120.727186783
4557	0x900	129	00 09 5a 58 09 63 f0 ec 0c 48	1746085120.727186921
4558	0x900	132	00 09 5a 58 09 63 f0 ea 0c 48	1746085120.72718706
4559	0x900	128	00 09 5a 58 09 63 f0 ee 0c 48	1746085120.727187198
4560	0x900	133	00 09 5a 58 09 63 f0 e9 0c 48	1746085120.727187336
4561	0x900	130	00 09 5a 58 09 63 f0 ed 0c 48	1746085120.727187477
4562	0x900	131	00 09 5a 58 09 63 f0 eb 0c 48	1746085120.727228556
4563	0x900	133	00 09 5a 58 09 63 f0 ef 0c 48	1746085120.727389143
4564	0x900	128	00 09 5a 58 09 63 08 e8 0c 48	1746085120.727389461
4565	0x900	132	00 09 5a 58 09 63 08 ec 0c 48	1746085120.727389599
4566	0x900	137	00 09 5a 58 09 63 08 ea 0c 48	1746085120.72738974
4567	0x900	128	00 09 5a 58 09 63 08 ee 0c 48	1746085120.727389879
4568	0x900	129	00 09 5a 58 09 63 08 e9 0c 48	1746085120.728430189
4569	0x900	125	00 09 5a 58 09 63 08 ed 0c 48	1746085120.72843059
4570	0x900	128	00 09 5a 58 09 63 08 eb 0c 48	1746085120.728621541
4571	0x900	127	00 09 5a 58 09 63 08 ef 0c 48	1746085120.728621798
4572	0x900	129	00 09 5a 58 09 63 88 e8 0c 48	1746085120.728621934
4573	0x900	126	00 09 5a 58 09 63 88 ec 0c 48	1746085120.728622069
4574	0x900	137	00 09 5a 58 09 63 88 ea 0c 48	1746085120.728622207
4575	0x900	136	00 09 5a 58 09 63 88 ee 0c 48	1746085120.728622339
4576	0x900	146	00 09 5a 58 09 63 88 e9 0c 70	1746085120.728622475
4577	0x900	136	00 09 5a 58 09 63 88 ed 0c 70	1746085120.728622616
4578	0x900	144	00 09 5a 58 09 63 88 eb 0c 08	1746085120.728677596
4579	0x900	153	00 09 5a 58 09 63 88 ef 0c 50	1746085120.728677731
4580	0x900	144	00 09 5a 58 09 63 48 e8 0c 70	1746085120.728679704
4581	0x900	143	00 09 5a 58 09 63 48 ec 0c 88	1746085120.728679839
4582	0x900	150	00 09 5a 58 09 63 48 ea 0c 70	1746085120.728679975
4583	0x900	149	00 09 5a 58 09 63 48 ee 0c 08	1746085120.728680107
4584	0x900	153	00 09 5a 58 09 63 48 e9 0c 08	1746085120.728680249
4585	0x900	135	00 09 5a 58 09 63 48 ed 0c 08	1746085120.728835959
4586	0x900	155	00 09 5a 58 09 63 48 eb 0c 08	1746085120.7288361
4587	0x900	132	00 09 5a 58 09 63 48 ef 0c 48	1746085120.728836235
4588	0x900	135	00 09 5a 58 09 63 c8 e8 0c f0	1746085120.728836373
4589	0x300	58	00 03 5a 58 09 e3 63 e0 64 c8	1746085120.728836505
4590	0xd00	169	00 0d 5a 58 09 63 c8 61 60 90	1746085120.728836644
4591	0xd00	66	00 0d 5a 58 09 63 c8 65 c0 07	1746085120.728836782
4592	0xd00	131	00 0d 5a 58 09 63 c8 63 00 03	1746085120.728836938
4593	0xd00	86	00 0d 5a 58 09 63 c8 67 00 81	1746085120.728868325
4594	0xd00	126	00 0d 5a 58 09 63 28 c8 c9 66	1746085120.728868457
4595	0xd00	120	00 0d 5a 58 09 63 28 64 c0 07	1746085120.729044032
4596	0xd00	91	00 0d 5a 58 09 63 28 62 40 02	1746085120.729044181
4597	0xd00	122	00 0d 5a 58 09 63 28 66 40 07	1746085120.729044338
4598	0xd00	73	00 0d 5a 58 09 63 28 61 00 81	1746085120.729044474
4599	0xd00	130	00 0d 5a 58 09 63 28 65 a0 11	1746085120.729044615
4600	0xd00	57	00 0d 5a 58 09 63 28 63 c0 01	1746085120.729098805
4601	0xd00	147	00 0d 5a 58 09 63 28 ff ff ff	1746085120.729098986
4602	0xd00	53	00 0d 5a 58 09 63 a8 60 20 06	1746085120.729099122
4603	0x300	35	00 03 5a 58 09 e3 63 e0 64 a8	1746085120.729099253
4604	0xd00	88	00 0d 5a 58 09 63 a8 66 60 60	1746085120.729099389
4605	0xd00	143	00 0d 5a 58 09 63 a8 71 66 60	1746085120.729589221
4606	0xa5fc	29	fc a5 7d ca 00 00 00 00 00 08	1746085120.787237189
4607	0x300	32	00 03 a5 07 00 09 03 c6 00 00	1746085120.835797476
4609	0x300	41	00 03 5a 58 09 93 fa 53 7b 8a	1746085120.853418618
4610	0x300	31	00 03 a5 04 00 15 00 7c 14 00	1746085120.894345465
4611	0x1500	18	00 15 a5 00 01 f7 4f 00 00 00	1746085120.918499426
4612	0x300	60	00 03 5a 58 09 93 fa 53 7b 92	1746085121.159246243
4613	0x300	42	00 03 5a 58 09 93 fa 53 7b 9c	1746085121.159658236
4614	0x500	18	00 05 a5 28 22 ec a3 25 47 00	1746085121.159767686
4616	0x900	9	00 09 a5 00 02 a6 5c 6c 0f	1746085121.339777964
4617	0xa5fc	29	fc a5 7d d5 02 00 00 00 90 f8	1746085121.353891139
4618	0x1500	18	00 15 a5 00 02 a6 f5 00 00 00	1746085121.370078056
4619	0xa5fc	29	fc a5 7d d5 02 00 00 00 90 f8	1746085121.418241087
4620	0xa5fc	29	fc a5 7d 3c 01 00 00 00 b0 33	1746085121.449974881
4621	0xa5fc	29	fc a5 7d 3c 01 00 00 00 b0 33	1746085121.482463609
4622	0x300	44	00 03 5a 58 09 93 fa 53 7b 8a	1746085122.182467758
4623	0x500	18	00 05 17 b0 1c a6 2d b0 00 00	1746085122.489235727
4625	0xa5fc	29	fc a5 7d 3c 01 00 00 00 b0 2e	1746085122.516091722
4626	0xa5fc	29	fc a5 7d 3c 01 00 00 00 b0 2e	1746085122.790899737
4627	0x600	18	00 06 04 96 00 00 00 00 00 00	1746085122.790899991
4628	0xa5fc	29	fc a5 7d 9d 00 00 00 00 b0 3f	1746085123.204920309
4629	0xa5fc	29	fc a5 7d ca 00 00 00 00 00 06	1746085123.412811398
4630	0xa5fc	29	fc a5 7d ca 00 00 00 00 00 06	1746085123.417251161
4631	0x600	4	00 06 04 96	1746085123.583324157
4632	0x300	39	00 03 a5 10 00 09 00 03 00 19	1746085123.66515323
4633	0x300	18	00 03 a5 04 00 15 00 03 04 00	1746085123.694525617
4634	0xd00	75	00 0d 5a 58 09 63 a8 65 60 e0	1746085123.694648991
4635	0xd00	20	00 0d 5a 58 09 63 a8 63 18 05	1746085123.694649055
4636	0xd00	20	00 0d 5a 58 09 63 a8 67 18 05	1746085123.694649107
4637	0xd00	20	00 0d 5a 58 09 63 68 60 18 05	1746085123.694649157
4638	0xd00	20	00 0d 5a 58 09 63 68 64 18 05	1746085123.694649209
4639	0xd00	20	00 0d 5a 58 09 63 68 62 18 05	1746085123.694649258
4640	0xd00	20	00 0d 5a 58 09 63 68 66 18 05	1746085123.694649311
4641	0xd00	18	00 0d 5a 58 09 63 68 61 a0 2d	1746085123.706989355
4642	0xd00	75	00 0d 5a 58 09 63 a8 65 60 e0	1746085123.706989479
4643	0xd00	20	00 0d 5a 58 09 63 a8 63 18 05	1746085123.706989531
4644	0xd00	20	00 0d 5a 58 09 63 a8 67 18 05	1746085123.706989584
4645	0xd00	20	00 0d 5a 58 09 63 68 60 18 05	1746085123.708304983
4646	0xd00	20	00 0d 5a 58 09 63 68 64 18 05	1746085123.708305072
4647	0xd00	20	00 0d 5a 58 09 63 68 62 18 05	1746085123.708305129
4648	0xd00	20	00 0d 5a 58 09 63 68 66 18 05	1746085123.708305182
4649	0xd00	18	00 0d 5a 58 09 63 68 61 a0 2d	1746085123.723216299
4650	0x300	48	00 03 5a 78 9c 63 61 10 65 68	1746085123.731056383
4651	0x300	18	00 03 a5 04 00 15 00 05 04 00	1746085123.755061665
4652	0xd00	198	00 0d 5a 58 09 63 68 65 60 e0	1746085123.756971631
4653	0xd00	206	00 0d 5a 58 09 63 68 63 f0 77	1746085123.756971756
4654	0xd00	167	00 0d 5a 58 09 63 68 f7 77 f6	1746085123.756971806
4655	0xd00	143	00 0d 5a 58 09 63 e8 f0 f7 0f	1746085123.756971857
4656	0xd00	136	00 0d 5a 58 09 63 e8 64 c0 00	1746085123.757636474
4657	0xd00	180	00 0d 5a 58 09 63 e8 62 40 06	1746085123.757638487
4658	0x300	227	00 03 5a 58 09 0b 60 e0 65 e8	1746085123.757638561
4659	0x300	138	00 03 5a 58 09 ab 64 e0 64 e8	1746085123.771715406
4660	0xd00	198	00 0d 5a 58 09 63 68 65 60 e0	1746085123.771715549
4661	0xd00	206	00 0d 5a 58 09 63 68 63 f0 77	1746085123.771717257
4662	0xd00	167	00 0d 5a 58 09 63 68 f7 77 f6	1746085123.771717309
4663	0xd00	143	00 0d 5a 58 09 63 e8 f0 f7 0f	1746085123.771717359
4664	0xd00	136	00 0d 5a 58 09 63 e8 64 c0 00	1746085123.771717412
4665	0xd00	180	00 0d 5a 58 09 63 e8 62 40 06	1746085123.771717465
4666	0x300	227	00 03 5a 58 09 0b 60 e0 65 e8	1746085123.77216983
4667	0x300	138	00 03 5a 58 09 ab 64 e0 64 e8	1746085123.787473854
4668	0x300	34	00 03 a5 04 00 15 00 95 17 00	1746085123.799495371
4669	0x900	38	00 09 5a 78 9c 63 e0 60 90 6c	1746085123.799613421
4670	0x300	18	00 03 a5 04 00 15 00 07 04 00	1746085123.819641606
4671	0x300	75	00 03 5a 58 09 63 63 e0 64 98	1746085123.821181909
4672	0xd00	37	00 0d 5a 58 09 63 98 cd c0 c0	1746085123.833481696
4673	0x300	63	00 03 5a 58 09 9b c9 c0 cb 30	1746085123.833481842
4674	0x900	126	00 09 5a 58 09 63 98 df 19 90	1746085123.833481915
4675	0x900	157	00 09 5a 58 09 63 58 d0 19 e0	1746085123.834878939
4676	0x900	154	00 09 5a 58 09 63 58 d8 19 e0	1746085123.834946598
4677	0x900	160	00 09 5a 58 09 63 58 d4 19 90	1746085123.834946669
4678	0x900	152	00 09 5a 58 09 63 58 dc 19 90	1746085123.834946726
4679	0x900	160	00 09 5a 58 09 63 58 d2 19 90	1746085123.834946786
4680	0x900	151	00 09 5a 58 09 63 58 da 19 90	1746085123.834946843
4681	0x900	144	00 09 5a 58 09 63 58 d6 19 90	1746085123.834946901
4682	0x900	152	00 09 5a 58 09 63 58 de 19 90	1746085123.83494696
4683	0x900	153	00 09 5a 58 09 63 58 d1 19 90	1746085123.835098852
4684	0x900	135	00 09 5a 58 09 63 58 d9 19 90	1746085123.83509891
4685	0x900	135	00 09 5a 58 09 63 58 d5 19 a0	1746085123.835098968
4686	0x900	143	00 09 5a 58 09 63 58 dd 19 90	1746085123.835099026
4687	0x900	129	00 09 5a 58 09 63 58 d3 19 90	1746085123.835099082
4688	0x900	146	00 09 5a 58 09 63 58 db 19 90	1746085123.835099142
4689	0x900	127	00 09 5a 58 09 63 58 d7 19 90	1746085123.835167079
4690	0x900	160	00 09 5a 58 09 63 58 df 19 90	1746085123.835167137
4691	0x900	138	00 09 5a 58 09 63 d8 d0 19 90	1746085123.835167196
4692	0x900	131	00 09 5a 58 09 63 d8 d8 19 90	1746085123.835167253
4693	0x900	144	00 09 5a 58 09 63 d8 d4 19 90	1746085123.835428249
4694	0x900	142	00 09 5a 58 09 63 d8 dc 19 e0	1746085123.835428305
4695	0x900	143	00 09 5a 58 09 63 d8 d2 19 e0	1746085123.835428373
4696	0x900	143	00 09 5a 58 09 63 d8 da 19 90	1746085123.835428431
4697	0x900	153	00 09 5a 58 09 63 d8 d6 19 90	1746085123.835428489
4698	0x900	160	00 09 5a 58 09 63 d8 de 19 90	1746085123.835428548
4699	0x900	144	00 09 5a 58 09 63 d8 d1 19 90	1746085123.835428604
4700	0x900	143	00 09 5a 58 09 63 d8 d9 19 90	1746085123.835428663
4701	0x900	136	00 09 5a 58 09 63 d8 d5 19 90	1746085123.835440413
4702	0x900	155	00 09 5a 58 09 63 d8 dd 19 90	1746085123.835597534
4703	0x900	155	00 09 5a 58 09 63 d8 d3 19 90	1746085123.835597594
4704	0x900	140	00 09 5a 58 09 63 d8 db 19 a0	1746085123.835597652
4705	0x900	143	00 09 5a 58 09 63 d8 d7 19 90	1746085123.83559771
4706	0x900	140	00 09 5a 58 09 63 d8 df 19 90	1746085123.835597768
4707	0x900	155	00 09 5a 58 09 63 38 d0 19 90	1746085123.835597827
4708	0x900	146	00 09 5a 58 09 63 38 d8 19 90	1746085123.835597886
4709	0x900	139	00 09 5a 58 09 63 38 d4 19 90	1746085123.837719604
4710	0x900	155	00 09 5a 58 09 63 38 dc 19 90	1746085123.837788756
4711	0x900	158	00 09 5a 58 09 63 38 d2 19 90	1746085123.83778884
4712	0x900	146	00 09 5a 58 09 63 38 da 19 90	1746085123.837788898
4713	0x900	145	00 09 5a 58 09 63 38 d6 19 90	1746085123.837788956
4714	0x900	138	00 09 5a 58 09 63 38 de 19 90	1746085123.837789014
4715	0x900	140	00 09 5a 58 09 63 38 d1 19 90	1746085123.837789072
4716	0x900	134	00 09 5a 58 09 63 38 d9 19 a0	1746085123.837789132
4717	0x900	139	00 09 5a 58 09 63 38 d5 19 90	1746085123.837789188
4718	0x900	140	00 09 5a 58 09 63 38 dd 19 90	1746085123.837905179
4719	0x900	144	00 09 5a 58 09 63 38 d3 19 90	1746085123.837905237
4720	0x900	140	00 09 5a 58 09 63 38 db 19 90	1746085123.838049946
4721	0x900	140	00 09 5a 58 09 63 38 d7 19 90	1746085123.838050007
4722	0x900	140	00 09 5a 58 09 63 38 df 19 a0	1746085123.838050066
4723	0x900	140	00 09 5a 58 09 63 b8 d0 19 90	1746085123.838050124
4724	0x900	144	00 09 5a 58 09 63 b8 d8 19 90	1746085123.838050182
4725	0x900	146	00 09 5a 58 09 63 b8 d4 19 90	1746085123.838050241
4726	0x900	143	00 09 5a 58 09 63 b8 dc 19 90	1746085123.838050298
4727	0x900	145	00 09 5a 58 09 63 b8 d2 19 90	1746085123.838050356
4728	0x900	136	00 09 5a 58 09 63 b8 da 19 90	1746085123.838219011
4729	0x900	160	00 09 5a 58 09 63 b8 d6 19 90	1746085123.838219072
4730	0x900	155	00 09 5a 58 09 63 b8 de 19 90	1746085123.838219129
4731	0x900	133	00 09 5a 58 09 63 b8 d1 19 e0	1746085123.838219188
4732	0x900	140	00 09 5a 58 09 63 b8 d9 19 90	1746085123.838219246
4733	0x900	143	00 09 5a 58 09 63 b8 d5 19 90	1746085123.838219305
4734	0x900	134	00 09 5a 58 09 63 b8 dd 19 a0	1746085123.838288715
4735	0x900	139	00 09 5a 58 09 63 b8 d3 19 90	1746085123.838288775
4736	0x900	143	00 09 5a 58 09 63 b8 db 19 90	1746085123.838288833
4737	0x900	141	00 09 5a 58 09 63 b8 d7 19 90	1746085123.838288891
4738	0x900	135	00 09 5a 58 09 63 b8 df 19 90	1746085123.838528602
4739	0x900	154	00 09 5a 58 09 63 78 d0 19 90	1746085123.838528658
4740	0x900	138	00 09 5a 58 09 63 78 d8 19 90	1746085123.838528718
4741	0x900	140	00 09 5a 58 09 63 78 d4 19 90	1746085123.838528774
4742	0x900	144	00 09 5a 58 09 63 78 dc 19 90	1746085123.838528834
4743	0x900	144	00 09 5a 58 09 63 78 d2 19 90	1746085123.838528892
4744	0x900	137	00 09 5a 58 09 63 78 da 19 90	1746085123.838528948
4745	0x900	142	00 09 5a 58 09 63 78 d6 19 90	1746085123.838529007
4746	0x900	144	00 09 5a 58 09 63 78 de 19 90	1746085123.838542469
4747	0x900	136	00 09 5a 58 09 63 78 d1 19 90	1746085123.838542537
4748	0x900	135	00 09 5a 58 09 63 78 d9 19 90	1746085123.839013339
4749	0x900	137	00 09 5a 58 09 63 78 d5 19 90	1746085123.839013462
4750	0x900	160	00 09 5a 58 09 63 78 dd 19 90	1746085123.839013531
4751	0x900	134	00 09 5a 58 09 63 78 d3 19 90	1746085123.839013589
4752	0x900	129	00 09 5a 58 09 63 78 db 19 90	1746085123.839013648
4753	0x900	138	00 09 5a 58 09 63 78 d7 19 90	1746085123.839013706
4754	0x900	130	00 09 5a 58 09 63 78 df 19 90	1746085123.839013764
4755	0x900	138	00 09 5a 58 09 63 f8 d0 19 90	1746085123.839013821
4756	0x900	135	00 09 5a 58 09 63 f8 d8 19 90	1746085123.839027602
4757	0x900	137	00 09 5a 58 09 63 f8 d4 19 90	1746085123.841306128
4758	0x900	134	00 09 5a 58 09 63 f8 dc 19 90	1746085123.841369422
4759	0x900	137	00 09 5a 58 09 63 f8 d2 19 90	1746085123.841369498
4760	0x900	138	00 09 5a 58 09 63 f8 da 19 90	1746085123.841369558
4761	0x900	160	00 09 5a 58 09 63 f8 d6 19 90	1746085123.841369616
4762	0x900	129	00 09 5a 58 09 63 f8 de 19 90	1746085123.841369672
4763	0x900	151	00 09 5a 58 09 63 f8 d1 19 90	1746085123.841369731
4764	0x900	130	00 09 5a 58 09 63 f8 d9 19 90	1746085123.841587924
4765	0x900	135	00 09 5a 58 09 63 f8 d5 19 90	1746085123.841587974
4766	0x900	134	00 09 5a 58 09 63 f8 dd 19 90	1746085123.841588042
4767	0x900	131	00 09 5a 58 09 63 f8 d3 19 90	1746085123.8415881
4768	0x900	140	00 09 5a 58 09 63 f8 db 19 90	1746085123.841588158
4769	0x900	130	00 09 5a 58 09 63 f8 d7 19 90	1746085123.841588217
4770	0x900	129	00 09 5a 58 09 63 f8 df 19 90	1746085123.841588273
4771	0x900	137	00 09 5a 58 09 63 64 e8 0c 48	1746085123.841588332
4772	0x900	142	00 09 5a 58 09 63 64 ec 0c 48	1746085123.8416021
4773	0x900	135	00 09 5a 58 09 63 64 ea 0c 48	1746085123.841602158
4774	0x900	134	00 09 5a 58 09 63 64 ee 0c 50	1746085123.841800243
4775	0x900	139	00 09 5a 58 09 63 64 e9 0c 48	1746085123.841800301
4776	0x900	136	00 09 5a 58 09 63 64 ed 0c 48	1746085123.841800387
4777	0x900	128	00 09 5a 58 09 63 64 eb 0c 48	1746085123.841800445
4778	0x900	161	00 09 5a 58 09 63 64 ef 0c 48	1746085123.841800503
4779	0x900	128	00 09 5a 58 09 63 e4 e8 0c 48	1746085123.841867912
4780	0x900	130	00 09 5a 58 09 63 e4 ec 0c a8	1746085123.841867981
4781	0x900	142	00 09 5a 58 09 63 e4 ea 0c 48	1746085123.841868039
4782	0x900	138	00 09 5a 58 09 63 e4 ee 0c 48	1746085123.841868097
4783	0x900	128	00 09 5a 58 09 63 e4 e9 0c 48	1746085123.842102059
4784	0x900	130	00 09 5a 58 09 63 e4 ed 0c 48	1746085123.842102119
4785	0x900	142	00 09 5a 58 09 63 e4 eb 0c 48	1746085123.842102178
4786	0x900	153	00 09 5a 58 09 63 e4 ef 0c 48	1746085123.842102236
4787	0x900	128	00 09 5a 58 09 63 14 e8 0c 48	1746085123.842102294
4788	0x900	134	00 09 5a 58 09 63 14 ec 0c 48	1746085123.842102352
4789	0x900	130	00 09 5a 58 09 63 14 ea 0c 48	1746085123.842102411
4790	0x900	138	00 09 5a 58 09 63 14 ee 0c 48	1746085123.842102468
4791	0x900	135	00 09 5a 58 09 63 14 e9 0c 48	1746085123.842115616
4792	0x900	144	00 09 5a 58 09 63 14 ed 0c 48	1746085123.842115673
4793	0x900	143	00 09 5a 58 09 63 14 eb 0c 48	1746085123.84255829
4794	0x900	128	00 09 5a 58 09 63 14 ef 0c 48	1746085123.842558454
4795	0x900	136	00 09 5a 58 09 63 94 e8 0c 48	1746085123.842558513
4796	0x900	137	00 09 5a 58 09 63 94 ec 0c 48	1746085123.842558571
4797	0x900	137	00 09 5a 58 09 63 94 ea 0c 48	1746085123.84255863
4798	0x900	130	00 09 5a 58 09 63 94 ee 0c 48	1746085123.842620442
4799	0x900	128	00 09 5a 58 09 63 94 e9 0c 48	1746085123.8426205
4800	0x900	140	00 09 5a 58 09 63 94 ed 0c 48	1746085123.842620559
4801	0x900	136	00 09 5a 58 09 63 94 eb 0c 48	1746085123.842620617
4802	0x900	136	00 09 5a 58 09 63 94 ef 0c 48	1746085123.842620674
4803	0x900	129	00 09 5a 58 09 63 54 e8 0c 48	1746085123.842620732
4804	0x900	131	00 09 5a 58 09 63 54 ec 0c 48	1746085123.842620791
4805	0x900	139	00 09 5a 58 09 63 54 ea 0c 48	1746085123.843126986
4806	0x900	133	00 09 5a 58 09 63 54 ee 0c 48	1746085123.843198529
4807	0x900	137	00 09 5a 58 09 63 54 e9 0c 48	1746085123.843198587
4808	0x900	130	00 09 5a 58 09 63 54 ed 0c 48	1746085123.843198646
4809	0x900	137	00 09 5a 58 09 63 54 eb 0c 48	1746085123.843198704
4810	0x900	134	00 09 5a 58 09 63 54 ef 0c 48	1746085123.843198761
4811	0x900	134	00 09 5a 58 09 63 d4 e8 0c 48	1746085123.843198819
4812	0x900	136	00 09 5a 58 09 63 d4 ec 0c 48	1746085123.843198878
4813	0x900	136	00 09 5a 58 09 63 d4 ea 0c 48	1746085123.843198935
4814	0x900	135	00 09 5a 58 09 63 d4 ee 0c 48	1746085123.843406986
4815	0x900	135	00 09 5a 58 09 63 d4 e9 0c 48	1746085123.843407045
4816	0x900	154	00 09 5a 58 09 63 d4 ed 0c 48	1746085123.843407105
4817	0x900	135	00 09 5a 58 09 63 d4 eb 0c 48	1746085123.843407163
4818	0x900	135	00 09 5a 58 09 63 d4 ef 0c 48	1746085123.843407222
4819	0x900	135	00 09 5a 58 09 63 34 e8 0c 48	1746085123.84340728
4820	0x900	145	00 09 5a 58 09 63 34 ec 0c 48	1746085123.843407337
4821	0x900	136	00 09 5a 58 09 63 34 ea 0c 48	1746085123.843568364
4822	0x900	137	00 09 5a 58 09 63 34 ee 0c 48	1746085123.843568451
4823	0x900	137	00 09 5a 58 09 63 34 e9 0c 48	1746085123.84356851
4824	0x900	136	00 09 5a 58 09 63 34 ed 0c 48	1746085123.843568568
4825	0x900	136	00 09 5a 58 09 63 34 eb 0c 48	1746085123.843568627
4826	0x900	136	00 09 5a 58 09 63 34 ef 0c 48	1746085123.843568684
4827	0x900	135	00 09 5a 58 09 63 b4 e8 0c 48	1746085123.843568743
4828	0x900	136	00 09 5a 58 09 63 b4 ec 0c 48	1746085123.84356881
4829	0x900	136	00 09 5a 58 09 63 b4 ea 0c 48	1746085123.843591293
4830	0x900	136	00 09 5a 58 09 63 b4 ee 0c 48	1746085123.843591352
4831	0x900	143	00 09 5a 58 09 63 b4 e9 0c 48	1746085123.843591409
4832	0x900	142	00 09 5a 58 09 63 b4 ed 0c 48	1746085123.843591467
4833	0x900	158	00 09 5a 58 09 63 b4 eb 0c 48	1746085123.843591525
4834	0x900	128	00 09 5a 58 09 63 b4 ef 0c 48	1746085123.843591583
4835	0x900	127	00 09 5a 58 09 63 74 e8 0c 48	1746085123.843591641
4836	0x900	148	00 09 5a 58 09 63 74 ec 0c 48	1746085123.843863699
4837	0x900	130	00 09 5a 58 09 63 74 ea 0c 48	1746085123.843863762
4838	0x900	134	00 09 5a 58 09 63 74 ee 0c 48	1746085123.84386382
4839	0x900	131	00 09 5a 58 09 63 74 e9 0c 48	1746085123.843863877
4840	0x300	304	00 03 5a 58 09 7b c5 c0 c9 e8	1746085123.843863936
4841	0x300	202	00 03 5a 58 09 2b 60 e0 64 f4	1746085123.843863994
4842	0x300	215	00 03 5a 58 09 ab 62 e0 64 f4	1746085123.843864052
4843	0x300	251	00 03 5a 58 09 2b 61 e0 64 0c	1746085123.843864111
4844	0x300	224	00 03 5a 58 09 2b 64 e0 64 0c	1746085123.84388053
4845	0xd00	438	00 0d 5a 58 09 63 0c 67 60 60	1746085123.843880587
4846	0x300	293	00 03 5a 58 09 bb cf c0 cb 18	1746085123.843880646
4847	0x300	225	00 03 5a 58 09 93 67 e0 64 8c	1746085123.844110642
4848	0xd00	420	00 0d 5a 58 09 63 4c 64 60 60	1746085123.8441107
4849	0x300	241	00 03 5a 58 09 db cd c0 cb 98	1746085123.84411076
4850	0x900	227	00 09 5a 58 09 63 4c 15 31 67	1746085123.844110818
4851	0x300	245	00 03 5a 58 09 4b 66 e0 64 4c	1746085123.844110876
4852	0x300	247	00 03 5a 58 09 53 64 e0 64 2c	1746085123.844376221
4853	0x300	307	00 03 5a 58 09 93 fa 53 fb 8c	1746085123.844737625
4854	0x300	320	00 03 5a 58 09 93 fa 53 7b 99	1746085123.844817059
4855	0x300	299	00 03 5a 58 09 93 fa 53 7b 94	1746085123.84481713
4856	0x300	309	00 03 5a 58 09 93 fa 53 bb 8e	1746085123.844817198
4857	0x300	306	00 03 5a 58 09 93 fa 53 3b 9b	1746085123.844817257
4858	0x300	306	00 03 5a 58 09 93 fa 53 db c9	1746085123.844817315
4859	0x300	306	00 03 5a 58 09 93 fa 53 6b cc	1746085123.844817373
4860	0x300	315	00 03 5a 58 09 93 fa 53 ab c0	1746085123.844817432
4861	0x300	311	00 03 5a 58 09 93 fa 53 2b c0	1746085123.844817491
4862	0x300	317	00 03 5a 58 09 93 fa 53 6b cf	1746085123.844979603
4863	0x300	307	00 03 5a 58 09 93 fa 53 1b c8	1746085123.844979668
4864	0x300	299	00 03 5a 58 09 93 fa 53 9b cc	1746085123.844979728
4865	0x300	174	00 03 5a 58 09 93 fa 53 5b ce	1746085123.844979787
4866	0xd00	272	00 0d 5a 58 09 63 2c 67 60 60	1746085123.844979844
4867	0xd00	248	00 0d 5a 58 09 63 ac 38 ca ca	1746085123.845042335
4868	0x300	214	00 03 5a 58 09 7b c9 c0 cb 58	1746085123.845042389
4869	0x300	178	00 03 5a 58 09 2b 63 e0 64 ac	1746085123.845042461
4870	0x300	195	00 03 5a 58 09 2b 63 e0 64 6c	1746085123.845042521
4871	0x300	183	00 03 5a 58 09 2b 63 e0 64 6c	1746085123.845042579
4872	0x300	149	00 03 5a 58 09 2b 63 e0 64 ec	1746085123.845286671
4873	0x300	146	00 03 5a 58 09 2b 63 e0 64 ec	1746085123.84528676
4874	0x300	75	00 03 5a 58 09 63 63 e0 64 98	1746085123.845286819
4875	0xd00	37	00 0d 5a 58 09 63 98 cd c0 c0	1746085123.845286876
4876	0x300	47	00 03 5a 58 09 9b c9 c0 cb 30	1746085123.845286935
4877	0x900	126	00 09 5a 58 09 63 98 df 19 90	1746085123.845286993
4878	0x900	157	00 09 5a 58 09 63 58 d0 19 e0	1746085123.845287052
4879	0x900	154	00 09 5a 58 09 63 58 d8 19 e0	1746085123.845287108
4880	0x900	160	00 09 5a 58 09 63 58 d4 19 90	1746085123.845300489
4881	0x900	152	00 09 5a 58 09 63 58 dc 19 90	1746085123.845551124
4882	0x900	160	00 09 5a 58 09 63 58 d2 19 90	1746085123.845551187
4883	0x900	151	00 09 5a 58 09 63 58 da 19 90	1746085123.845551256
4884	0x900	144	00 09 5a 58 09 63 58 d6 19 90	1746085123.845551314
4885	0x900	152	00 09 5a 58 09 63 58 de 19 90	1746085123.845551372
4886	0x900	153	00 09 5a 58 09 63 58 d1 19 90	1746085123.845551428
4887	0x900	135	00 09 5a 58 09 63 58 d9 19 90	1746085123.845551488
4888	0x900	135	00 09 5a 58 09 63 58 d5 19 a0	1746085123.845551547
4889	0x900	143	00 09 5a 58 09 63 58 dd 19 90	1746085123.845567134
4890	0x900	129	00 09 5a 58 09 63 58 d3 19 90	1746085123.845567193
4891	0x900	146	00 09 5a 58 09 63 58 db 19 90	1746085123.845567252
4892	0x900	127	00 09 5a 58 09 63 58 d7 19 90	1746085123.846021128
4893	0x900	160	00 09 5a 58 09 63 58 df 19 90	1746085123.846021225
4894	0x900	138	00 09 5a 58 09 63 d8 d0 19 90	1746085123.846021284
4895	0x900	131	00 09 5a 58 09 63 d8 d8 19 90	1746085123.846021342
4896	0x900	144	00 09 5a 58 09 63 d8 d4 19 90	1746085123.846021401
4897	0x900	142	00 09 5a 58 09 63 d8 dc 19 e0	1746085123.846021458
4898	0x900	143	00 09 5a 58 09 63 d8 d2 19 e0	1746085123.846021517
4899	0x900	143	00 09 5a 58 09 63 d8 da 19 90	1746085123.846021575
4900	0x900	153	00 09 5a 58 09 63 d8 d6 19 90	1746085123.846036872
4901	0x900	160	00 09 5a 58 09 63 d8 de 19 90	1746085123.846448606
4902	0x900	144	00 09 5a 58 09 63 d8 d1 19 90	1746085123.846536087
4903	0x900	143	00 09 5a 58 09 63 d8 d9 19 90	1746085123.84653616
4904	0x900	136	00 09 5a 58 09 63 d8 d5 19 90	1746085123.846536229
4905	0x900	155	00 09 5a 58 09 63 d8 dd 19 90	1746085123.846536286
4906	0x900	155	00 09 5a 58 09 63 d8 d3 19 90	1746085123.846536343
4907	0x900	140	00 09 5a 58 09 63 d8 db 19 a0	1746085123.846536403
4908	0x900	143	00 09 5a 58 09 63 d8 d7 19 90	1746085123.84653646
4909	0x900	140	00 09 5a 58 09 63 d8 df 19 90	1746085123.846536518
4910	0x900	155	00 09 5a 58 09 63 38 d0 19 90	1746085123.846550338
4911	0x900	146	00 09 5a 58 09 63 38 d8 19 90	1746085123.846550397
4912	0x900	139	00 09 5a 58 09 63 38 d4 19 90	1746085123.846759294
4913	0x900	155	00 09 5a 58 09 63 38 dc 19 90	1746085123.846759353
4914	0x900	158	00 09 5a 58 09 63 38 d2 19 90	1746085123.846759421
4915	0x900	146	00 09 5a 58 09 63 38 da 19 90	1746085123.846759478
4916	0x900	145	00 09 5a 58 09 63 38 d6 19 90	1746085123.846759536
4917	0x900	138	00 09 5a 58 09 63 38 de 19 90	1746085123.846759594
4918	0x900	140	00 09 5a 58 09 63 38 d1 19 90	1746085123.846759652
4919	0x900	134	00 09 5a 58 09 63 38 d9 19 a0	1746085123.846759722
4920	0x900	139	00 09 5a 58 09 63 38 d5 19 90	1746085123.846778089
4921	0x900	140	00 09 5a 58 09 63 38 dd 19 90	1746085123.84677815
4922	0x900	144	00 09 5a 58 09 63 38 d3 19 90	1746085123.846778209
4923	0x900	140	00 09 5a 58 09 63 38 db 19 90	1746085123.846944809
4924	0x900	140	00 09 5a 58 09 63 38 d7 19 90	1746085123.846944867
4925	0x900	140	00 09 5a 58 09 63 38 df 19 a0	1746085123.846944925
4926	0x900	140	00 09 5a 58 09 63 b8 d0 19 90	1746085123.846944983
4927	0x900	144	00 09 5a 58 09 63 b8 d8 19 90	1746085123.846945041
4928	0x900	146	00 09 5a 58 09 63 b8 d4 19 90	1746085123.8469451
4929	0x900	143	00 09 5a 58 09 63 b8 dc 19 90	1746085123.846945158
4930	0x900	145	00 09 5a 58 09 63 b8 d2 19 90	1746085123.846945215
4931	0x900	136	00 09 5a 58 09 63 b8 da 19 90	1746085123.847163357
4932	0x900	160	00 09 5a 58 09 63 b8 d6 19 90	1746085123.847163414
4933	0x900	155	00 09 5a 58 09 63 b8 de 19 90	1746085123.847163473
4934	0x900	133	00 09 5a 58 09 63 b8 d1 19 e0	1746085123.847163532
4935	0x900	140	00 09 5a 58 09 63 b8 d9 19 90	1746085123.847163588
4936	0x900	143	00 09 5a 58 09 63 b8 d5 19 90	1746085123.847163647
4937	0x900	134	00 09 5a 58 09 63 b8 dd 19 a0	1746085123.847163705
4938	0x900	139	00 09 5a 58 09 63 b8 d3 19 90	1746085123.847163764
4939	0x900	143	00 09 5a 58 09 63 b8 db 19 90	1746085123.847177281
4940	0x900	141	00 09 5a 58 09 63 b8 d7 19 90	1746085123.847177339
4941	0x900	135	00 09 5a 58 09 63 b8 df 19 90	1746085123.847177398
4942	0x900	154	00 09 5a 58 09 63 78 d0 19 90	1746085123.847415565
4943	0x900	138	00 09 5a 58 09 63 78 d8 19 90	1746085123.847415627
4944	0x900	140	00 09 5a 58 09 63 78 d4 19 90	1746085123.847415685
4945	0x900	144	00 09 5a 58 09 63 78 dc 19 90	1746085123.847415743
4946	0x900	144	00 09 5a 58 09 63 78 d2 19 90	1746085123.847415801
4947	0x900	137	00 09 5a 58 09 63 78 da 19 90	1746085123.847415859
4948	0x900	142	00 09 5a 58 09 63 78 d6 19 90	1746085123.847768128
4949	0x900	144	00 09 5a 58 09 63 78 de 19 90	1746085123.847768197
4950	0x900	136	00 09 5a 58 09 63 78 d1 19 90	1746085123.847768279
4951	0x900	135	00 09 5a 58 09 63 78 d9 19 90	1746085123.848021505
4952	0x900	137	00 09 5a 58 09 63 78 d5 19 90	1746085123.848021573
4953	0x900	160	00 09 5a 58 09 63 78 dd 19 90	1746085123.848021642
4954	0x900	134	00 09 5a 58 09 63 78 d3 19 90	1746085123.848021699
4955	0x900	129	00 09 5a 58 09 63 78 db 19 90	1746085123.848021756
4956	0x900	138	00 09 5a 58 09 63 78 d7 19 90	1746085123.848021815
4957	0x900	130	00 09 5a 58 09 63 78 df 19 90	1746085123.848021874
4958	0x900	138	00 09 5a 58 09 63 f8 d0 19 90	1746085123.848021932
4959	0x900	135	00 09 5a 58 09 63 f8 d8 19 90	1746085123.848033423
4960	0x900	137	00 09 5a 58 09 63 f8 d4 19 90	1746085123.848269826
4961	0x900	134	00 09 5a 58 09 63 f8 dc 19 90	1746085123.848269895
4962	0x900	137	00 09 5a 58 09 63 f8 d2 19 90	1746085123.848269954
4963	0x900	138	00 09 5a 58 09 63 f8 da 19 90	1746085123.848270012
4964	0x900	160	00 09 5a 58 09 63 f8 d6 19 90	1746085123.84827007
4965	0x900	129	00 09 5a 58 09 63 f8 de 19 90	1746085123.849953509
4966	0x900	151	00 09 5a 58 09 63 f8 d1 19 90	1746085123.850020503
4967	0x900	130	00 09 5a 58 09 63 f8 d9 19 90	1746085123.85002057
4968	0x900	135	00 09 5a 58 09 63 f8 d5 19 90	1746085123.850020628
4969	0x900	134	00 09 5a 58 09 63 f8 dd 19 90	1746085123.850020686
4970	0x900	131	00 09 5a 58 09 63 f8 d3 19 90	1746085123.850020745
4971	0x900	140	00 09 5a 58 09 63 f8 db 19 90	1746085123.850020804
4972	0x900	130	00 09 5a 58 09 63 f8 d7 19 90	1746085123.85002086
4973	0x900	129	00 09 5a 58 09 63 f8 df 19 90	1746085123.850164103
4974	0x900	137	00 09 5a 58 09 63 64 e8 0c 48	1746085123.85016418
4975	0x900	142	00 09 5a 58 09 63 64 ec 0c 48	1746085123.850164237
4976	0x900	135	00 09 5a 58 09 63 64 ea 0c 48	1746085123.850218348
4977	0x900	134	00 09 5a 58 09 63 64 ee 0c 50	1746085123.850434844
4978	0x900	139	00 09 5a 58 09 63 64 e9 0c 48	1746085123.85048586
4979	0x900	136	00 09 5a 58 09 63 64 ed 0c 48	1746085123.850485931
4980	0x900	128	00 09 5a 58 09 63 64 eb 0c 48	1746085123.850485987
4981	0x900	161	00 09 5a 58 09 63 64 ef 0c 48	1746085123.850486056
4982	0x900	128	00 09 5a 58 09 63 e4 e8 0c 48	1746085123.85074489
4983	0x900	130	00 09 5a 58 09 63 e4 ec 0c a8	1746085123.850745016
4984	0x900	142	00 09 5a 58 09 63 e4 ea 0c 48	1746085123.850745098
4985	0x900	138	00 09 5a 58 09 63 e4 ee 0c 48	1746085123.850745171
4986	0x900	128	00 09 5a 58 09 63 e4 e9 0c 48	1746085123.850745245
4987	0x900	130	00 09 5a 58 09 63 e4 ed 0c 48	1746085123.850745318
4988	0x900	142	00 09 5a 58 09 63 e4 eb 0c 48	1746085123.850745397
4989	0x900	153	00 09 5a 58 09 63 e4 ef 0c 48	1746085123.850745473
4990	0x900	128	00 09 5a 58 09 63 14 e8 0c 48	1746085123.850782704
4991	0x900	134	00 09 5a 58 09 63 14 ec 0c 48	1746085123.85078465
4992	0x900	130	00 09 5a 58 09 63 14 ea 0c 48	1746085123.851213865
4993	0x900	138	00 09 5a 58 09 63 14 ee 0c 48	1746085123.851214008
4994	0x900	135	00 09 5a 58 09 63 14 e9 0c 48	1746085123.8512141
4995	0x900	144	00 09 5a 58 09 63 14 ed 0c 48	1746085123.851214179
4996	0x900	143	00 09 5a 58 09 63 14 eb 0c 48	1746085123.851214256
4997	0x900	128	00 09 5a 58 09 63 14 ef 0c 48	1746085123.851214331
4998	0x900	136	00 09 5a 58 09 63 94 e8 0c 48	1746085123.851214406
4999	0x900	137	00 09 5a 58 09 63 94 ec 0c 48	1746085123.851214482
5000	0x900	137	00 09 5a 58 09 63 94 ea 0c 48	1746085123.851245876
5001	0x900	130	00 09 5a 58 09 63 94 ee 0c 48	1746085123.851248048
5002	0x900	128	00 09 5a 58 09 63 94 e9 0c 48	1746085123.851248132
5003	0x900	140	00 09 5a 58 09 63 94 ed 0c 48	1746085123.851248211
5004	0x900	136	00 09 5a 58 09 63 94 eb 0c 48	1746085123.851248292
5005	0x900	136	00 09 5a 58 09 63 94 ef 0c 48	1746085123.851248373
5006	0x900	129	00 09 5a 58 09 63 54 e8 0c 48	1746085123.851324095
5007	0x900	131	00 09 5a 58 09 63 54 ec 0c 48	1746085123.851324211
5008	0x900	139	00 09 5a 58 09 63 54 ea 0c 48	1746085123.851324294
5009	0x900	133	00 09 5a 58 09 63 54 ee 0c 48	1746085123.851324372
5010	0x900	137	00 09 5a 58 09 63 54 e9 0c 48	1746085123.851324454
5011	0x900	130	00 09 5a 58 09 63 54 ed 0c 48	1746085123.851324527
5012	0x900	137	00 09 5a 58 09 63 54 eb 0c 48	1746085123.85325204
5013	0x900	134	00 09 5a 58 09 63 54 ef 0c 48	1746085123.853254218
5014	0x900	134	00 09 5a 58 09 63 d4 e8 0c 48	1746085123.853414147
5015	0x900	136	00 09 5a 58 09 63 d4 ec 0c 48	1746085123.853414313
5016	0x900	136	00 09 5a 58 09 63 d4 ea 0c 48	1746085123.853414399
5017	0x900	135	00 09 5a 58 09 63 d4 ee 0c 48	1746085123.853414491
5018	0x900	135	00 09 5a 58 09 63 d4 e9 0c 48	1746085123.853414574
5019	0x900	154	00 09 5a 58 09 63 d4 ed 0c 48	1746085123.853414653
5020	0x900	135	00 09 5a 58 09 63 d4 eb 0c 48	1746085123.853414731
5021	0x900	135	00 09 5a 58 09 63 d4 ef 0c 48	1746085123.853414802
5022	0x900	135	00 09 5a 58 09 63 34 e8 0c 48	1746085123.853449296
5023	0x900	145	00 09 5a 58 09 63 34 ec 0c 48	1746085123.853449376
5024	0x900	136	00 09 5a 58 09 63 34 ea 0c 48	1746085123.853449452
5025	0x900	137	00 09 5a 58 09 63 34 ee 0c 48	1746085123.853449526
5026	0x900	137	00 09 5a 58 09 63 34 e9 0c 48	1746085123.853449602
5027	0x900	136	00 09 5a 58 09 63 34 ed 0c 48	1746085123.853449673
5028	0x900	136	00 09 5a 58 09 63 34 eb 0c 48	1746085123.853449872
5029	0x900	136	00 09 5a 58 09 63 34 ef 0c 48	1746085123.853449933
5030	0x900	135	00 09 5a 58 09 63 b4 e8 0c 48	1746085123.853467597
5031	0x900	136	00 09 5a 58 09 63 b4 ec 0c 48	1746085123.853644519
5032	0x900	136	00 09 5a 58 09 63 b4 ea 0c 48	1746085123.853646531
5033	0x900	136	00 09 5a 58 09 63 b4 ee 0c 48	1746085123.853646645
5034	0x900	143	00 09 5a 58 09 63 b4 e9 0c 48	1746085123.853646714
5035	0x900	142	00 09 5a 58 09 63 b4 ed 0c 48	1746085123.853646788
5036	0x900	158	00 09 5a 58 09 63 b4 eb 0c 48	1746085123.853646865
5037	0x900	128	00 09 5a 58 09 63 b4 ef 0c 48	1746085123.853646945
5038	0x900	127	00 09 5a 58 09 63 74 e8 0c 48	1746085123.853812166
5039	0x900	148	00 09 5a 58 09 63 74 ec 0c 48	1746085123.853812322
5040	0x900	130	00 09 5a 58 09 63 74 ea 0c 48	1746085123.853812406
5041	0x900	134	00 09 5a 58 09 63 74 ee 0c 48	1746085123.853812489
5042	0x900	131	00 09 5a 58 09 63 74 e9 0c 48	1746085123.853812568
5043	0x300	304	00 03 5a 58 09 7b c5 c0 c9 e8	1746085123.853812647
5044	0x300	202	00 03 5a 58 09 2b 60 e0 64 f4	1746085123.853812726
5045	0x300	215	00 03 5a 58 09 ab 62 e0 64 f4	1746085123.853812822
5046	0x300	251	00 03 5a 58 09 2b 61 e0 64 0c	1746085123.853840903
5047	0x300	224	00 03 5a 58 09 2b 64 e0 64 0c	1746085123.85384098
5048	0xd00	438	00 0d 5a 58 09 63 0c 67 60 60	1746085123.853841055
5049	0x300	293	00 03 5a 58 09 bb cf c0 cb 18	1746085123.854097329
5050	0x300	225	00 03 5a 58 09 93 67 e0 64 8c	1746085123.854097486
5051	0xd00	420	00 0d 5a 58 09 63 4c 64 60 60	1746085123.854097548
5052	0x300	241	00 03 5a 58 09 db cd c0 cb 98	1746085123.854097613
5053	0x900	227	00 09 5a 58 09 63 4c 15 31 67	1746085123.854097687
5054	0x300	234	00 03 5a 58 09 4b 66 e0 64 4c	1746085123.854097758
5055	0x300	73	00 03 5a 58 09 e3 63 e0 64 2c	1746085123.854097819
5056	0xd00	272	00 0d 5a 58 09 63 2c 67 60 60	1746085123.854097915
5057	0xd00	248	00 0d 5a 58 09 63 ac 38 ca ca	1746085123.854117671
5058	0x300	214	00 03 5a 58 09 7b c9 c0 cb 58	1746085123.854544
5059	0x300	178	00 03 5a 58 09 2b 63 e0 64 ac	1746085123.854544154
5060	0x300	195	00 03 5a 58 09 2b 63 e0 64 6c	1746085123.854544255
5061	0x300	183	00 03 5a 58 09 2b 63 e0 64 6c	1746085123.854905105
5062	0x300	149	00 03 5a 58 09 2b 63 e0 64 ec	1746085123.854905208
5063	0x300	146	00 03 5a 58 09 2b 63 e0 64 ec	1746085123.855409894
5064	0x300	64	00 03 5a 58 09 13 60 e0 64 9c	1746085123.867824937
5065	0xa5fc	29	fc a5 7d 3c 01 00 00 00 60 28	1746085123.932334539
5066	0x300	17	00 03 a5 06 00 09 00 09 6c 16	1746085123.97603046
5067	0x1500	18	00 15 a5 00 09 7f 7d 00 00 00	1746085124.011682331
5068	0x300	46	00 03 5a 58 09 93 fa 53 6b c3	1746085124.060163927
5069	0x900	17	00 09 a5 00 0a 9a 55 d4 02 00	1746085124.157377994
5070	0xa5fc	29	fc a5 7d b0 00 00 00 00 e0 42	1746085124.173252377
5071	0x1500	18	00 15 a5 00 0a 2e c7 00 00 00	1746085124.189093224
5072	0xa5fc	29	fc a5 7d 3d 01 00 00 00 f0 41	1746085124.33384824
5073	0x300	62	00 03 5a 58 09 93 fa 53 7b 8a	1746085124.432888495
5074	0x300	44	00 03 5a 58 09 93 fa 53 7b 8a	1746085124.63689792
5075	0xa5fc	29	fc a5 7d 9d 00 00 00 00 c0 3c	1746085124.841312312
5078	0x900	18	00 09 a5 01 96 9a 55 e4 00 00	1746085125.047056094
5079	0x900	18	00 09 a5 01 96 9a 55 e4 00 00	1746085125.047536412
5080	0x900	18	00 09 a5 01 97 9a 55 e5 00 00	1746085125.047887959
5081	0xa5fc	29	fc a5 7d 3c 01 00 00 00 40 23	1746085125.111248577
5082	0x300	46	00 03 5a 58 09 93 fa 53 6b c3	1746085125.208342987
5083	0x1500	7	00 15 a5 01 97 f0 7f	1746085125.228200314
5084	0x300	62	00 03 5a 58 09 93 fa 53 bb 81	1746085125.240952329
5085	0xa5fc	29	fc a5 7d c9 00 00 00 00 70 6c	1746085125.3378652
5086	0xa5fc	29	fc a5 7d b0 00 00 00 00 10 43	1746085125.402689776
5087	0x300	43	00 03 5a 58 09 93 fa 53 bb 81	1746085125.467813033
5088	0x300	100	00 03 5a 58 09 53 63 e0 64 9c	1746085125.508465511
5089	0x300	80	00 03 5a 58 09 53 63 e0 64 9c	1746085125.524740633
5090	0x1500	7	00 15 a5 01 9b bc 54	1746085125.676162129
5091	0xa5fc	29	fc a5 7d ca 00 00 00 00 00 01	1746085125.865141273
5092	0x300	100	00 03 5a 78 9c 4b 60 e0 64 e0	1746085126.006339291
5093	0x300	41	00 03 5a 58 09 93 fa 53 7b 8a	1746085126.008470738
5094	0x300	18	00 03 a5 04 00 15 00 0b 04 00	1746085126.042827053
5095	0xa5fc	29	fc a5 7d ca 00 00 00 00 b0 00	1746085126.17278172
5096	0xa5fc	29	fc a5 7d c7 00 00 00 00 b0 67	1746085126.174393181
5097	0xa5fc	29	fc a5 7d 3c 01 00 00 00 80 1e	1746085126.203538648
5098	0xd00	26	00 0d 5a 78 9c 63 e0 65 60 10	1746085126.49389354
5099	0xd00	20	00 0d 5a 78 9c 63 e0 63 18 05	1746085126.494056701
5100	0xd00	20	00 0d 5a 78 9c 63 e0 67 18 05	1746085126.494153791
5101	0xd00	20	00 0d 5a 78 9c 63 10 60 18 05	1746085126.494209564
5102	0xd00	20	00 0d 5a 78 9c 63 10 64 18 05	1746085126.494264741
5103	0xd00	20	00 0d 5a 78 9c 63 10 62 18 05	1746085126.494322031
5104	0xd00	20	00 0d 5a 78 9c 63 10 66 18 05	1746085126.494378986
5105	0xd00	20	00 0d 5a 78 9c 63 10 61 18 05	1746085126.494433827
5106	0xd00	18	00 0d 5a 78 9c 63 10 65 a0 2a	1746085126.494487179
5107	0xd00	26	00 0d 5a 78 9c 63 10 63 60 10	1746085126.49455226
5108	0xd00	20	00 0d 5a 78 9c 63 10 67 18 05	1746085126.494610234
5109	0xd00	20	00 0d 5a 78 9c 63 90 60 18 05	1746085126.494666766
5110	0xd00	20	00 0d 5a 78 9c 63 90 64 18 05	1746085126.494721071
5111	0xd00	20	00 0d 5a 78 9c 63 90 62 18 05	1746085126.494777356
5112	0xd00	20	00 0d 5a 78 9c 63 90 66 18 05	1746085126.494833537
5113	0xd00	20	00 0d 5a 78 9c 63 90 61 18 05	1746085126.494888656
5114	0xd00	20	00 0d 5a 78 9c 63 90 65 18 05	1746085126.494949939
5115	0x300	60	00 03 5a 58 09 63 61 10 65 e0	1746085126.52511263
5116	0xd00	18	00 0d 5a 78 9c 63 90 63 a0 2a	1746085126.536387171
5117	0xd00	26	00 0d 5a 78 9c 63 90 67 60 10	1746085126.536479448
5118	0xd00	20	00 0d 5a 78 9c 63 50 60 18 05	1746085126.536561289
5119	0xd00	20	00 0d 5a 78 9c 63 50 64 18 05	1746085126.53673623
5120	0xd00	20	00 0d 5a 78 9c 63 50 62 18 05	1746085126.536904119
5121	0xd00	20	00 0d 5a 78 9c 63 50 66 18 05	1746085126.536974668
5122	0xd00	20	00 0d 5a 78 9c 63 50 61 18 05	1746085126.537041011
5123	0xd00	20	00 0d 5a 78 9c 63 50 65 18 05	1746085126.537114715
5124	0xd00	20	00 0d 5a 78 9c 63 50 63 18 05	1746085126.537181139
5125	0xd00	18	00 0d 5a 78 9c 63 50 67 a0 2a	1746085126.537245024
5126	0xd00	26	00 0d 5a 78 9c 63 d0 60 60 10	1746085126.5373126
5127	0xd00	20	00 0d 5a 78 9c 63 d0 64 18 05	1746085126.537393838
5128	0xd00	20	00 0d 5a 78 9c 63 d0 62 18 05	1746085126.537459255
5129	0xd00	20	00 0d 5a 78 9c 63 d0 66 18 05	1746085126.53753218
5130	0xd00	20	00 0d 5a 78 9c 63 d0 61 18 05	1746085126.537599496
5131	0xd00	20	00 0d 5a 78 9c 63 d0 65 18 05	1746085126.537664418
5132	0xd00	20	00 0d 5a 78 9c 63 d0 63 18 05	1746085126.537744662
5133	0xd00	20	00 0d 5a 78 9c 63 d0 67 18 05	1746085126.53781142
5134	0xd00	18	00 0d 5a 78 9c 63 30 60 a0 2a	1746085126.53787962
5135	0xd00	26	00 0d 5a 78 9c 63 30 64 60 10	1746085126.537963166
5136	0xd00	20	00 0d 5a 78 9c 63 30 62 18 05	1746085126.538061459
5137	0xd00	20	00 0d 5a 78 9c 63 30 66 18 05	1746085126.538148091
5138	0xd00	20	00 0d 5a 78 9c 63 30 61 18 05	1746085126.538213504
5139	0xd00	20	00 0d 5a 78 9c 63 30 65 18 05	1746085126.538278024
5140	0xd00	20	00 0d 5a 78 9c 63 30 63 18 05	1746085126.538346079
5141	0xd00	20	00 0d 5a 78 9c 63 30 67 18 05	1746085126.538409918
5142	0xd00	20	00 0d 5a 78 9c 63 b0 60 18 05	1746085126.538474741
5143	0x300	46	00 03 5a 58 09 93 fa 53 6b cb	1746085126.557097152
5144	0x300	86	00 03 5a 58 09 63 61 10 65 90	1746085126.572368537
5145	0x300	122	00 03 5a 78 9c 0b 62 e0 65 b0	1746085126.703241189
5146	0x300	43	00 03 5a 58 09 93 fa 53 7b 92	1746085126.707631427
5147	0x300	18	00 03 a5 04 00 15 00 39 04 00	1746085126.735029054
5148	0x900	33	00 09 a5 00 3b 00 19 06 5d 07	1746085127.113698042
5149	0x1500	18	00 15 a5 00 3b 2e fd 00 00 00	1746085127.138817564
5150	0x300	55	00 03 5a 58 09 e3 62 e0 64 9c	1746085127.157327327
5151	0x900	18	00 09 a5 01 9c 72 02 00 00 00	1746085127.171845036
5152	0x300	41	00 03 5a 58 09 93 fa 53 7b 8a	1746085127.299972836
5153	0x300	57	00 03 5a 78 9c 63 61 10 65 9c	1746085127.342654348
5154	0xa5fc	29	fc a5 7d c7 00 00 00 00 10 68	1746085127.708525828
5155	0xa5fc	29	fc a5 7d 3d 01 00 00 00 10 42	1746085127.735869287
5156	0xa5fc	29	fc a5 7d 3d 01 00 00 00 10 42	1746085127.768297005
5157	0x300	42	00 03 5a 58 09 93 fa 53 7b 9c	1746085127.80103005
5158	0x5afc	49	fc 5a 78 9c ab 35 11 bd c2 c4	1746085128.110911352
5159	0xa5fc	29	fc a5 7d 3c 01 00 00 00 40 24	1746085128.53282871
5160	0x300	46	00 03 5a 58 09 93 fa 53 6b c3	1746085128.532878586
5161	0xa5fc	29	fc a5 7d ca 00 00 00 00 40 03	1746085128.532878681
5162	0x300	44	00 03 5a 58 09 93 fa 53 7b 8a	1746085128.533550976
5163	0xa5fc	29	fc a5 7d c7 00 00 00 00 a0 68	1746085128.561083117
5164	0x900	44	00 09 a5 00 3c c6 46 00 00 12	1746085128.660141765
5165	0x300	47	00 03 5a 58 09 63 61 10 65 b0	1746085128.689071033
5166	0xa5fc	29	fc a5 7d 3d 01 00 00 00 70 42	1746085128.785809138
5167	0x300	46	00 03 5a 58 09 93 fa 53 6b cb	1746085128.937115535
5168	0x5afc	49	fc 5a 78 9c ab 35 15 bd c2 c4	1746085129.121033901
5169	0xa5fc	29	fc a5 7d 3c 01 00 00 00 40 29	1746085129.44992218
5170	0x900	52	00 09 5a 78 9c 63 b0 3d e6 c6	1746085129.669650958
5171	0x300	78	00 03 5a 58 09 93 fa 53 bb 81	1746085129.671780524
5172	0x300	41	00 03 5a 58 09 93 fa 53 7b 8a	1746085129.689976918
5173	0x1500	18	00 15 a5 00 3d 8b c8 00 00 00	1746085129.706073787
5174	0xa5fc	29	fc a5 7d c7 00 00 00 00 70 69	1746085129.724580048
5175	0xa5fc	29	fc a5 7d c7 00 00 00 00 70 69	1746085129.962398662
5176	0x5afc	49	fc 5a 78 9c ab 35 17 bd c2 c4	1746085130.129116002
5177	0xa5fc	29	fc a5 7d 3d 01 00 00 00 d0 42	1746085130.205968455
5178	0xa5fc	29	fc a5 7d 3d 01 00 00 00 d0 42	1746085130.371254562
5179	0x700	27	00 07 5a 78 9c 73 59 c2 c0 c0	1746085130.606245078
5180	0x800	33	00 08 5a 58 09 73 59 c2 c0 c0	1746085130.628644065
5181	0x300	44	00 03 5a 58 09 93 fa 53 bb 81	1746085130.664440819
5182	0x900	27	00 09 a5 00 3e c6 46 00 00 37	1746085130.689948784
5183	0x1500	18	00 15 a5 00 3e da 72 00 00 00	1746085130.721469408
5184	0xa5fc	29	fc a5 7d c9 00 00 00 00 60 58	1746085130.753943512
5185	0xa5fc	29	fc a5 7d b0 00 00 00 00 f0 45	1746085130.81840246
5186	0x300	69	00 03 5a 58 09 93 fa 53 bb 81	1746085130.850766698
5187	0xa5fc	29	fc a5 7d 3c 01 00 00 00 b0 2f	1746085130.882229527
5188	0x300	59	00 03 a5 1a fc 7d 3c 01 00 00	1746085130.979469358
5189	0xa5fc	29	fc a5 7d c9 00 00 00 00 70 57	1746085131.010911737
5190	0x300	43	00 03 5a 58 09 93 fa 53 7b 8a	1746085131.109159557
5191	0xa5fc	29	fc a5 7d c7 00 00 00 00 70 6a	1746085131.140289352
5192	0x5afc	49	fc 5a 78 9c ab b5 10 bd c2 c4	1746085131.149873635
5193	0x300	63	00 03 5a 58 09 93 fa 53 7b 9c	1746085131.295564466
5194	0xa5fc	29	fc a5 7d 3d 01 00 00 00 20 43	1746085131.599661166
5195	0x300	44	00 03 5a 58 09 93 fa 53 7b 92	1746085131.599733161
5196	0xa5fc	29	fc a5 7d c9 00 00 00 00 40 57	1746085131.599733347
5197	0x300	46	00 03 5a 58 09 93 fa 53 6b cb	1746085131.5997335
5198	0x900	27	00 09 a5 00 3f c6 46 00 00 37	1746085131.678006936
5199	0x1500	18	00 15 a5 00 3f ea e4 00 00 00	1746085131.70520927
5200	0x600	18	00 06 04 96 00 00 00 00 00 00	1746085131.792728601
5201	0xa5fc	29	fc a5 7d b0 00 00 00 00 30 45	1746085131.834890397
5202	0xa5fc	29	fc a5 7d b0 00 00 00 00 30 45	1746085131.866212479
5203	0xa5fc	29	fc a5 7d 3c 01 00 00 00 90 34	1746085131.962900827
5204	0x300	65	00 03 5a 58 09 93 fa 53 6b c3	1746085132.015216321
5205	0x5afc	49	fc 5a 78 9c ab b5 14 bd c2 c4	1746085132.159568234
5206	0xa5fc	29	fc a5 7d c7 00 00 00 00 50 6b	1746085132.316498209
5207	0x300	44	00 03 5a 58 09 93 fa 53 7b 8a	1746085132.41471089
5208	0x300	42	00 03 5a 58 09 93 fa 53 7b 9c	1746085132.447068012
5209	0xa5fc	29	fc a5 7d 9d 00 00 00 00 c0 3d	1746085132.529359189
